Org8Codefy,LEANumCode,Org8Code,DistName,fy,distfoundenro,distfoundbudget,distrlc,disttargaidpct,c70aid,foundaidinc,rqdnss
000000002007,999,00000000,State,2007,"951,287","8,014,672,861","4,876,428,772",41.00,"3,505,192,039","149,125,333","8,381,620,811"
000000002008,999,00000000,State,2008,"949,580","8,406,096,436","4,997,705,374",41.00,"3,725,343,327","150,095,586","8,723,048,701"
000000002009,999,00000000,State,2009,"944,224","8,811,314,229","5,110,365,426",41.00,"3,948,496,062","167,502,862","9,058,861,488"
000000002010,999,00000000,State,2010,"940,985","9,088,557,473","5,250,106,061",41.00,"3,869,526,145",0,"9,119,632,206"
000000002011,999,00000000,State,2011,"938,333","8,921,047,970","5,302,267,226",41.00,"3,850,884,455","47,277,791","9,153,151,681"
000000002012,999,00000000,State,2012,"937,307","9,119,340,580","5,413,602,268",41.00,"3,990,504,093","119,065,466","9,404,106,361"
000000002013,999,00000000,State,2013,"934,763","9,467,117,141","5,582,113,529",41.00,"4,170,771,302","145,462,393","9,752,884,831"
000000002014,999,00000000,State,2014,"938,083","9,711,217,585","5,748,475,145",41.00,"4,300,854,366","100,592,353","10,049,329,511"
000000002015,999,00000000,State,2015,"940,831","9,866,011,313","5,817,618,237",41.00,"4,400,335,962","73,483,129","10,217,954,199"
000000002016,999,00000000,State,2016,"942,120","10,090,177,272","5,943,909,029",41.00,"4,511,521,974","96,588,107","10,455,431,003"
000000002017,999,00000000,State,2017,"940,103","10,128,238,383","5,926,185,567",41.00,"4,627,705,061","72,393,978","10,553,890,628"
000000002018,999,00000000,State,2018,"941,303","10,379,173,843","6,046,916,786",41.00,"4,745,645,156","90,192,516","10,792,561,942"
000000002019,999,00000000,State,2019,"941,411","10,777,588,551","6,246,842,886",41.00,"4,906,614,766","147,686,900","11,153,457,652"
000000002020,999,00000000,State,2020,"939,683","11,359,048,512","6,513,607,368",41.00,"5,175,694,094","256,012,384","11,689,301,462"
000000002021,999,00000000,State,2021,"938,085","11,626,531,095","6,705,321,561",41.00,"5,283,343,073","106,795,442","11,988,664,634"
000000002022,999,00000000,State,2022,"907,506","11,926,225,792","6,827,673,657",41.00,"5,502,959,667","199,286,644","12,330,633,324"
000100002007,1,00010000,Abington,2007,"2,312","17,243,088","10,835,090",39.36,"7,152,781",0,"17,987,871"
000100002008,1,00010000,Abington,2008,"2,299","18,063,556","11,492,886",36.08,"7,448,806",0,"18,941,692"
000100002009,1,00010000,Abington,2009,"2,288","19,020,902","11,903,143",37.58,"7,808,577",0,"19,711,720"
000100002010,1,00010000,Abington,2010,"2,261","19,474,319","12,084,604",38.28,"7,652,405",0,"19,737,009"
000100002011,1,00010000,Abington,2011,"2,156","18,226,050","11,741,657",36.33,"7,205,352",0,"18,947,009"
000100002012,1,00010000,Abington,2012,"2,000","17,359,609","12,056,554",31.92,"7,244,034",0,"19,300,588"
000100002013,1,00010000,Abington,2013,"1,996","18,273,060","12,498,017",32.84,"7,324,394",0,"19,822,411"
000100002014,1,00010000,Abington,2014,"2,008","18,967,493","13,020,494",34.23,"7,374,594",0,"20,395,088"
000100002015,1,00010000,Abington,2015,"1,952","18,287,522","12,943,494",31.44,"7,423,394",0,"20,366,888"
000100002016,1,00010000,Abington,2016,"1,955","18,870,910","13,029,356",33.51,"7,472,269",0,"20,501,625"
000100002017,1,00010000,Abington,2017,"1,956","19,481,152","12,843,377",34.64,"7,579,849",0,"20,423,226"
000100002018,1,00010000,Abington,2018,"1,930","19,699,144","12,922,903",34.75,"7,637,749",0,"20,560,652"
000100002019,1,00010000,Abington,2019,"2,024","21,515,960","13,701,008",36.32,"7,816,931","177,203","21,517,939"
000100002020,1,00010000,Abington,2020,"2,105","23,388,477","14,463,601",36.63,"8,933,994","1,107,945","23,397,595"
000100002021,1,00010000,Abington,2021,"2,197","25,332,547","15,287,069",39.65,"10,045,478","1,111,484","25,332,547"
000100002022,1,00010000,Abington,2022,"2,193","26,529,796","15,771,170",39.60,"10,858,340","713,148","26,629,510"
000200002007,2,00020000,Acton,2007,"2,403","17,472,327","14,258,025",28.62,"3,214,302","490,588","17,472,327"
000200002008,2,00020000,Acton,2008,"2,411","18,387,598","14,103,803",31.01,"4,283,795","1,069,493","18,387,598"
000200002009,2,00020000,Acton,2009,"2,416","19,355,313","14,127,172",31.57,"5,228,141","944,346","19,355,313"
000200002010,2,00020000,Acton,2010,"2,380","19,717,634","14,236,925",30.87,"5,123,578",0,"19,360,503"
000200002011,2,00020000,Acton,2011,"2,424","19,649,105","14,516,319",29.52,"5,160,527",0,"19,676,846"
000200002012,2,00020000,Acton,2012,"2,376","19,614,093","14,543,128",28.79,"5,188,231",0,"19,731,359"
000200002013,2,00020000,Acton,2013,"2,342","20,151,482","14,761,130",29.67,"5,537,500","202,121","20,298,630"
000200002014,2,00020000,Acton,2014,"2,341","20,527,704","15,127,406",26.39,"5,596,025",0,"20,723,431"
000200002015,2,00020000,Acton,2015,0,0,0,26.69,0,0,0
000200002016,2,00020000,Acton,2016,0,0,0,22.66,0,0,0
000200002017,2,00020000,Acton,2017,0,0,0,24.47,0,0,0
000200002018,2,00020000,Acton,2018,0,0,0,22.12,0,0,0
000200002019,2,00020000,Acton,2019,0,0,0,22.70,0,0,0
000200002020,2,00020000,Acton,2020,0,0,0,17.61,0,0,0
000200002021,2,00020000,Acton,2021,0,0,0,20.34,0,0,0
000200002022,2,00020000,Acton,2022,0,0,0,19.53,0,0,0
000300002007,3,00030000,Acushnet,2007,"1,469","10,925,644","5,021,780",51.09,"6,138,021",0,"11,159,801"
000300002008,3,00030000,Acushnet,2008,"1,378","10,761,756","5,158,813",47.04,"6,206,921",0,"11,365,734"
000300002009,3,00030000,Acushnet,2009,"1,371","11,395,407","5,414,309",47.91,"6,510,503",0,"11,924,812"
000300002010,3,00030000,Acushnet,2010,"1,312","11,223,342","5,326,164",46.59,"6,380,293",0,"11,706,457"
000300002011,3,00030000,Acushnet,2011,"1,230","10,323,398","5,401,579",43.73,"6,007,556",0,"11,409,135"
000300002012,3,00030000,Acushnet,2012,"1,223","10,560,495","5,591,539",43.97,"6,039,807",0,"11,631,346"
000300002013,3,00030000,Acushnet,2013,"1,213","10,945,583","5,840,331",43.14,"6,088,327",0,"11,928,658"
000300002014,3,00030000,Acushnet,2014,"1,222","11,227,245","6,098,928",43.80,"6,118,877",0,"12,217,805"
000300002015,3,00030000,Acushnet,2015,"1,251","11,538,501","6,393,318",44.12,"6,150,152",0,"12,543,470"
000300002016,3,00030000,Acushnet,2016,"1,244","11,701,370","6,720,092",42.66,"6,181,252",0,"12,901,344"
000300002017,3,00030000,Acushnet,2017,"1,254","11,862,468","6,851,396",42.51,"6,250,222",0,"13,101,618"
000300002018,3,00030000,Acushnet,2018,"1,210","11,736,546","6,867,294",41.83,"6,286,522",0,"13,153,816"
000300002019,3,00030000,Acushnet,2019,"1,227","12,395,985","7,125,126",42.52,"6,323,332",0,"13,448,458"
000300002020,3,00030000,Acushnet,2020,"1,272","13,443,441","7,498,601",43.00,"6,361,492",0,"13,860,093"
000300002021,3,00030000,Acushnet,2021,"1,292","13,990,413","7,889,510",43.46,"6,361,492",0,"14,251,002"
000300002022,3,00030000,Acushnet,2022,"1,207","13,489,100","7,882,117",41.57,"6,397,702",0,"14,279,819"
000400002007,4,00040000,Adams,2007,0,0,0,68.08,0,0,0
000400002008,4,00040000,Adams,2008,0,0,0,69.67,0,0,0
000400002009,4,00040000,Adams,2009,1,"11,943","2,802",69.13,"9,141","9,141","11,943"
000400002010,4,00040000,Adams,2010,1,"12,307","3,310",68.72,"8,958",0,"12,268"
000400002011,4,00040000,Adams,2011,0,0,0,68.75,0,0,0
000400002012,4,00040000,Adams,2012,0,0,0,65.92,0,0,0
000400002013,4,00040000,Adams,2013,1,"12,697","3,609",66.55,"9,088","9,088","12,697"
000400002014,4,00040000,Adams,2014,0,0,0,65.45,0,0,0
000400002015,4,00040000,Adams,2015,0,0,0,65.38,0,0,0
000400002016,4,00040000,Adams,2016,0,0,0,66.37,0,0,0
000400002017,4,00040000,Adams,2017,0,0,0,67.44,0,0,0
000400002018,4,00040000,Adams,2018,0,0,0,67.26,0,0,0
000400002019,4,00040000,Adams,2019,0,0,0,66.28,0,0,0
000400002020,4,00040000,Adams,2020,0,0,0,66.45,0,0,0
000400002021,4,00040000,Adams,2021,0,0,0,65.64,0,0,0
000400002022,4,00040000,Adams,2022,0,0,0,66.99,0,0,0
000500002007,5,00050000,Agawam,2007,"4,403","34,566,079","22,041,666",48.67,"12,524,413","1,698,315","34,566,079"
000500002008,5,00050000,Agawam,2008,"4,368","35,551,346","21,602,566",49.34,"14,029,399","1,424,367","35,631,965"
000500002009,5,00050000,Agawam,2009,"4,358","37,698,377","21,211,830",50.43,"16,486,547","2,457,148","37,698,377"
000500002010,5,00050000,Agawam,2010,"4,327","38,739,894","21,200,429",49.41,"16,156,816",0,"37,357,245"
000500002011,5,00050000,Agawam,2011,"4,277","37,851,740","20,906,343",49.83,"16,620,258","107,511","37,526,601"
000500002012,5,00050000,Agawam,2012,"4,230","38,691,316","21,196,318",48.55,"17,494,998","785,515","38,691,316"
000500002013,5,00050000,Agawam,2013,"4,195","40,065,479","21,799,451",48.24,"18,531,418","771,030","40,330,869"
000500002014,5,00050000,Agawam,2014,"4,087","39,705,690","22,317,126",46.61,"18,633,593",0,"40,950,719"
000500002015,5,00050000,Agawam,2015,"4,051","40,513,463","22,228,633",47.36,"18,827,347",0,"41,055,980"
000500002016,5,00050000,Agawam,2016,"4,013","40,806,968","22,728,531",45.51,"18,927,672",0,"41,656,203"
000500002017,5,00050000,Agawam,2017,"3,842","39,809,444","22,702,754",43.46,"19,138,982",0,"41,841,736"
000500002018,5,00050000,Agawam,2018,"3,831","40,549,530","22,135,293",46.07,"19,253,912",0,"41,389,205"
000500002019,5,00050000,Agawam,2019,"3,773","41,326,070","22,474,431",45.62,"19,367,102",0,"41,841,533"
000500002020,5,00050000,Agawam,2020,"3,677","42,227,451","22,951,211",45.65,"19,477,412",0,"42,428,623"
000500002021,5,00050000,Agawam,2021,"3,623","42,427,490","23,256,462",45.05,"19,477,412",0,"42,733,874"
000500002022,5,00050000,Agawam,2022,"3,516","42,850,725","23,421,246",45.34,"19,949,538",0,"43,370,784"
000600002007,6,00060000,Alford,2007,0,0,0,17.50,0,0,0
000600002008,6,00060000,Alford,2008,0,0,0,17.50,0,0,0
000600002009,6,00060000,Alford,2009,0,0,0,17.50,0,0,0
000600002010,6,00060000,Alford,2010,0,0,0,17.50,0,0,0
000600002011,6,00060000,Alford,2011,0,0,0,17.50,0,0,0
000600002012,6,00060000,Alford,2012,0,0,0,17.50,0,0,0
000600002013,6,00060000,Alford,2013,0,0,0,17.50,0,0,0
000600002014,6,00060000,Alford,2014,0,0,0,17.50,0,0,0
000600002015,6,00060000,Alford,2015,0,0,0,17.50,0,0,0
000600002016,6,00060000,Alford,2016,0,0,0,17.50,0,0,0
000600002017,6,00060000,Alford,2017,0,0,0,17.50,0,0,0
000600002018,6,00060000,Alford,2018,0,0,0,17.50,0,0,0
000600002019,6,00060000,Alford,2019,0,0,0,17.50,0,0,0
000600002020,6,00060000,Alford,2020,0,0,0,17.50,0,0,0
000600002021,6,00060000,Alford,2021,0,0,0,17.50,0,0,0
000600002022,6,00060000,Alford,2022,0,0,0,17.50,0,0,0
000700002007,7,00070000,Amesbury,2007,"2,557","19,548,537","12,809,091",42.52,"8,583,727",0,"21,392,818"
000700002008,7,00070000,Amesbury,2008,"2,462","19,781,530","13,167,547",38.76,"8,706,827",0,"21,874,374"
000700002009,7,00070000,Amesbury,2009,"2,458","20,756,560","13,536,773",38.19,"9,079,191",0,"22,615,964"
000700002010,7,00070000,Amesbury,2010,"2,411","21,190,912","13,555,005",38.23,"8,897,607",0,"22,452,612"
000700002011,7,00070000,Amesbury,2011,"2,443","21,216,915","13,646,574",38.74,"8,377,810",0,"22,024,384"
000700002012,7,00070000,Amesbury,2012,"2,412","21,437,479","13,871,392",38.61,"8,422,786",0,"22,294,178"
000700002013,7,00070000,Amesbury,2013,"2,362","21,788,086","14,228,051",37.08,"8,517,266",0,"22,745,317"
000700002014,7,00070000,Amesbury,2014,"2,407","22,520,782","14,645,774",38.36,"8,577,441",0,"23,223,215"
000700002015,7,00070000,Amesbury,2015,"2,440","23,277,124","14,710,835",39.00,"8,807,407",0,"23,518,242"
000700002016,7,00070000,Amesbury,2016,"2,394","23,284,051","14,749,359",39.00,"8,867,257",0,"23,616,616"
000700002017,7,00070000,Amesbury,2017,"2,324","22,775,372","14,489,823",36.91,"8,995,077",0,"23,484,900"
000700002018,7,00070000,Amesbury,2018,"2,217","22,137,199","14,640,237",34.17,"9,061,587",0,"23,701,824"
000700002019,7,00070000,Amesbury,2019,"2,198","22,830,750","15,155,898",33.62,"9,127,527",0,"24,283,425"
000700002020,7,00070000,Amesbury,2020,"2,112","22,996,253","15,621,860",30.55,"9,190,887",0,"24,812,747"
000700002021,7,00070000,Amesbury,2021,"2,036","22,553,275","16,118,764",26.05,"9,190,887",0,"25,309,651"
000700002022,7,00070000,Amesbury,2022,"1,930","22,473,929","16,512,866",21.81,"9,248,787",0,"25,761,653"
000800002007,8,00080000,Amherst,2007,"1,459","11,497,554","5,563,556",43.34,"5,933,998","361,211","11,497,554"
000800002008,8,00080000,Amherst,2008,"1,443","11,950,171","5,791,375",40.06,"6,158,796","224,798","11,950,171"
000800002009,8,00080000,Amherst,2009,"1,398","12,240,957","6,176,229",37.11,"6,266,707",0,"12,442,936"
000800002010,8,00080000,Amherst,2010,"1,405","12,789,869","8,287,309",35.20,"6,141,373",0,"14,428,682"
000800002011,8,00080000,Amherst,2011,"1,356","12,104,977","8,244,892",35.72,"5,782,594",0,"14,027,486"
000800002012,8,00080000,Amherst,2012,"1,279","11,778,216","8,330,699",32.02,"5,813,638",0,"14,144,337"
000800002013,8,00080000,Amherst,2013,"1,269","12,123,554","8,560,597",32.46,"5,864,398",0,"14,424,995"
000800002014,8,00080000,Amherst,2014,"1,227","11,999,014","8,782,052",30.08,"5,895,073",0,"14,677,125"
000800002015,8,00080000,Amherst,2015,"1,205","11,927,370","8,808,278",28.57,"5,925,198",0,"14,733,476"
000800002016,8,00080000,Amherst,2016,"1,192","12,222,179","9,033,626",26.53,"5,954,998",0,"14,988,624"
000800002017,8,00080000,Amherst,2017,"1,199","12,153,334","9,054,116",26.02,"6,020,943",0,"15,075,059"
000800002018,8,00080000,Amherst,2018,"1,136","11,871,248","8,817,279",26.15,"6,055,023",0,"14,872,302"
000800002019,8,00080000,Amherst,2019,"1,106","11,969,353","8,946,746",25.25,"6,088,203",0,"15,034,949"
000800002020,8,00080000,Amherst,2020,"1,134","12,803,971","9,508,882",25.49,"6,122,223",0,"15,631,105"
000800002021,8,00080000,Amherst,2021,"1,097","12,512,135","9,645,618",22.91,"6,122,223",0,"15,767,841"
000800002022,8,00080000,Amherst,2022,"1,045","12,765,298","9,889,673",22.53,"6,153,573",0,"16,043,246"
000900002007,9,00090000,Andover,2007,"5,880","45,421,093","43,984,801",17.50,"6,105,826",0,"50,090,627"
000900002008,9,00090000,Andover,2008,"5,865","47,430,802","44,443,293",17.50,"6,764,195",0,"51,207,488"
000900002009,9,00090000,Andover,2009,"5,944","50,839,208","44,963,510",17.50,"7,467,975",0,"52,431,485"
000900002010,9,00090000,Andover,2010,"5,994","52,920,928","46,055,668",17.50,"7,318,616",0,"53,374,284"
000900002011,9,00090000,Andover,2011,"6,054","52,465,302","46,239,193",17.50,"6,891,063",0,"53,130,256"
000900002012,9,00090000,Andover,2012,"6,050","53,641,153","47,162,432",17.50,"6,928,057",0,"54,090,489"
000900002013,9,00090000,Andover,2013,"6,073","55,867,174","48,525,635",17.50,"7,950,343","413,482","56,475,978"
000900002014,9,00090000,Andover,2014,"6,106","57,208,568","49,906,105",17.50,"8,465,632",0,"58,371,737"
000900002015,9,00090000,Andover,2015,"5,998","56,905,481","49,453,903",17.50,"9,042,864",0,"58,496,767"
000900002016,9,00090000,Andover,2016,"5,950","57,593,755","49,454,967",17.50,"9,191,614",0,"58,646,581"
000900002017,9,00090000,Andover,2017,"5,980","58,523,208","48,754,974",17.50,"9,768,234","576,620","58,523,208"
000900002018,9,00090000,Andover,2018,"5,911","59,213,764","49,146,929",17.50,"10,066,835","298,601","59,213,764"
000900002019,9,00090000,Andover,2019,"5,805","60,546,641","49,950,979",17.50,"10,595,662","528,827","60,546,641"
000900002020,9,00090000,Andover,2020,"5,835","63,835,636","52,178,457",17.50,"11,668,291","1,061,517","63,846,748"
000900002021,9,00090000,Andover,2021,"5,740","64,237,435","52,995,883",17.50,"11,668,291",0,"64,664,174"
000900002022,9,00090000,Andover,2022,"5,628","64,739,542","53,410,123",17.50,"11,837,131",0,"65,247,254"
001000002007,10,00100000,Arlington,2007,"4,459","34,791,437","30,151,702",17.50,"5,592,670",0,"35,744,372"
001000002008,10,00100000,Arlington,2008,"4,429","35,888,203","30,613,441",17.50,"5,814,120",0,"36,427,561"
001000002009,10,00100000,Arlington,2009,"4,469","38,070,505","31,841,211",17.50,"6,229,294","415,174","38,070,505"
001000002010,10,00100000,Arlington,2010,"4,570","40,248,798","33,205,258",17.50,"6,104,708",0,"39,309,966"
001000002011,10,00100000,Arlington,2011,"4,602","39,642,106","33,491,571",17.50,"6,632,057",0,"40,123,628"
001000002012,10,00100000,Arlington,2012,"4,713","41,361,536","34,480,956",17.50,"6,880,580","212,919","41,361,536"
001000002013,10,00100000,Arlington,2013,"4,772","43,488,849","35,379,353",17.50,"8,109,496","1,228,916","43,488,849"
001000002014,10,00100000,Arlington,2014,"5,021","46,406,615","36,357,635",17.50,"10,048,980","1,939,484","46,406,615"
001000002015,10,00100000,Arlington,2015,"5,141","47,819,420","37,584,838",17.50,"10,234,582","185,602","47,819,420"
001000002016,10,00100000,Arlington,2016,"5,318","50,290,292","39,574,733",17.50,"10,715,559","480,977","50,290,292"
001000002017,10,00100000,Arlington,2017,"5,402","51,156,060","41,761,139",17.50,"11,012,669",0,"52,773,808"
001000002018,10,00100000,Arlington,2018,"5,607","54,501,494","43,805,119",17.50,"11,180,879",0,"54,985,998"
001000002019,10,00100000,Arlington,2019,"5,785","58,002,941","46,237,018",17.50,"11,765,923","585,044","58,002,941"
001000002020,10,00100000,Arlington,2020,"5,980","62,294,073","48,330,137",17.50,"13,979,327","2,198,013","62,309,464"
001000002021,10,00100000,Arlington,2021,"6,092","64,895,656","50,343,449",17.50,"14,566,028","572,880","64,909,477"
001000002022,10,00100000,Arlington,2022,"5,836","64,412,506","51,220,285",17.50,"14,741,108",0,"65,961,393"
001100002007,11,00110000,Ashburnham,2007,0,0,0,53.35,0,0,0
001100002008,11,00110000,Ashburnham,2008,0,0,0,53.22,0,0,0
001100002009,11,00110000,Ashburnham,2009,0,0,0,52.12,0,0,0
001100002010,11,00110000,Ashburnham,2010,0,0,0,53.26,0,0,0
001100002011,11,00110000,Ashburnham,2011,1,"12,036","5,767",53.38,"6,269","6,269","12,036"
001100002012,11,00110000,Ashburnham,2012,0,0,0,52.33,0,0,0
001100002013,11,00110000,Ashburnham,2013,0,0,0,51.62,0,0,0
001100002014,11,00110000,Ashburnham,2014,0,0,0,52.17,0,0,0
001100002015,11,00110000,Ashburnham,2015,0,0,0,53.81,0,0,0
001100002016,11,00110000,Ashburnham,2016,0,0,0,55.82,0,0,0
001100002017,11,00110000,Ashburnham,2017,0,0,0,55.36,0,0,0
001100002018,11,00110000,Ashburnham,2018,0,0,0,55.62,0,0,0
001100002019,11,00110000,Ashburnham,2019,0,0,0,55.59,0,0,0
001100002020,11,00110000,Ashburnham,2020,0,0,0,52.99,0,0,0
001100002021,11,00110000,Ashburnham,2021,0,0,0,54.84,0,0,0
001100002022,11,00110000,Ashburnham,2022,0,0,0,52.42,0,0,0
001200002007,12,00120000,Ashby,2007,1,"10,850","3,784",58.07,"7,066","7,066","10,850"
001200002008,12,00120000,Ashby,2008,0,0,0,55.11,0,0,0
001200002009,12,00120000,Ashby,2009,0,0,0,54.66,0,0,0
001200002010,12,00120000,Ashby,2010,0,0,0,53.66,0,0,0
001200002011,12,00120000,Ashby,2011,3,"36,107","17,602",53.31,"18,505","18,505","36,107"
001200002012,12,00120000,Ashby,2012,0,0,0,52.26,0,0,0
001200002013,12,00120000,Ashby,2013,0,0,0,50.42,0,0,0
001200002014,12,00120000,Ashby,2014,0,0,0,52.04,0,0,0
001200002015,12,00120000,Ashby,2015,0,0,0,49.38,0,0,0
001200002016,12,00120000,Ashby,2016,0,0,0,47.77,0,0,0
001200002017,12,00120000,Ashby,2017,0,0,0,45.98,0,0,0
001200002018,12,00120000,Ashby,2018,0,0,0,47.09,0,0,0
001200002019,12,00120000,Ashby,2019,0,0,0,41.24,0,0,0
001200002020,12,00120000,Ashby,2020,0,0,0,40.84,0,0,0
001200002021,12,00120000,Ashby,2021,0,0,0,39.61,0,0,0
001200002022,12,00120000,Ashby,2022,0,0,0,40.17,0,0,0
001300002007,13,00130000,Ashfield,2007,9,"97,647","58,472",50.37,"71,328",0,"129,800"
001300002008,13,00130000,Ashfield,2008,12,"158,055","93,913",45.38,"98,741",0,"192,654"
001300002009,13,00130000,Ashfield,2009,11,"154,299","98,640",38.44,"99,291",0,"197,931"
001300002010,13,00130000,Ashfield,2010,12,"171,297","113,319",35.97,"97,305",0,"210,624"
001300002011,13,00130000,Ashfield,2011,17,"227,707","147,698",38.38,"93,413",0,"241,111"
001300002012,13,00130000,Ashfield,2012,18,"244,011","163,790",35.92,"93,413",0,"257,203"
001300002013,13,00130000,Ashfield,2013,19,"265,615","185,836",31.45,"93,413",0,"279,249"
001300002014,13,00130000,Ashfield,2014,14,"205,262","160,515",23.13,"93,413",0,"253,928"
001300002015,13,00130000,Ashfield,2015,14,"207,027","168,768",20.13,"93,413",0,"262,181"
001300002016,13,00130000,Ashfield,2016,19,"276,132","227,950",17.80,"93,413",0,"321,363"
001300002017,13,00130000,Ashfield,2017,16,"236,011","187,511",21.26,"93,413",0,"280,924"
001300002018,13,00130000,Ashfield,2018,15,"226,884","176,931",22.82,"93,413",0,"270,344"
001300002019,13,00130000,Ashfield,2019,15,"233,862","163,542",30.07,"93,413",0,"256,955"
001300002020,13,00130000,Ashfield,2020,7,"100,603","74,854",25.59,"93,413",0,"168,267"
001300002021,13,00130000,Ashfield,2021,8,"117,262","96,741",17.50,"93,413",0,"190,154"
001300002022,13,00130000,Ashfield,2022,9,"134,575","111,024",17.50,"93,683",0,"204,707"
001400002007,14,00140000,Ashland,2007,"2,496","19,209,670","15,739,323",23.52,"3,470,347","759,901","19,209,670"
001400002008,14,00140000,Ashland,2008,"2,504","20,160,315","16,316,673",22.25,"3,843,642","373,295","20,160,315"
001400002009,14,00140000,Ashland,2009,"2,546","21,548,051","16,954,069",22.93,"4,593,982","750,340","21,548,051"
001400002010,14,00140000,Ashland,2010,"2,504","21,943,205","17,161,770",23.35,"4,502,102",0,"21,663,872"
001400002011,14,00140000,Ashland,2011,"2,509","21,499,028","17,147,082",23.41,"4,502,104",0,"21,649,186"
001400002012,14,00140000,Ashland,2012,"2,516","22,018,867","17,141,832",25.74,"4,877,035","350,762","22,018,867"
001400002013,14,00140000,Ashland,2013,"2,492","22,827,563","17,549,961",25.15,"5,393,485","400,567","22,943,446"
001400002014,14,00140000,Ashland,2014,"2,468","23,024,893","17,849,470",24.37,"5,455,185",0,"23,304,655"
001400002015,14,00140000,Ashland,2015,"2,479","23,394,153","18,210,677",23.80,"5,517,160",0,"23,727,837"
001400002016,14,00140000,Ashland,2016,"2,494","23,999,962","18,808,879",22.67,"5,579,510",0,"24,388,389"
001400002017,14,00140000,Ashland,2017,"2,575","24,958,579","19,022,776",24.19,"5,935,803","356,293","24,958,579"
001400002018,14,00140000,Ashland,2018,"2,547","24,948,346","19,465,664",22.29,"6,012,213",0,"25,477,877"
001400002019,14,00140000,Ashland,2019,"2,581","26,344,732","20,247,938",23.14,"6,115,970","84,581","26,363,908"
001400002020,14,00140000,Ashland,2020,"2,764","29,177,891","21,472,389",26.04,"7,839,520","1,589,532","29,311,909"
001400002021,14,00140000,Ashland,2021,"2,786","30,232,499","22,294,876",26.26,"7,937,623","98,103","30,232,499"
001400002022,14,00140000,Ashland,2022,"2,694","30,147,062","22,838,677",21.83,"8,018,443",0,"30,857,120"
001500002007,15,00150000,Athol,2007,0,0,0,71.29,0,0,0
001500002008,15,00150000,Athol,2008,0,0,0,70.80,0,0,0
001500002009,15,00150000,Athol,2009,0,0,0,70.73,0,0,0
001500002010,15,00150000,Athol,2010,0,0,0,68.94,0,0,0
001500002011,15,00150000,Athol,2011,0,0,0,69.46,0,0,0
001500002012,15,00150000,Athol,2012,0,0,0,69.99,0,0,0
001500002013,15,00150000,Athol,2013,0,0,0,67.98,0,0,0
001500002014,15,00150000,Athol,2014,0,0,0,68.40,0,0,0
001500002015,15,00150000,Athol,2015,0,0,0,67.83,0,0,0
001500002016,15,00150000,Athol,2016,0,0,0,70.02,0,0,0
001500002017,15,00150000,Athol,2017,2,"26,342","3,873",69.81,"22,469","22,469","26,342"
001500002018,15,00150000,Athol,2018,2,"26,834","4,106",70.27,"22,728",259,"26,834"
001500002019,15,00150000,Athol,2019,1,"13,837","2,099",71.01,"13,837",0,"15,936"
001500002020,15,00150000,Athol,2020,0,0,0,71.31,0,0,0
001500002021,15,00150000,Athol,2021,0,0,0,72.40,0,0,0
001500002022,15,00150000,Athol,2022,0,0,0,70.35,0,0,0
001600002007,16,00160000,Attleboro,2007,"6,167","51,622,675","26,137,000",48.15,"27,866,186",0,"54,003,186"
001600002008,16,00160000,Attleboro,2008,"6,079","53,454,656","27,572,010",47.08,"28,728,683",0,"56,300,693"
001600002009,16,00160000,Attleboro,2009,"6,093","56,616,897","28,727,620",48.15,"30,251,302",0,"58,978,922"
001600002010,16,00160000,Attleboro,2010,"6,093","58,918,761","28,533,080",47.78,"29,646,276",0,"58,179,356"
001600002011,16,00160000,Attleboro,2011,"6,110","57,958,272","29,329,457",48.18,"28,610,552",0,"57,940,009"
001600002012,16,00160000,Attleboro,2012,"6,068","59,072,873","30,079,922",48.06,"28,992,951","228,805","59,072,873"
001600002013,16,00160000,Attleboro,2013,"6,182","63,511,316","31,014,381",49.75,"32,496,935","3,503,984","63,511,316"
001600002014,16,00160000,Attleboro,2014,"6,242","65,997,193","31,917,394",51.40,"34,079,799","1,582,864","65,997,193"
001600002015,16,00160000,Attleboro,2015,"6,227","66,876,305","32,678,917",51.50,"34,235,474","117,589","66,914,391"
001600002016,16,00160000,Attleboro,2016,"6,292","68,325,590","33,083,184",52.72,"35,242,406","1,006,932","68,325,590"
001600002017,16,00160000,Attleboro,2017,"6,257","68,466,287","32,806,836",52.45,"35,659,451","417,045","68,466,287"
001600002018,16,00160000,Attleboro,2018,"6,251","69,495,855","33,973,326",51.15,"35,846,981",0,"69,820,307"
001600002019,16,00160000,Attleboro,2019,"6,311","72,980,819","35,206,834",51.76,"37,773,985","1,927,004","72,980,819"
001600002020,16,00160000,Attleboro,2020,"6,355","77,760,771","36,638,947",52.15,"41,121,824","3,347,839","77,760,771"
001600002021,16,00160000,Attleboro,2021,"6,383","79,207,276","38,037,529",51.98,"41,169,747","47,923","79,207,276"
001600002022,16,00160000,Attleboro,2022,"6,188","80,741,146","39,217,459",51.20,"41,523,687","353,940","80,741,146"
001700002007,17,00170000,Auburn,2007,"2,264","17,023,459","14,092,633",35.96,"4,305,255",0,"18,397,888"
001700002008,17,00170000,Auburn,2008,"2,326","18,480,215","14,055,240",37.11,"5,071,081","119,720","19,126,321"
001700002009,17,00170000,Auburn,2009,"2,346","19,659,678","13,968,259",37.15,"5,807,803","620,338","19,776,062"
001700002010,17,00170000,Auburn,2010,"2,351","20,439,500","14,187,753",39.23,"5,691,647",0,"19,879,400"
001700002011,17,00170000,Auburn,2011,"2,394","20,652,529","14,065,172",40.16,"6,460,963","585,680","20,526,135"
001700002012,17,00170000,Auburn,2012,"2,334","20,662,648","14,287,674",37.08,"6,495,648",0,"20,783,322"
001700002013,17,00170000,Auburn,2013,"2,396","22,131,024","14,570,334",41.07,"7,942,820","1,065,042","22,513,154"
001700002014,17,00170000,Auburn,2014,"2,345","22,143,760","14,877,912",39.46,"8,141,597",0,"23,019,509"
001700002015,17,00170000,Auburn,2015,"2,340","22,469,657","14,563,293",39.39,"8,389,817",0,"22,953,110"
001700002016,17,00170000,Auburn,2016,"2,343","22,643,826","14,394,734",39.17,"8,448,392",0,"22,843,126"
001700002017,17,00170000,Auburn,2017,"2,387","23,122,124","14,141,768",39.65,"8,983,238","531,964","23,125,006"
001700002018,17,00170000,Auburn,2018,"2,431","24,064,548","13,986,014",42.40,"10,078,534","1,095,296","24,064,548"
001700002019,17,00170000,Auburn,2019,"2,495","25,672,130","14,624,535",43.03,"11,066,959","969,061","25,691,494"
001700002020,17,00170000,Auburn,2020,"2,494","26,762,943","15,076,760",43.67,"11,851,108","619,224","26,927,868"
001700002021,17,00170000,Auburn,2021,"2,511","27,521,290","15,309,359",44.37,"12,211,931","360,823","27,521,290"
001700002022,17,00170000,Auburn,2022,"2,421","27,367,441","15,568,309",43.11,"12,284,561",0,"27,852,870"
001800002007,18,00180000,Avon,2007,584,"4,744,879","5,087,039",21.22,"689,890",0,"5,776,929"
001800002008,18,00180000,Avon,2008,568,"4,908,326","4,879,669",22.99,"821,450",0,"5,701,119"
001800002009,18,00180000,Avon,2009,542,"4,880,186","4,634,153",20.49,"880,355",0,"5,514,508"
001800002010,18,00180000,Avon,2010,549,"5,079,185","4,655,392",21.45,"862,748",0,"5,518,140"
001800002011,18,00180000,Avon,2011,549,"5,003,300","4,683,156",19.49,"812,346",0,"5,495,502"
001800002012,18,00180000,Avon,2012,568,"5,311,470","4,662,241",25.73,"816,707",0,"5,478,948"
001800002013,18,00180000,Avon,2013,554,"5,330,692","4,889,789",19.63,"874,134",0,"5,763,923"
001800002014,18,00180000,Avon,2014,547,"5,277,961","4,882,181",18.74,"902,873",0,"5,785,054"
001800002015,18,00180000,Avon,2015,537,"5,301,351","4,680,844",19.40,"946,829",0,"5,627,673"
001800002016,18,00180000,Avon,2016,531,"5,497,209","4,485,828",25.11,"1,011,381","64,552","5,497,209"
001800002017,18,00180000,Avon,2017,545,"5,736,312","4,321,841",26.04,"1,414,471","403,090","5,736,312"
001800002018,18,00180000,Avon,2018,538,"5,634,206","4,254,900",25.25,"1,430,611",0,"5,685,511"
001800002019,18,00180000,Avon,2019,561,"6,193,899","4,386,495",29.18,"1,807,404","376,793","6,193,899"
001800002020,18,00180000,Avon,2020,563,"6,653,932","4,537,696",31.80,"2,116,236","308,832","6,653,932"
001800002021,18,00180000,Avon,2021,586,"7,045,846","4,598,969",34.73,"2,448,769","330,641","7,047,738"
001800002022,18,00180000,Avon,2022,560,"7,016,240","4,689,958",33.16,"2,465,569",0,"7,155,527"
001900002007,19,00190000,Ayer,2007,"1,050","8,871,545","6,363,490",38.85,"3,883,672",0,"10,247,162"
001900002008,19,00190000,Ayer,2008,"1,068","9,386,274","6,352,709",41.10,"4,095,225",0,"10,447,934"
001900002009,19,00190000,Ayer,2009,"1,054","9,764,442","6,347,229",41.77,"4,253,186",0,"10,600,415"
001900002010,19,00190000,Ayer,2010,"1,052","10,086,780","6,445,455",40.99,"4,168,122",0,"10,613,577"
001900002011,19,00190000,Ayer,2011,"1,066","10,181,600","6,424,026",42.79,"3,924,620",0,"10,348,646"
001900002012,19,00190000,Ayer,2012,55,"769,484","504,740",39.72,"264,744","9,589","769,484"
001900002013,19,00190000,Ayer,2013,62,"890,868","557,301",40.46,"333,567","68,823","890,868"
001900002014,19,00190000,Ayer,2014,0,0,0,38.83,0,0,0
001900002015,19,00190000,Ayer,2015,0,0,0,38.14,0,0,0
001900002016,19,00190000,Ayer,2016,0,0,0,36.73,0,0,0
001900002017,19,00190000,Ayer,2017,0,0,0,33.47,0,0,0
001900002018,19,00190000,Ayer,2018,0,0,0,32.55,0,0,0
001900002019,19,00190000,Ayer,2019,0,0,0,27.65,0,0,0
001900002020,19,00190000,Ayer,2020,0,0,0,29.34,0,0,0
001900002021,19,00190000,Ayer,2021,0,0,0,28.40,0,0,0
001900002022,19,00190000,Ayer,2022,0,0,0,25.08,0,0,0
002000002007,20,00200000,Barnstable,2007,"5,980","47,204,346","46,877,880",17.50,"6,788,862",0,"53,666,742"
002000002008,20,00200000,Barnstable,2008,"5,814","48,539,834","45,893,085",17.50,"7,300,545",0,"53,193,630"
002000002009,20,00200000,Barnstable,2009,"5,706","49,407,513","45,447,325",17.50,"7,744,649",0,"53,191,974"
002000002010,20,00200000,Barnstable,2010,"5,583","50,897,965","45,599,938",17.50,"7,589,756",0,"53,189,694"
002000002011,20,00200000,Barnstable,2011,"5,492","49,664,768","44,936,193",17.50,"7,146,363",0,"52,082,556"
002000002012,20,00200000,Barnstable,2012,"5,381","49,571,418","44,732,590",17.50,"7,184,728",0,"51,917,318"
002000002013,20,00200000,Barnstable,2013,"5,429","52,647,432","46,300,239",17.50,"7,401,888",0,"53,702,127"
002000002014,20,00200000,Barnstable,2014,"5,434","53,905,631","47,284,048",17.50,"7,909,787",0,"55,193,835"
002000002015,20,00200000,Barnstable,2015,"5,423","53,870,373","46,207,751",17.50,"8,440,922",0,"54,648,673"
002000002016,20,00200000,Barnstable,2016,"5,492","55,521,660","46,784,953",17.50,"8,736,707","295,785","55,521,660"
002000002017,20,00200000,Barnstable,2017,"5,490","57,300,645","47,453,547",17.50,"9,847,098","1,110,391","57,300,645"
002000002018,20,00200000,Barnstable,2018,"5,475","58,000,135","48,045,485",17.50,"10,011,348","107,552","58,056,833"
002000002019,20,00200000,Barnstable,2019,"5,480","60,393,953","49,825,012",17.50,"10,568,941","557,593","60,393,953"
002000002020,20,00200000,Barnstable,2020,"5,444","63,524,349","51,296,149",17.50,"12,228,200","1,659,259","63,524,349"
002000002021,20,00200000,Barnstable,2021,"5,405","65,773,443","52,762,387",17.50,"13,011,056","782,856","65,773,443"
002000002022,20,00200000,Barnstable,2022,"5,147","65,238,260","53,821,564",17.50,"13,165,466",0,"66,987,030"
002100002007,21,00210000,Barre,2007,2,"21,699","7,253",66.51,"16,444",0,"23,697"
002100002008,21,00210000,Barre,2008,2,"22,711","6,521",64.89,"17,100",0,"23,621"
002100002009,21,00210000,Barre,2009,2,"23,887","7,013",64.46,"17,858",0,"24,871"
002100002010,21,00210000,Barre,2010,5,"61,533","22,041",58.65,"17,501",0,"39,542"
002100002011,21,00210000,Barre,2011,0,0,0,63.52,0,0,0
002100002012,21,00210000,Barre,2012,1,"12,250","4,767",62.52,"7,483","7,483","12,250"
002100002013,21,00210000,Barre,2013,2,"25,394","10,406",60.24,"14,988","7,505","25,394"
002100002014,21,00210000,Barre,2014,1,"12,894","5,544",59.73,"12,894",0,"18,438"
002100002015,21,00210000,Barre,2015,0,0,0,58.65,0,0,0
002100002016,21,00210000,Barre,2016,0,0,0,60.87,0,0,0
002100002017,21,00210000,Barre,2017,0,0,0,60.85,0,0,0
002100002018,21,00210000,Barre,2018,0,0,0,58.56,0,0,0
002100002019,21,00210000,Barre,2019,0,0,0,60.73,0,0,0
002100002020,21,00210000,Barre,2020,0,0,0,61.06,0,0,0
002100002021,21,00210000,Barre,2021,0,0,0,60.17,0,0,0
002100002022,21,00210000,Barre,2022,0,0,0,59.01,0,0,0
002200002007,22,00220000,Becket,2007,11,"140,168","87,604",33.22,"79,274","3,582","166,878"
002200002008,22,00220000,Becket,2008,11,"146,700","105,888",26.13,"80,981",0,"186,869"
002200002009,22,00220000,Becket,2009,8,"95,548","70,485",24.04,"81,381",0,"151,866"
002200002010,22,00220000,Becket,2010,7,"86,146","68,508",17.50,"79,753",0,"148,261"
002200002011,22,00220000,Becket,2011,11,"155,492","142,385",17.50,"76,563",0,"218,948"
002200002012,22,00220000,Becket,2012,12,"170,510","161,768",17.50,"76,563",0,"238,331"
002200002013,22,00220000,Becket,2013,16,"227,523","221,631",17.50,"76,563",0,"298,194"
002200002014,22,00220000,Becket,2014,15,"218,156","210,026",17.50,"76,563",0,"286,589"
002200002015,22,00220000,Becket,2015,17,"246,041","221,437",17.50,"76,563",0,"298,000"
002200002016,22,00220000,Becket,2016,9,"118,800","103,997",17.50,"76,563",0,"180,560"
002200002017,22,00220000,Becket,2017,11,"170,157","141,158",17.50,"76,563",0,"217,721"
002200002018,22,00220000,Becket,2018,11,"173,217","131,694",17.50,"76,563",0,"208,257"
002200002019,22,00220000,Becket,2019,13,"206,188","157,270",17.50,"76,563",0,"233,833"
002200002020,22,00220000,Becket,2020,10,"143,718","108,529",17.50,"76,563",0,"185,092"
002200002021,22,00220000,Becket,2021,11,"188,944","155,879",17.50,"76,563",0,"232,442"
002200002022,22,00220000,Becket,2022,12,"207,582","163,858",17.50,"76,923",0,"240,781"
002300002007,23,00230000,Bedford,2007,"2,369","18,847,502","20,198,035",17.50,"2,302,613",0,"22,500,648"
002300002008,23,00230000,Bedford,2008,"2,388","19,936,512","20,143,875",17.50,"2,658,496",0,"22,802,371"
002300002009,23,00230000,Bedford,2009,"2,442","21,540,316","20,229,106",17.50,"3,025,145",0,"23,254,251"
002300002010,23,00230000,Bedford,2010,"2,506","22,837,847","20,263,035",17.50,"2,964,642",0,"23,227,677"
002300002011,23,00230000,Bedford,2011,"2,507","22,281,982","20,213,672",17.50,"2,791,448",0,"23,005,120"
002300002012,23,00230000,Bedford,2012,"2,465","22,574,960","20,395,123",17.50,"2,806,434",0,"23,201,557"
002300002013,23,00230000,Bedford,2013,"2,525","24,305,160","20,957,504",20.06,"3,729,646","541,222","24,687,150"
002300002014,23,00230000,Bedford,2014,"2,579","25,381,921","21,670,472",17.50,"3,907,693",0,"25,578,165"
002300002015,23,00230000,Bedford,2015,"2,608","25,862,895","21,890,571",17.61,"4,145,009","47,787","26,035,580"
002300002016,23,00230000,Bedford,2016,"2,585","26,053,076","22,187,734",17.50,"4,209,634",0,"26,397,368"
002300002017,23,00230000,Bedford,2017,"2,596","25,950,850","21,694,256",17.50,"4,352,414","46,960","26,046,670"
002300002018,23,00230000,Bedford,2018,"2,647","26,915,525","22,291,183",17.50,"4,624,342","271,928","26,915,525"
002300002019,23,00230000,Bedford,2019,"2,661","27,912,086","23,027,471",17.50,"4,884,615","260,273","27,912,086"
002300002020,23,00230000,Bedford,2020,"2,693","29,672,258","24,098,559",17.50,"5,595,167","689,084","29,693,726"
002300002021,23,00230000,Bedford,2021,"2,707","30,502,692","25,097,492",17.50,"5,595,167",0,"30,692,659"
002300002022,23,00230000,Bedford,2022,"2,649","30,729,463","25,351,806",17.50,"5,674,637",0,"31,026,443"
002400002007,24,00240000,Belchertown,2007,"2,606","19,713,839","9,148,930",59.23,"10,564,909","1,060,125","19,713,839"
002400002008,24,00240000,Belchertown,2008,"2,605","20,636,641","9,371,626",58.21,"11,265,015","700,106","20,636,641"
002400002009,24,00240000,Belchertown,2009,"2,700","22,678,131","9,514,031",59.83,"13,164,100","1,899,085","22,678,131"
002400002010,24,00240000,Belchertown,2010,"2,720","23,575,322","9,788,345",58.78,"12,900,818",0,"22,689,163"
002400002011,24,00240000,Belchertown,2011,"2,683","22,816,368","9,964,385",57.64,"12,981,543",0,"22,945,928"
002400002012,24,00240000,Belchertown,2012,"2,687","23,483,393","10,232,132",56.55,"13,251,261","200,027","23,483,393"
002400002013,24,00240000,Belchertown,2013,"2,597","23,567,308","10,469,424",55.14,"13,355,141",0,"23,824,565"
002400002014,24,00240000,Belchertown,2014,"2,568","23,833,925","10,829,462",54.84,"13,419,341",0,"24,248,803"
002400002015,24,00240000,Belchertown,2015,"2,493","23,327,152","11,128,856",53.03,"13,481,666",0,"24,610,522"
002400002016,24,00240000,Belchertown,2016,"2,401","22,973,662","11,383,708",51.25,"13,541,691",0,"24,925,399"
002400002017,24,00240000,Belchertown,2017,"2,393","23,089,849","11,282,677",51.42,"13,673,306",0,"24,955,983"
002400002018,24,00240000,Belchertown,2018,"2,374","23,338,797","11,231,898",52.23,"13,744,526",0,"24,976,424"
002400002019,24,00240000,Belchertown,2019,"2,344","23,863,030","11,563,925",51.54,"13,814,846",0,"25,378,771"
002400002020,24,00240000,Belchertown,2020,"2,310","24,514,320","12,048,062",50.17,"13,884,146",0,"25,932,208"
002400002021,24,00240000,Belchertown,2021,"2,278","24,726,417","12,418,125",49.78,"13,884,146",0,"26,302,271"
002400002022,24,00240000,Belchertown,2022,"2,204","24,800,115","12,857,028",48.10,"13,950,266",0,"26,807,294"
002500002007,25,00250000,Bellingham,2007,"2,602","19,765,782","12,301,746",36.72,"7,877,733",0,"20,179,479"
002500002008,25,00250000,Bellingham,2008,"2,596","20,737,641","12,839,032",36.90,"8,236,349","20,876","21,075,381"
002500002009,25,00250000,Bellingham,2009,"2,562","21,635,192","13,286,678",36.17,"8,560,993","112,165","21,847,671"
002500002010,25,00250000,Bellingham,2010,"2,548","22,336,539","13,855,656",37.97,"8,389,773",0,"22,245,429"
002500002011,25,00250000,Bellingham,2011,"2,546","21,918,230","14,070,986",37.23,"7,985,431",0,"22,056,417"
002500002012,25,00250000,Bellingham,2012,"2,498","22,005,906","14,331,642",36.58,"8,028,300",0,"22,359,942"
002500002013,25,00250000,Bellingham,2013,"2,384","21,897,111","14,719,762",33.76,"8,123,660",0,"22,843,422"
002500002014,25,00250000,Bellingham,2014,"2,439","22,859,867","15,024,829",34.65,"8,184,635",0,"23,209,464"
002500002015,25,00250000,Bellingham,2015,"2,424","22,925,709","15,265,577",34.69,"8,245,235",0,"23,510,812"
002500002016,25,00250000,Bellingham,2016,"2,424","23,462,633","15,314,220",36.36,"8,305,835",0,"23,620,055"
002500002017,25,00250000,Bellingham,2017,"2,330","22,360,509","15,180,149",32.82,"8,433,985",0,"23,614,134"
002500002018,25,00250000,Bellingham,2018,"2,332","22,943,454","15,348,243",33.45,"8,503,945",0,"23,852,188"
002500002019,25,00250000,Bellingham,2019,"2,330","23,842,629","15,794,941",33.75,"8,573,845",0,"24,368,786"
002500002020,25,00250000,Bellingham,2020,"2,286","24,541,929","16,455,942",32.60,"8,642,425",0,"25,098,367"
002500002021,25,00250000,Bellingham,2021,"2,247","24,676,853","16,772,086",32.03,"8,642,425",0,"25,414,511"
002500002022,25,00250000,Bellingham,2022,"2,184","24,805,883","17,397,231",29.87,"8,707,945",0,"26,105,176"
002600002007,26,00260000,Belmont,2007,"3,536","26,906,930","25,515,369",17.50,"3,344,078",0,"28,859,447"
002600002008,26,00260000,Belmont,2008,"3,612","28,888,243","25,916,568",17.50,"3,857,487",0,"29,774,055"
002600002009,26,00260000,Belmont,2009,"3,677","31,086,767","26,482,952",17.50,"4,603,815","746,328","31,086,767"
002600002010,26,00260000,Belmont,2010,"3,856","33,630,844","27,745,446",17.50,"4,511,739",0,"32,257,185"
002600002011,26,00260000,Belmont,2011,"3,849","32,919,934","28,127,012",17.50,"5,541,573",0,"33,668,585"
002600002012,26,00260000,Belmont,2012,"3,821","33,178,103","28,699,894",17.50,"5,571,323",0,"34,271,217"
002600002013,26,00260000,Belmont,2013,"3,823","34,247,349","29,351,497",17.50,"5,724,243",0,"35,075,740"
002600002014,26,00260000,Belmont,2014,"3,933","35,925,170","30,375,090",17.50,"5,864,908",0,"36,239,998"
002600002015,26,00260000,Belmont,2015,"4,068","37,689,370","31,269,266",17.50,"6,420,104","555,196","37,689,370"
002600002016,26,00260000,Belmont,2016,"4,156","39,180,122","32,414,023",17.50,"6,766,099","345,995","39,180,122"
002600002017,26,00260000,Belmont,2017,"4,257","40,728,661","33,616,892",17.50,"7,111,769","345,670","40,728,661"
002600002018,26,00260000,Belmont,2018,"4,355","42,643,515","34,843,282",17.50,"7,800,233","688,464","42,643,515"
002600002019,26,00260000,Belmont,2019,"4,488","45,512,607","36,735,671",17.50,"9,036,713","976,703","45,772,384"
002600002020,26,00260000,Belmont,2020,"4,517","47,857,221","38,364,680",17.50,"9,519,647","455,828","47,884,327"
002600002021,26,00260000,Belmont,2021,"4,638","50,418,108","40,662,179",17.50,"9,755,929","117,987","50,418,108"
002600002022,26,00260000,Belmont,2022,"4,534","50,694,465","40,824,828",17.50,"9,891,949","113,708","50,716,777"
002700002007,27,00270000,Berkley,2007,"1,124","8,272,940","3,113,070",53.82,"5,258,969","239,439","8,372,039"
002700002008,27,00270000,Berkley,2008,"1,113","8,560,781","3,328,896",50.94,"5,405,595",0,"8,734,491"
002700002009,27,00270000,Berkley,2009,"1,085","8,827,171","3,585,871",49.39,"5,537,165",0,"9,123,036"
002700002010,27,00270000,Berkley,2010,"1,078","9,064,947","3,849,845",50.46,"5,426,422",0,"9,276,267"
002700002011,27,00270000,Berkley,2011,"1,045","8,665,044","4,035,145",48.52,"5,109,411",0,"9,144,556"
002700002012,27,00270000,Berkley,2012,805,"6,692,982","3,181,543",47.91,"3,805,913",0,"6,987,456"
002700002013,27,00270000,Berkley,2013,790,"6,718,785","3,109,727",48.73,"3,837,513",0,"6,947,240"
002700002014,27,00270000,Berkley,2014,758,"6,637,700","3,087,420",48.92,"3,856,463",0,"6,943,883"
002700002015,27,00270000,Berkley,2015,742,"6,578,225","3,202,757",47.50,"3,875,013",0,"7,077,770"
002700002016,27,00270000,Berkley,2016,723,"6,569,709","3,390,355",45.69,"3,893,088",0,"7,283,443"
002700002017,27,00270000,Berkley,2017,752,"6,930,347","3,591,123",47.36,"3,934,448",0,"7,525,571"
002700002018,27,00270000,Berkley,2018,784,"7,359,719","3,696,563",49.97,"3,957,968",0,"7,654,531"
002700002019,27,00270000,Berkley,2019,774,"7,541,762","3,837,447",49.12,"3,981,188",0,"7,818,635"
002700002020,27,00270000,Berkley,2020,742,"7,578,024","3,944,412",45.61,"4,003,448",0,"7,947,860"
002700002021,27,00270000,Berkley,2021,764,"8,014,902","4,170,576",46.87,"4,003,448",0,"8,174,024"
002700002022,27,00270000,Berkley,2022,733,"7,950,532","4,249,272",46.49,"4,025,438",0,"8,274,710"
002800002007,28,00280000,Berlin,2007,221,"1,574,410","1,380,034",17.50,"518,928",0,"1,898,962"
002800002008,28,00280000,Berlin,2008,204,"1,531,632","1,426,621",17.50,"529,128",0,"1,955,749"
002800002009,28,00280000,Berlin,2009,199,"1,559,345","1,379,744",17.50,"539,078",0,"1,918,822"
002800002010,28,00280000,Berlin,2010,213,"1,739,192","1,464,517",17.50,"528,296",0,"1,992,813"
002800002011,28,00280000,Berlin,2011,190,"1,521,296","1,367,714",17.50,"497,433",0,"1,865,147"
002800002012,28,00280000,Berlin,2012,183,"1,493,145","1,321,677",17.50,"500,103",0,"1,821,780"
002800002013,28,00280000,Berlin,2013,190,"1,617,080","1,379,734",17.50,"507,703",0,"1,887,437"
002800002014,28,00280000,Berlin,2014,162,"1,449,659","1,228,268",17.50,"433,030",0,"1,661,298"
002800002015,28,00280000,Berlin,2015,166,"1,474,056","1,240,618",17.50,"437,180",0,"1,677,798"
002800002016,28,00280000,Berlin,2016,152,"1,394,075","1,182,830",17.50,"440,980",0,"1,623,810"
002800002017,28,00280000,Berlin,2017,155,"1,517,886","1,268,093",17.50,"449,505",0,"1,717,598"
002800002018,28,00280000,Berlin,2018,160,"1,603,891","1,339,179",17.50,"454,305",0,"1,793,484"
002800002019,28,00280000,Berlin,2019,159,"1,639,652","1,352,713",17.50,"459,075",0,"1,811,788"
002800002020,28,00280000,Berlin,2020,0,0,0,17.50,0,0,0
002800002021,28,00280000,Berlin,2021,0,0,0,17.50,0,0,0
002800002022,28,00280000,Berlin,2022,0,0,0,17.50,0,0,0
002900002007,29,00290000,Bernardston,2007,0,0,0,53.98,0,0,0
002900002008,29,00290000,Bernardston,2008,0,0,0,50.79,0,0,0
002900002009,29,00290000,Bernardston,2009,0,0,0,51.16,0,0,0
002900002010,29,00290000,Bernardston,2010,2,"24,613","12,834",47.91,0,0,"12,834"
002900002011,29,00290000,Bernardston,2011,2,"24,072","12,891",47.83,"11,308",0,"24,199"
002900002012,29,00290000,Bernardston,2012,1,"12,250","6,787",45.66,"11,308",0,"18,095"
002900002013,29,00290000,Bernardston,2013,1,"12,697","6,666",47.59,"11,308",0,"17,974"
002900002014,29,00290000,Bernardston,2014,0,0,0,41.36,0,0,0
002900002015,29,00290000,Bernardston,2015,0,0,0,42.47,0,0,0
002900002016,29,00290000,Bernardston,2016,0,0,0,44.03,0,0,0
002900002017,29,00290000,Bernardston,2017,0,0,0,43.59,0,0,0
002900002018,29,00290000,Bernardston,2018,0,0,0,48.28,0,0,0
002900002019,29,00290000,Bernardston,2019,0,0,0,43.74,0,0,0
002900002020,29,00290000,Bernardston,2020,0,0,0,46.61,0,0,0
002900002021,29,00290000,Bernardston,2021,0,0,0,46.30,0,0,0
002900002022,29,00290000,Bernardston,2022,0,0,0,48.45,0,0,0
003000002007,30,00300000,Beverly,2007,"4,421","35,715,877","32,889,802",17.50,"6,612,472",0,"39,502,274"
003000002008,30,00300000,Beverly,2008,"4,387","37,367,798","33,478,649",17.50,"6,901,558",0,"40,380,207"
003000002009,30,00300000,Beverly,2009,"4,372","39,386,155","34,043,028",17.50,"7,254,770",0,"41,297,798"
003000002010,30,00300000,Beverly,2010,"4,220","39,194,006","34,064,888",17.50,"7,109,675",0,"41,174,563"
003000002011,30,00300000,Beverly,2011,"4,232","38,562,013","34,027,524",17.50,"6,694,328",0,"40,721,852"
003000002012,30,00300000,Beverly,2012,"4,236","39,163,824","34,390,816",17.50,"6,730,266",0,"41,121,082"
003000002013,30,00300000,Beverly,2013,"4,290","41,449,624","35,366,026",17.50,"6,901,866",0,"42,267,892"
003000002014,30,00300000,Beverly,2014,"4,305","42,458,331","36,512,325",17.50,"7,033,951",0,"43,546,276"
003000002015,30,00300000,Beverly,2015,"4,345","43,026,227","36,875,947",17.50,"7,336,283",0,"44,212,230"
003000002016,30,00300000,Beverly,2016,"4,426","44,949,345","37,443,198",17.50,"7,506,147","169,864","44,949,345"
003000002017,30,00300000,Beverly,2017,"4,449","44,666,516","37,114,279",17.50,"7,750,842","46,090","44,865,121"
003000002018,30,00300000,Beverly,2018,"4,444","45,588,033","37,741,029",17.50,"7,884,162","96,162","45,625,191"
003000002019,30,00300000,Beverly,2019,"4,398","46,490,354","38,354,542",17.50,"8,135,812","251,650","46,490,354"
003000002020,30,00300000,Beverly,2020,"4,458","49,446,399","40,188,832",17.50,"9,257,567","1,121,755","49,446,399"
003000002021,30,00300000,Beverly,2021,"4,570","51,866,271","41,749,093",17.50,"10,125,430","859,611","51,874,523"
003000002022,30,00300000,Beverly,2022,"4,613","53,925,726","43,334,812",17.50,"10,590,914","465,484","53,925,726"
003100002007,31,00310000,Billerica,2007,"6,272","47,634,964","33,645,086",39.16,"14,140,521","989,390","47,785,607"
003100002008,31,00310000,Billerica,2008,"6,172","48,947,057","33,836,479",39.83,"15,747,049","970,057","49,583,528"
003100002009,31,00310000,Billerica,2009,"6,162","51,035,402","33,569,444",40.05,"17,465,958","1,718,909","51,035,402"
003100002010,31,00310000,Billerica,2010,"6,091","52,105,541","33,750,443",41.13,"17,116,639",0,"50,867,082"
003100002011,31,00310000,Billerica,2011,"5,936","48,993,356","33,261,644",38.74,"17,282,794",0,"50,544,438"
003100002012,31,00310000,Billerica,2012,"5,837","50,875,416","33,909,226",37.58,"17,375,576",0,"51,284,802"
003100002013,31,00310000,Billerica,2013,"5,741","52,527,991","34,773,532",37.23,"18,204,887","378,883","52,978,419"
003100002014,31,00310000,Billerica,2014,"5,547","51,957,285","35,443,588",35.07,"18,343,562",0,"53,787,150"
003100002015,31,00310000,Billerica,2015,"5,385","50,581,060","35,165,450",33.09,"18,486,609",0,"53,652,059"
003100002016,31,00310000,Billerica,2016,"5,359","51,437,519","35,483,899",33.13,"18,620,584",0,"54,104,483"
003100002017,31,00310000,Billerica,2017,"5,162","49,371,896","34,830,635",30.12,"18,904,494",0,"53,735,129"
003100002018,31,00310000,Billerica,2018,"5,034","49,374,269","35,556,235",28.33,"19,055,514",0,"54,611,749"
003100002019,31,00310000,Billerica,2019,"4,912","50,010,476","37,025,362",25.96,"19,202,874",0,"56,228,236"
003100002020,31,00310000,Billerica,2020,"4,866","51,908,631","39,371,685",23.17,"19,348,854",0,"58,720,539"
003100002021,31,00310000,Billerica,2021,"4,866","52,647,472","41,417,136",21.33,"19,348,854",0,"60,765,990"
003100002022,31,00310000,Billerica,2022,"4,694","52,245,954","43,102,912",17.50,"19,489,674",0,"62,592,586"
003200002007,32,00320000,Blackstone,2007,16,"194,416","79,381",49.39,"115,035","76,181","194,416"
003200002008,32,00320000,Blackstone,2008,15,"192,121","87,676",51.76,"115,785",0,"203,461"
003200002009,32,00320000,Blackstone,2009,16,"214,017","93,849",52.79,"127,344","4,383","221,193"
003200002010,32,00320000,Blackstone,2010,15,"208,217","92,534",53.49,"124,797",0,"217,331"
003200002011,32,00320000,Blackstone,2011,7,"84,251","38,469",54.18,"84,251",0,"122,720"
003200002012,32,00320000,Blackstone,2012,7,"85,750","40,589",53.63,"84,251",0,"124,840"
003200002013,32,00320000,Blackstone,2013,7,"88,880","43,338",51.24,"84,251",0,"127,589"
003200002014,32,00320000,Blackstone,2014,9,"116,046","57,626",52.40,"84,251",0,"141,877"
003200002015,32,00320000,Blackstone,2015,12,"181,017","89,793",51.87,"91,224","6,973","181,017"
003200002016,32,00320000,Blackstone,2016,15,"223,332","112,108",51.61,"111,224","20,000","223,332"
003200002017,32,00320000,Blackstone,2017,17,"249,182","125,734",49.94,"125,414","12,224","251,148"
003200002018,32,00320000,Blackstone,2018,20,"293,968","142,085",52.04,"151,883","26,469","293,968"
003200002019,32,00320000,Blackstone,2019,20,"303,048","146,874",51.53,"156,507","4,291","303,381"
003200002020,32,00320000,Blackstone,2020,23,"357,719","174,004",50.25,"183,898","27,208","357,902"
003200002021,32,00320000,Blackstone,2021,26,"408,811","197,411",51.71,"211,400","27,502","408,811"
003200002022,32,00320000,Blackstone,2022,28,"446,827","218,589",51.08,"234,189","16,838","452,778"
003300002007,33,00330000,Blandford,2007,6,"65,098","37,532",50.56,"43,027",0,"80,559"
003300002008,33,00330000,Blandford,2008,3,"34,066","19,175",46.77,"34,066",0,"53,241"
003300002009,33,00330000,Blandford,2009,5,"59,717","34,567",44.24,"45,414",0,"79,981"
003300002010,33,00330000,Blandford,2010,6,"73,839","45,404",38.51,"44,506",0,"89,910"
003300002011,33,00330000,Blandford,2011,7,"84,251","55,481",37.98,"42,726",0,"98,207"
003300002012,33,00330000,Blandford,2012,10,"122,501","81,440",33.59,"42,726",0,"124,166"
003300002013,33,00330000,Blandford,2013,7,"88,880","61,527",32.73,"42,726",0,"104,253"
003300002014,33,00330000,Blandford,2014,10,"128,940","98,474",24.98,"42,726",0,"141,200"
003300002015,33,00330000,Blandford,2015,12,"181,017","141,333",25.07,"43,655",0,"184,988"
003300002016,33,00330000,Blandford,2016,7,"92,400","77,583",17.50,"43,655",0,"121,238"
003300002017,33,00330000,Blandford,2017,8,"105,367","88,144",17.50,"43,655",0,"131,799"
003300002018,33,00330000,Blandford,2018,6,"80,501","67,637",17.50,"43,655",0,"111,292"
003300002019,33,00330000,Blandford,2019,8,"110,697","91,325",17.50,"43,655",0,"134,980"
003300002020,33,00330000,Blandford,2020,8,"114,974","91,083",17.50,"43,655",0,"134,738"
003300002021,33,00330000,Blandford,2021,7,"102,605","84,649",17.50,"43,655",0,"128,304"
003300002022,33,00330000,Blandford,2022,10,"149,528","123,360",17.50,"43,955",0,"167,315"
003400002007,34,00340000,Bolton,2007,1,"11,171","8,623",17.50,"5,551",0,"14,174"
003400002008,34,00340000,Bolton,2008,1,"11,757","9,885",17.50,"5,654",0,"15,539"
003400002009,34,00340000,Bolton,2009,1,"12,415","10,106",17.50,"5,769",0,"15,875"
003400002010,34,00340000,Bolton,2010,0,0,0,20.42,"5,654",0,"5,654"
003400002011,34,00340000,Bolton,2011,0,0,0,19.71,0,0,0
003400002012,34,00340000,Bolton,2012,0,0,0,19.63,0,0,0
003400002013,34,00340000,Bolton,2013,0,0,0,21.21,0,0,0
003400002014,34,00340000,Bolton,2014,0,0,0,17.50,0,0,0
003400002015,34,00340000,Bolton,2015,0,0,0,17.50,0,0,0
003400002016,34,00340000,Bolton,2016,1,"13,623","11,667",17.50,"1,956","1,956","13,623"
003400002017,34,00340000,Bolton,2017,2,"27,252","22,684",17.50,"4,568","2,612","27,252"
003400002018,34,00340000,Bolton,2018,1,"13,855","11,515",17.50,"4,568",0,"16,083"
003400002019,34,00340000,Bolton,2019,1,"14,264","11,464",17.50,"4,568",0,"16,032"
003400002020,34,00340000,Bolton,2020,1,"14,862","12,091",17.50,"4,568",0,"16,659"
003400002021,34,00340000,Bolton,2021,1,"15,157","12,505",17.50,"4,568",0,"17,073"
003400002022,34,00340000,Bolton,2022,1,"15,459","12,370",17.50,"4,598",0,"16,968"
003500002007,35,00350000,Boston,2007,"61,796","619,256,557","422,061,485",20.83,"210,540,147",0,"632,601,632"
003500002008,35,00350000,Boston,2008,"61,330","645,423,776","450,972,697",20.13,"215,807,608",0,"666,780,305"
003500002009,35,00350000,Boston,2009,"60,951","674,654,547","485,336,817",19.21,"221,422,839",0,"706,759,656"
003500002010,35,00350000,Boston,2010,"60,778","698,913,739","510,847,386",17.50,"216,994,382",0,"727,841,768"
003500002011,35,00350000,Boston,2011,"60,248","680,748,415","527,398,841",17.50,"204,317,586",0,"731,716,427"
003500002012,35,00350000,Boston,2012,"61,194","706,116,382","551,817,407",17.50,"205,414,453",0,"757,231,860"
003500002013,35,00350000,Boston,2013,"61,109","724,294,012","579,960,095",17.50,"207,858,813",0,"787,818,908"
003500002014,35,00350000,Boston,2014,"61,910","750,290,537","604,305,866",17.50,"209,406,563",0,"813,712,429"
003500002015,35,00350000,Boston,2015,"63,058","780,383,013","627,463,814",17.50,"210,991,435",0,"838,455,249"
003500002016,35,00350000,Boston,2016,"64,196","805,600,563","657,393,838",17.50,"212,596,335",0,"869,990,173"
003500002017,35,00350000,Boston,2017,"64,220","802,914,848","666,445,514",17.50,"216,128,435",0,"882,573,949"
003500002018,35,00350000,Boston,2018,"64,602","829,896,971","686,260,642",17.50,"218,066,495",0,"904,327,137"
003500002019,35,00350000,Boston,2019,"64,508","861,999,612","711,149,680",17.50,"220,001,735",0,"931,151,415"
003500002020,35,00350000,Boston,2020,"63,777","910,864,776","749,907,338",17.50,"221,915,045",0,"971,822,383"
003500002021,35,00350000,Boston,2021,"62,890","924,506,066","762,717,504",17.50,"221,915,045",0,"984,632,549"
003500002022,35,00350000,Boston,2022,"60,704","978,880,394","788,497,356",17.50,"223,736,165",0,"1,012,233,521"
003600002007,36,00360000,Bourne,2007,"2,490","19,096,416","14,957,841",17.50,"4,725,494",0,"19,683,335"
003600002008,36,00360000,Bourne,2008,"2,450","19,833,298","15,646,627",17.50,"4,854,448",0,"20,501,075"
003600002009,36,00360000,Bourne,2009,"2,429","20,945,577","16,223,237",17.50,"5,049,097",0,"21,272,334"
003600002010,36,00360000,Bourne,2010,"2,348","20,772,043","16,779,418",17.50,"4,948,115",0,"21,727,533"
003600002011,36,00360000,Bourne,2011,"2,307","19,969,977","16,817,476",17.50,"4,659,046",0,"21,476,522"
003600002012,36,00360000,Bourne,2012,"2,245","19,955,194","17,178,276",17.50,"4,684,058",0,"21,862,334"
003600002013,36,00360000,Bourne,2013,"2,192","20,413,173","17,508,247",17.50,"4,771,738",0,"22,279,985"
003600002014,36,00360000,Bourne,2014,"2,140","20,231,817","17,624,172",17.50,"4,825,238",0,"22,449,410"
003600002015,36,00360000,Bourne,2015,"2,084","19,753,593","16,968,423",17.50,"4,877,338",0,"21,845,761"
003600002016,36,00360000,Bourne,2016,"2,001","19,473,370","16,682,400",17.50,"4,927,363",0,"21,609,763"
003600002017,36,00360000,Bourne,2017,"1,950","19,315,320","16,178,695",17.50,"5,034,613",0,"21,213,308"
003600002018,36,00360000,Bourne,2018,"1,981","20,067,959","16,608,266",17.50,"5,094,043",0,"21,702,309"
003600002019,36,00360000,Bourne,2019,"2,038","21,368,782","17,629,245",17.50,"5,155,183",0,"22,784,428"
003600002020,36,00360000,Bourne,2020,"2,001","22,123,863","18,252,187",17.50,"5,215,213",0,"23,467,400"
003600002021,36,00360000,Bourne,2021,"2,012","22,664,002","18,697,802",17.50,"5,215,213",0,"23,913,015"
003600002022,36,00360000,Bourne,2022,"1,789","20,951,766","17,285,207",17.50,"5,268,883",0,"22,554,090"
003700002007,37,00370000,Boxborough,2007,530,"4,120,405","3,160,718",29.32,"1,344,663",0,"4,505,381"
003700002008,37,00370000,Boxborough,2008,514,"4,148,265","3,153,303",28.47,"1,370,363",0,"4,523,666"
003700002009,37,00370000,Boxborough,2009,490,"4,158,144","3,122,645",28.40,"1,394,863",0,"4,517,508"
003700002010,37,00370000,Boxborough,2010,459,"4,221,714","3,141,987",29.88,"1,366,966",0,"4,508,953"
003700002011,37,00370000,Boxborough,2011,439,"3,719,556","3,019,563",24.22,"1,287,108",0,"4,306,671"
003700002012,37,00370000,Boxborough,2012,426,"3,688,231","3,037,911",23.21,"1,294,018",0,"4,331,929"
003700002013,37,00370000,Boxborough,2013,414,"3,802,586","3,281,068",17.72,"1,310,578",0,"4,591,646"
003700002014,37,00370000,Boxborough,2014,397,"3,710,701","3,337,251",17.50,"1,320,503",0,"4,657,754"
003700002015,37,00370000,Boxborough,2015,0,0,0,17.50,0,0,0
003700002016,37,00370000,Boxborough,2016,0,0,0,17.50,0,0,0
003700002017,37,00370000,Boxborough,2017,0,0,0,17.50,0,0,0
003700002018,37,00370000,Boxborough,2018,6,"88,385","73,448",17.50,"14,937",73,"88,385"
003700002019,37,00370000,Boxborough,2019,7,"106,694","87,553",17.50,"19,141","4,204","106,694"
003700002020,37,00370000,Boxborough,2020,8,"127,475","104,905",17.50,"22,674","3,429","127,579"
003700002021,37,00370000,Boxborough,2021,9,"143,373","117,755",17.50,"25,618","2,944","143,373"
003700002022,37,00370000,Boxborough,2022,9,"144,995","119,621",17.50,"25,888",0,"145,509"
003800002007,38,00380000,Boxford,2007,883,"6,289,687","5,060,226",17.50,"1,536,107",0,"6,596,333"
003800002008,38,00380000,Boxford,2008,861,"6,441,227","5,155,389",17.50,"1,579,157",0,"6,734,546"
003800002009,38,00380000,Boxford,2009,873,"6,868,241","5,466,446",17.50,"1,653,884",0,"7,120,330"
003800002010,38,00380000,Boxford,2010,824,"6,715,150","5,538,616",17.50,"1,620,806",0,"7,159,422"
003800002011,38,00380000,Boxford,2011,808,"6,426,161","5,556,487",17.50,"1,526,119",0,"7,082,606"
003800002012,38,00380000,Boxford,2012,771,"6,278,579","5,546,995",17.50,"1,534,312",0,"7,081,307"
003800002013,38,00380000,Boxford,2013,733,"6,142,160","5,438,279",17.50,"1,563,632",0,"7,001,911"
003800002014,38,00380000,Boxford,2014,744,"6,321,745","5,657,134",17.50,"1,582,232",0,"7,239,366"
003800002015,38,00380000,Boxford,2015,730,"6,315,613","5,486,948",17.50,"1,625,748",0,"7,112,696"
003800002016,38,00380000,Boxford,2016,729,"6,380,975","5,508,993",17.50,"1,643,973",0,"7,152,966"
003800002017,38,00380000,Boxford,2017,718,"6,361,983","5,310,704",17.50,"1,683,463",0,"6,994,167"
003800002018,38,00380000,Boxford,2018,739,"6,728,319","5,579,890",17.50,"1,705,633",0,"7,285,523"
003800002019,38,00380000,Boxford,2019,704,"6,655,217","5,490,554",17.50,"1,726,753",0,"7,217,307"
003800002020,38,00380000,Boxford,2020,705,"7,004,474","5,765,598",17.50,"1,747,903",0,"7,513,501"
003800002021,38,00380000,Boxford,2021,729,"7,419,452","6,121,048",17.50,"1,747,903",0,"7,868,951"
003800002022,38,00380000,Boxford,2022,673,"7,077,684","5,839,090",17.50,"1,768,093",0,"7,607,183"
003900002007,39,00390000,Boylston,2007,360,"2,596,679","2,468,253",17.50,"424,025",0,"2,892,278"
003900002008,39,00390000,Boylston,2008,348,"2,637,267","2,412,440",17.50,"441,425",0,"2,853,865"
003900002009,39,00390000,Boylston,2009,340,"2,748,598","2,379,694",17.50,"460,908",0,"2,840,602"
003900002010,39,00390000,Boylston,2010,354,"2,995,461","2,540,646",17.50,"451,690",0,"2,992,336"
003900002011,39,00390000,Boylston,2011,353,"2,900,473","2,577,094",17.50,"428,244",0,"3,005,338"
003900002012,39,00390000,Boylston,2012,340,"2,809,496","2,592,747",17.50,"430,543",0,"3,023,290"
003900002013,39,00390000,Boylston,2013,368,"3,146,653","2,804,850",17.50,"460,573",0,"3,265,423"
003900002014,39,00390000,Boylston,2014,310,"2,837,169","2,524,555",17.50,"427,337",0,"2,951,892"
003900002015,39,00390000,Boylston,2015,299,"2,701,536","2,336,823",17.50,"443,238",0,"2,780,061"
003900002016,39,00390000,Boylston,2016,283,"2,619,960","2,263,384",17.50,"450,313",0,"2,713,697"
003900002017,39,00390000,Boylston,2017,275,"2,586,706","2,165,226",17.50,"465,438",0,"2,630,664"
003900002018,39,00390000,Boylston,2018,275,"2,629,404","2,172,204",17.50,"473,688",0,"2,645,892"
003900002019,39,00390000,Boylston,2019,286,"2,856,145","2,256,220",17.50,"599,925","126,237","2,856,145"
003900002020,39,00390000,Boylston,2020,28,"429,578","344,845",17.50,"84,733","12,359","429,578"
003900002021,39,00390000,Boylston,2021,28,"438,126","353,125",17.50,"85,001",268,"438,126"
003900002022,39,00390000,Boylston,2022,35,"579,645","466,173",17.50,"113,472","28,471","579,645"
004000002007,40,00400000,Braintree,2007,"5,053","39,382,975","33,034,864",23.00,"6,348,111","1,444,190","39,382,975"
004000002008,40,00400000,Braintree,2008,"5,045","41,131,026","33,655,897",24.06,"7,475,129","1,127,018","41,131,026"
004000002009,40,00400000,Braintree,2009,"5,125","44,050,195","34,532,907",23.78,"9,517,288","2,042,159","44,050,195"
004000002010,40,00400000,Braintree,2010,"5,234","46,447,721","34,269,687",26.90,"9,326,942",0,"43,596,629"
004000002011,40,00400000,Braintree,2011,"5,264","45,861,987","35,115,999",27.91,"11,466,594",0,"46,582,593"
004000002012,40,00400000,Braintree,2012,"5,352","47,773,436","35,619,436",28.81,"12,154,000","625,848","47,773,436"
004000002013,40,00400000,Braintree,2013,"5,400","49,979,205","36,669,696",28.53,"13,546,899","1,155,509","50,216,595"
004000002014,40,00400000,Braintree,2014,"5,413","51,154,368","37,491,319",28.28,"13,863,901","116,150","51,355,220"
004000002015,40,00400000,Braintree,2015,"5,508","53,388,255","38,760,993",28.61,"14,627,262","763,361","53,388,255"
004000002016,40,00400000,Braintree,2016,"5,559","55,247,736","39,956,696",28.62,"15,291,040","663,778","55,247,736"
004000002017,40,00400000,Braintree,2017,"5,615","56,110,509","39,512,030",30.21,"16,598,479","1,307,439","56,110,509"
004000002018,40,00400000,Braintree,2018,"5,667","58,118,970","40,917,885",29.64,"17,201,085","602,606","58,118,970"
004000002019,40,00400000,Braintree,2019,"5,678","60,365,199","42,548,094",29.02,"17,817,105","616,020","60,365,199"
004000002020,40,00400000,Braintree,2020,"5,682","63,032,118","44,795,946",26.88,"18,297,651","419,067","63,093,597"
004000002021,40,00400000,Braintree,2021,"5,666","64,248,921","46,089,277",26.55,"18,297,651",0,"64,386,928"
004000002022,40,00400000,Braintree,2022,"5,383","63,352,380","47,033,101",21.82,"18,459,141",0,"65,492,242"
004100002007,41,00410000,Brewster,2007,500,"3,716,661","3,503,455",17.50,"872,877",0,"4,376,332"
004100002008,41,00410000,Brewster,2008,499,"3,870,065","3,592,082",17.50,"899,723",0,"4,491,805"
004100002009,41,00410000,Brewster,2009,521,"4,197,810","3,789,305",17.50,"957,078",0,"4,746,383"
004100002010,41,00410000,Brewster,2010,506,"4,216,303","3,870,397",17.50,"937,937",0,"4,808,334"
004100002011,41,00410000,Brewster,2011,492,"4,075,131","3,786,992",17.50,"883,143",0,"4,670,135"
004100002012,41,00410000,Brewster,2012,483,"4,135,854","3,959,695",17.50,"887,884",0,"4,847,579"
004100002013,41,00410000,Brewster,2013,474,"4,270,180","4,095,847",17.50,"906,844",0,"5,002,691"
004100002014,41,00410000,Brewster,2014,460,"4,270,778","4,059,699",17.50,"918,344",0,"4,978,043"
004100002015,41,00410000,Brewster,2015,473,"4,371,531","3,934,378",17.50,"930,169",0,"4,864,547"
004100002016,41,00410000,Brewster,2016,474,"4,481,451","3,903,212",17.50,"942,019",0,"4,845,231"
004100002017,41,00410000,Brewster,2017,486,"4,710,847","3,929,503",17.50,"968,749",0,"4,898,252"
004100002018,41,00410000,Brewster,2018,490,"4,863,010","4,034,625",17.50,"983,449",0,"5,018,074"
004100002019,41,00410000,Brewster,2019,474,"4,845,032","3,997,151",17.50,"997,669",0,"4,994,820"
004100002020,41,00410000,Brewster,2020,477,"5,028,082","4,091,479",17.50,"1,011,979",0,"5,103,458"
004100002021,41,00410000,Brewster,2021,468,"5,175,998","4,206,025",17.50,"1,011,979",0,"5,218,004"
004100002022,41,00410000,Brewster,2022,431,"4,895,214","4,038,551",17.50,"1,024,909",0,"5,063,460"
004200002007,42,00420000,Bridgewater,2007,9,"97,647","52,590",37.41,"91,714",0,"144,304"
004200002008,42,00420000,Bridgewater,2008,7,"79,487","42,308",38.21,"79,487",0,"121,795"
004200002009,42,00420000,Bridgewater,2009,8,"95,548","49,903",39.11,"85,768",0,"135,671"
004200002010,42,00420000,Bridgewater,2010,9,"110,759","61,737",42.40,"84,053",0,"145,790"
004200002011,42,00420000,Bridgewater,2011,3,"36,107","20,964",42.27,"36,107",0,"57,071"
004200002012,42,00420000,Bridgewater,2012,4,"49,000","28,706",41.30,"36,107",0,"64,813"
004200002013,42,00420000,Bridgewater,2013,3,"38,092","22,925",39.09,"36,107",0,"59,032"
004200002014,42,00420000,Bridgewater,2014,4,"51,576","31,717",39.20,"36,107",0,"67,824"
004200002015,42,00420000,Bridgewater,2015,6,"78,029","48,603",38.19,"36,107",0,"84,710"
004200002016,42,00420000,Bridgewater,2016,10,"132,000","81,574",39.86,"50,426","14,319","132,000"
004200002017,42,00420000,Bridgewater,2017,13,"196,499","121,288",38.70,"76,038","24,785","197,326"
004200002018,42,00420000,Bridgewater,2018,13,"200,051","124,537",38.10,"76,038",0,"200,575"
004200002019,42,00420000,Bridgewater,2019,9,"124,534","80,047",35.00,"76,038",0,"156,085"
004200002020,42,00420000,Bridgewater,2020,9,"129,346","81,640",36.21,"76,038",0,"157,678"
004200002021,42,00420000,Bridgewater,2021,8,"117,262","73,653",37.19,"76,038",0,"149,691"
004200002022,42,00420000,Bridgewater,2022,7,"104,669","65,145",35.63,"76,248",0,"141,393"
004300002007,43,00430000,Brimfield,2007,308,"2,227,974","1,181,088",52.88,"1,046,886","153,888","2,227,974"
004300002008,43,00430000,Brimfield,2008,322,"2,430,566","1,254,545",50.50,"1,176,021","129,135","2,430,566"
004300002009,43,00430000,Brimfield,2009,299,"2,380,996","1,252,428",47.67,"1,190,971",0,"2,443,399"
004300002010,43,00430000,Brimfield,2010,294,"2,416,095","1,320,275",45.36,"1,167,152",0,"2,487,427"
004300002011,43,00430000,Brimfield,2011,305,"2,491,981","1,418,885",46.43,"1,098,967",0,"2,517,852"
004300002012,43,00430000,Brimfield,2012,308,"2,587,337","1,412,114",44.25,"1,175,223","70,356","2,587,337"
004300002013,43,00430000,Brimfield,2013,299,"2,627,654","1,439,707",43.13,"1,187,947","12,724","2,627,654"
004300002014,43,00430000,Brimfield,2014,294,"2,589,280","1,451,989",44.08,"1,195,297",0,"2,647,286"
004300002015,43,00430000,Brimfield,2015,285,"2,557,047","1,495,359",41.97,"1,202,422",0,"2,697,781"
004300002016,43,00430000,Brimfield,2016,274,"2,535,170","1,464,818",43.90,"1,209,272",0,"2,674,090"
004300002017,43,00430000,Brimfield,2017,256,"2,386,674","1,412,227",41.50,"1,223,352",0,"2,635,579"
004300002018,43,00430000,Brimfield,2018,268,"2,534,077","1,459,687",43.07,"1,231,392",0,"2,691,079"
004300002019,43,00430000,Brimfield,2019,264,"2,588,961","1,544,601",40.34,"1,239,312",0,"2,783,913"
004300002020,43,00430000,Brimfield,2020,262,"2,714,228","1,546,449",43.02,"1,247,172",0,"2,793,621"
004300002021,43,00430000,Brimfield,2021,283,"3,081,861","1,716,855",42.10,"1,365,006","117,834","3,081,861"
004300002022,43,00430000,Brimfield,2022,269,"2,957,058","1,755,767",40.24,"1,373,076",0,"3,128,843"
004400002007,44,00440000,Brockton,2007,"16,029","148,050,711","30,752,545",72.41,"117,298,166","6,988,107","148,050,711"
004400002008,44,00440000,Brockton,2008,"15,891","154,658,101","32,078,890",72.05,"122,579,211","5,281,045","154,658,101"
004400002009,44,00440000,Brockton,2009,"15,738","162,730,674","33,821,654",72.50,"128,909,020","6,329,809","162,730,674"
004400002010,44,00440000,Brockton,2010,"15,610","165,249,140","32,323,782",72.26,"126,330,840",0,"158,654,622"
004400002011,44,00440000,Brockton,2011,"15,872","165,226,028","32,681,998",72.92,"130,000,851","4,935,686","162,682,849"
004400002012,44,00440000,Brockton,2012,"16,257","173,663,222","34,080,582",75.76,"139,582,640","8,883,887","173,663,222"
004400002013,44,00440000,Brockton,2013,"16,584","183,049,366","34,969,008",76.30,"148,088,586","8,497,718","183,057,594"
004400002014,44,00440000,Brockton,2014,"17,031","194,125,642","36,202,770",77.45,"157,922,872","9,834,286","194,125,642"
004400002015,44,00440000,Brockton,2015,"17,469","202,656,341","37,791,281",78.29,"164,865,060","6,942,188","202,656,341"
004400002016,44,00440000,Brockton,2016,"17,694","209,479,318","39,438,390",78.81,"170,040,928","5,175,868","209,479,318"
004400002017,44,00440000,Brockton,2017,"17,674","202,933,234","40,436,538",78.13,"171,012,998",0,"211,449,536"
004400002018,44,00440000,Brockton,2018,"17,888","210,658,023","42,271,112",78.25,"171,549,638",0,"213,820,750"
004400002019,44,00440000,Brockton,2019,"17,828","219,005,794","43,627,822",78.23,"178,296,402","3,828,334","221,924,224"
004400002020,44,00440000,Brockton,2020,"17,723","232,535,452","46,034,943",77.53,"186,500,509","8,204,107","232,535,452"
004400002021,44,00440000,Brockton,2021,"17,491","237,304,379","48,074,759",77.19,"189,236,745","2,729,111","237,311,504"
004400002022,44,00440000,Brockton,2022,"17,092","261,944,927","49,559,396",78.45,"212,385,531","23,148,786","261,944,927"
004500002007,45,00450000,Brookfield,2007,274,"2,063,442","801,638",60.34,"1,345,037",0,"2,146,675"
004500002008,45,00450000,Brookfield,2008,257,"2,050,160","812,205",59.09,"1,357,887",0,"2,170,092"
004500002009,45,00450000,Brookfield,2009,242,"2,003,095","823,505",57.14,"1,369,987",0,"2,193,492"
004500002010,45,00450000,Brookfield,2010,260,"2,262,219","963,341",57.42,"1,342,588",0,"2,305,929"
004500002011,45,00450000,Brookfield,2011,262,"2,318,728","997,242",57.30,"1,296,130","32,602","2,293,372"
004500002012,45,00450000,Brookfield,2012,264,"2,344,862","1,042,415",56.87,"1,303,088",0,"2,345,503"
004500002013,45,00450000,Brookfield,2013,262,"2,462,785","1,111,388",55.44,"1,354,890","48,309","2,466,278"
004500002014,45,00450000,Brookfield,2014,248,"2,368,077","1,081,418",56.96,"1,361,090",0,"2,442,508"
004500002015,45,00450000,Brookfield,2015,232,"2,293,425","1,033,581",56.76,"1,366,890",0,"2,400,471"
004500002016,45,00450000,Brookfield,2016,249,"2,475,237","1,069,272",58.45,"1,405,965","39,075","2,475,237"
004500002017,45,00450000,Brookfield,2017,243,"2,406,993","1,047,029",56.92,"1,419,330",0,"2,466,359"
004500002018,45,00450000,Brookfield,2018,234,"2,393,042","1,030,082",57.29,"1,426,350",0,"2,456,432"
004500002019,45,00450000,Brookfield,2019,245,"2,539,081","1,093,626",56.76,"1,445,497","19,105","2,539,123"
004500002020,45,00450000,Brookfield,2020,246,"2,740,659","1,155,170",57.85,"1,585,489","139,992","2,740,659"
004500002021,45,00450000,Brookfield,2021,253,"2,871,199","1,170,696",59.23,"1,700,503","115,014","2,871,199"
004500002022,45,00450000,Brookfield,2022,230,"2,739,833","1,154,807",57.85,"1,707,403",0,"2,862,210"
004600002007,46,00460000,Brookline,2007,"5,878","46,243,375","59,029,263",17.50,"5,789,916",0,"64,819,179"
004600002008,46,00460000,Brookline,2008,"6,004","49,807,109","56,651,328",17.50,"6,667,814",0,"63,319,142"
004600002009,46,00460000,Brookline,2009,"6,015","52,046,875","53,580,843",17.50,"7,473,142",0,"61,053,985"
004600002010,46,00460000,Brookline,2010,"6,182","55,448,798","53,202,974",17.50,"7,323,679",0,"60,526,653"
004600002011,46,00460000,Brookline,2011,"6,332","55,383,764","52,241,986",17.50,"6,895,830",0,"59,137,816"
004600002012,46,00460000,Brookline,2012,"6,481","57,861,962","52,548,862",17.50,"6,932,850",0,"59,481,712"
004600002013,46,00460000,Brookline,2013,"6,722","63,110,212","54,160,831",17.50,"8,949,381","2,016,531","63,110,212"
004600002014,46,00460000,Brookline,2014,"6,963","66,334,276","55,964,810",17.50,"10,369,466","1,420,085","66,334,276"
004600002015,46,00460000,Brookline,2015,"7,142","68,558,217","57,398,755",17.50,"11,159,462","789,996","68,558,217"
004600002016,46,00460000,Brookline,2016,"7,343","71,400,246","59,216,726",17.50,"12,183,520","1,024,058","71,400,246"
004600002017,46,00460000,Brookline,2017,"7,502","73,409,265","60,679,638",17.50,"12,729,627","546,107","73,409,265"
004600002018,46,00460000,Brookline,2018,"7,541","75,819,883","62,590,117",17.50,"13,229,766","500,139","75,819,883"
004600002019,46,00460000,Brookline,2019,"7,664","79,599,261","64,824,584",17.50,"14,774,677","1,544,911","79,599,261"
004600002020,46,00460000,Brookline,2020,"7,737","83,235,897","68,669,614",17.50,"15,006,787",0,"83,676,401"
004600002021,46,00460000,Brookline,2021,"7,648","83,874,468","69,196,436",17.50,"15,006,787",0,"84,203,223"
004600002022,46,00460000,Brookline,2022,"6,858","77,422,820","63,873,826",17.50,"15,212,527",0,"79,086,353"
004700002007,47,00470000,Buckland,2007,0,0,0,47.80,0,0,0
004700002008,47,00470000,Buckland,2008,0,0,0,44.17,0,0,0
004700002009,47,00470000,Buckland,2009,0,0,0,50.01,0,0,0
004700002010,47,00470000,Buckland,2010,1,"12,307","6,213",51.65,0,0,"6,213"
004700002011,47,00470000,Buckland,2011,1,"12,036","5,834",52.88,"6,202",352,"12,036"
004700002012,47,00470000,Buckland,2012,0,0,0,50.32,0,0,0
004700002013,47,00470000,Buckland,2013,0,0,0,46.31,0,0,0
004700002014,47,00470000,Buckland,2014,0,0,0,40.42,0,0,0
004700002015,47,00470000,Buckland,2015,0,0,0,33.26,0,0,0
004700002016,47,00470000,Buckland,2016,0,0,0,26.77,0,0,0
004700002017,47,00470000,Buckland,2017,0,0,0,34.94,0,0,0
004700002018,47,00470000,Buckland,2018,1,"13,417","8,460",37.56,"4,957","4,957","13,417"
004700002019,47,00470000,Buckland,2019,2,"27,674","17,242",37.70,"10,478","5,475","27,720"
004700002020,47,00470000,Buckland,2020,2,"28,744","15,670",45.48,"13,074","2,596","28,744"
004700002021,47,00470000,Buckland,2021,2,"29,316","16,598",43.38,"13,074",0,"29,672"
004700002022,47,00470000,Buckland,2022,2,"29,906","18,425",38.39,"13,134",0,"31,559"
004800002007,48,00480000,Burlington,2007,"3,650","28,476,093","31,274,657",17.50,"4,099,585",0,"35,374,242"
004800002008,48,00480000,Burlington,2008,"3,625","29,703,890","30,286,140",20.13,"4,663,528",0,"34,949,668"
004800002009,48,00480000,Burlington,2009,"3,712","32,206,348","29,440,791",22.58,"5,524,388",0,"34,965,179"
004800002010,48,00480000,Burlington,2010,"3,692","33,076,726","30,090,020",20.20,"5,413,900",0,"35,503,920"
004800002011,48,00480000,Burlington,2011,"3,754","32,935,307","30,061,628",20.10,"5,097,620",0,"35,159,248"
004800002012,48,00480000,Burlington,2012,"3,681","33,128,200","30,481,205",17.50,"5,124,986",0,"35,606,191"
004800002013,48,00480000,Burlington,2013,"3,626","33,884,514","31,423,998",17.50,"5,326,187",0,"36,750,185"
004800002014,48,00480000,Burlington,2014,"3,594","34,352,845","32,068,110",17.50,"5,497,577",0,"37,565,687"
004800002015,48,00480000,Burlington,2015,"3,553","34,467,699","30,725,441",17.50,"5,684,571",0,"36,410,012"
004800002016,48,00480000,Burlington,2016,"3,469","34,239,007","30,149,693",17.50,"5,771,296",0,"35,920,989"
004800002017,48,00480000,Burlington,2017,"3,458","34,371,377","28,843,485",17.50,"5,961,486",0,"34,804,971"
004800002018,48,00480000,Burlington,2018,"3,495","35,700,016","29,571,420",17.50,"6,128,596","167,110","35,700,016"
004800002019,48,00480000,Burlington,2019,"3,519","37,486,526","30,926,384",17.50,"6,560,142","431,546","37,486,526"
004800002020,48,00480000,Burlington,2020,"3,526","39,132,795","32,284,557",17.50,"6,851,477","288,096","39,136,034"
004800002021,48,00480000,Burlington,2021,"3,518","40,012,176","33,010,045",17.50,"7,002,131","150,654","40,012,176"
004800002022,48,00480000,Burlington,2022,"3,420","40,093,789","33,077,377",17.50,"7,104,731","14,281","40,182,108"
004900002007,49,00490000,Cambridge,2007,"6,281","59,270,960","88,906,440",17.50,"7,772,248",0,"96,678,688"
004900002008,49,00490000,Cambridge,2008,"6,043","58,586,280","83,184,123",17.50,"8,516,353",0,"91,700,476"
004900002009,49,00490000,Cambridge,2009,"6,115","62,523,714","76,283,365",17.50,"9,316,701",0,"85,600,066"
004900002010,49,00490000,Cambridge,2010,"6,195","65,306,359","75,386,475",17.50,"9,130,367",0,"84,516,842"
004900002011,49,00490000,Cambridge,2011,"6,075","63,289,438","70,899,052",17.50,"8,596,971",0,"79,496,023"
004900002012,49,00490000,Cambridge,2012,"6,215","65,583,156","70,070,141",17.50,"8,643,123",0,"78,713,264"
004900002013,49,00490000,Cambridge,2013,"6,226","68,855,555","68,855,555",17.50,"8,892,163",0,"77,747,718"
004900002014,49,00490000,Cambridge,2014,"6,458","72,833,197","69,898,977",17.50,"9,053,613",0,"78,952,590"
004900002015,49,00490000,Cambridge,2015,"6,709","75,565,947","67,728,118",17.50,"10,513,263",0,"78,241,381"
004900002016,49,00490000,Cambridge,2016,"6,888","79,533,781","68,456,380",17.50,"11,077,401","564,138","79,533,781"
004900002017,49,00490000,Cambridge,2017,"7,009","80,655,733","67,464,934",17.50,"13,287,462","2,113,398","80,752,396"
004900002018,49,00490000,Cambridge,2018,"7,159","84,055,800","69,688,258",17.50,"14,474,654","1,080,080","84,162,912"
004900002019,49,00490000,Cambridge,2019,"7,319","88,309,461","72,855,305",17.50,"15,454,156","1,086,614","88,309,461"
004900002020,49,00490000,Cambridge,2020,"7,460","95,754,602","78,997,547",17.50,"16,757,055","1,302,899","95,754,602"
004900002021,49,00490000,Cambridge,2021,"7,519","97,837,766","80,716,157",17.50,"17,121,609","364,554","97,837,766"
004900002022,49,00490000,Cambridge,2022,"7,160","100,848,387","83,199,919",17.50,"17,648,468","526,859","100,848,387"
005000002007,50,00500000,Canton,2007,"2,975","23,120,446","22,714,049",17.50,"2,977,671",0,"25,691,720"
005000002008,50,00500000,Canton,2008,"2,992","24,474,544","22,506,106",17.50,"3,369,283",0,"25,875,389"
005000002009,50,00500000,Canton,2009,"2,957","26,022,802","22,769,714",17.50,"3,760,236",0,"26,529,950"
005000002010,50,00500000,Canton,2010,"3,011","26,782,117","23,032,985",17.50,"3,685,031",0,"26,718,016"
005000002011,50,00500000,Canton,2011,"3,037","26,442,325","23,230,516",17.50,"3,530,108",0,"26,760,624"
005000002012,50,00500000,Canton,2012,"3,118","27,781,523","23,943,285",17.50,"3,838,238","289,179","27,781,523"
005000002013,50,00500000,Canton,2013,"3,144","29,173,938","24,768,223",17.50,"4,580,646","567,477","29,348,869"
005000002014,50,00500000,Canton,2014,"3,172","30,084,633","25,615,490",17.50,"4,751,687",0,"30,367,177"
005000002015,50,00500000,Canton,2015,"3,157","30,171,280","25,776,936",17.50,"4,936,587",0,"30,713,523"
005000002016,50,00500000,Canton,2016,"3,224","31,710,377","26,583,708",17.50,"5,126,669","190,082","31,710,377"
005000002017,50,00500000,Canton,2017,"3,219","31,711,055","26,390,963",17.50,"5,320,092","193,423","31,711,055"
005000002018,50,00500000,Canton,2018,"3,340","33,816,148","27,788,653",17.50,"6,027,495","707,403","33,816,148"
005000002019,50,00500000,Canton,2019,"3,319","34,875,442","28,772,240",17.50,"6,127,065","75,707","34,899,305"
005000002020,50,00500000,Canton,2020,"3,299","36,127,373","29,805,082",17.50,"6,327,312","195,226","36,132,394"
005000002021,50,00500000,Canton,2021,"3,325","37,234,939","30,718,825",17.50,"6,516,115","188,802","37,234,940"
005000002022,50,00500000,Canton,2022,"3,234","37,413,396","30,866,052",17.50,"6,613,135","31,229","37,479,187"
005100002007,51,00510000,Carlisle,2007,779,"5,564,262","5,588,855",17.50,"695,338",0,"6,284,193"
005100002008,51,00510000,Carlisle,2008,749,"5,581,543","5,455,408",17.50,"779,767",0,"6,235,175"
005100002009,51,00510000,Carlisle,2009,726,"5,703,346","5,287,388",17.50,"851,812",0,"6,139,200"
005100002010,51,00510000,Carlisle,2010,687,"5,621,330","5,264,374",17.50,"834,776",0,"6,099,150"
005100002011,51,00510000,Carlisle,2011,664,"5,332,769","4,994,997",17.50,"786,008",0,"5,781,005"
005100002012,51,00510000,Carlisle,2012,651,"5,279,779","5,047,262",17.50,"790,228",0,"5,837,490"
005100002013,51,00510000,Carlisle,2013,627,"5,237,293","5,073,775",17.50,"815,308",0,"5,889,083"
005100002014,51,00510000,Carlisle,2014,612,"5,211,682","5,137,653",17.50,"839,492",0,"5,977,145"
005100002015,51,00510000,Carlisle,2015,596,"5,130,124","4,617,112",17.50,"859,890",0,"5,477,002"
005100002016,51,00510000,Carlisle,2016,609,"5,330,420","4,642,180",17.50,"875,115",0,"5,517,295"
005100002017,51,00510000,Carlisle,2017,577,"5,096,190","4,276,513",17.50,"906,850",0,"5,183,363"
005100002018,51,00510000,Carlisle,2018,563,"5,148,188","4,284,734",17.50,"931,172",0,"5,215,906"
005100002019,51,00510000,Carlisle,2019,575,"5,496,907","4,534,948",17.50,"961,959","30,787","5,496,907"
005100002020,51,00510000,Carlisle,2020,571,"5,645,404","4,644,791",17.50,"1,009,657","38,654","5,654,448"
005100002021,51,00510000,Carlisle,2021,570,"5,783,671","4,771,528",17.50,"1,012,143","2,486","5,783,671"
005100002022,51,00510000,Carlisle,2022,556,"5,777,297","4,766,270",17.50,"1,028,823",0,"5,795,093"
005200002007,52,00520000,Carver,2007,"1,993","15,522,693","5,937,552",57.09,"9,740,177","318,910","15,677,729"
005200002008,52,00520000,Carver,2008,"1,970","16,020,594","6,229,859",55.41,"10,016,064","50,558","16,245,923"
005200002009,52,00520000,Carver,2009,"1,937","16,571,482","6,622,023",55.01,"10,319,108",0,"16,941,131"
005200002010,52,00520000,Carver,2010,"1,951","17,214,969","7,603,064",55.83,"10,112,726",0,"17,715,790"
005200002011,52,00520000,Carver,2011,"1,885","16,524,124","7,761,924",54.64,"9,521,941",0,"17,283,865"
005200002012,52,00520000,Carver,2012,"1,824","16,233,063","8,021,055",51.59,"9,573,059",0,"17,594,114"
005200002013,52,00520000,Carver,2013,"1,787","16,560,680","8,171,863",50.99,"9,644,539",0,"17,816,402"
005200002014,52,00520000,Carver,2014,"1,756","16,614,967","8,403,720",49.86,"9,688,439",0,"18,092,159"
005200002015,52,00520000,Carver,2015,"1,714","16,482,097","8,461,514",49.87,"9,731,289",0,"18,192,803"
005200002016,52,00520000,Carver,2016,"1,657","16,197,468","8,567,837",48.98,"9,772,714",0,"18,340,551"
005200002017,52,00520000,Carver,2017,"1,651","16,376,741","8,366,875",49.57,"9,863,519",0,"18,230,394"
005200002018,52,00520000,Carver,2018,"1,651","16,782,097","8,454,008",49.93,"9,913,049",0,"18,367,057"
005200002019,52,00520000,Carver,2019,"1,603","16,982,947","8,706,167",48.74,"9,961,139",0,"18,667,306"
005200002020,52,00520000,Carver,2020,"1,582","17,414,155","9,062,138",46.97,"10,008,599",0,"19,070,737"
005200002021,52,00520000,Carver,2021,"1,591","18,039,221","9,418,559",47.26,"10,008,599",0,"19,427,158"
005200002022,52,00520000,Carver,2022,"1,501","17,600,656","9,595,425",45.20,"10,053,629",0,"19,649,054"
005300002007,53,00530000,Charlemont,2007,11,"140,168","52,863",61.42,"104,458","20,802","157,321"
005300002008,53,00530000,Charlemont,2008,14,"180,766","75,004",63.66,"130,303","1,304","205,307"
005300002009,53,00530000,Charlemont,2009,15,"202,073","86,198",61.55,"143,418",0,"229,616"
005300002010,53,00530000,Charlemont,2010,13,"183,603","78,176",58.47,"140,550",0,"218,726"
005300002011,53,00530000,Charlemont,2011,8,"96,287","48,181",50.74,"96,287",0,"144,468"
005300002012,53,00530000,Charlemont,2012,5,"61,250","31,272",50.09,"61,250",0,"92,522"
005300002013,53,00530000,Charlemont,2013,5,"63,486","33,682",48.83,"61,250",0,"94,932"
005300002014,53,00530000,Charlemont,2014,6,"77,364","42,623",46.94,"61,250",0,"103,873"
005300002015,53,00530000,Charlemont,2015,5,"65,025","36,024",45.70,"61,250",0,"97,274"
005300002016,53,00530000,Charlemont,2016,5,"66,000","37,958",44.47,"61,250",0,"99,208"
005300002017,53,00530000,Charlemont,2017,9,"118,538","62,581",47.96,"61,250",0,"123,831"
005300002018,53,00530000,Charlemont,2018,12,"186,634","94,583",49.76,"92,051","30,801","186,634"
005300002019,53,00530000,Charlemont,2019,11,"178,513","86,258",50.37,"92,255",204,"178,513"
005300002020,53,00530000,Charlemont,2020,12,"199,629","93,353",53.24,"106,276","14,021","199,629"
005300002021,53,00530000,Charlemont,2021,7,"102,605","52,817",48.52,"102,605",0,"155,422"
005300002022,53,00530000,Charlemont,2022,7,"104,669","54,679",47.76,"102,815",0,"157,494"
005400002007,54,00540000,Charlton,2007,0,0,"1,019",55.37,0,0,"1,019"
005400002008,54,00540000,Charlton,2008,0,0,0,54.64,0,0,0
005400002009,54,00540000,Charlton,2009,0,0,0,55.36,0,0,0
005400002010,54,00540000,Charlton,2010,1,"12,307","4,735",51.74,0,0,"4,735"
005400002011,54,00540000,Charlton,2011,1,"12,036","4,895",51.42,"7,269",0,"12,164"
005400002012,54,00540000,Charlton,2012,3,"36,750","15,574",50.61,"21,176","13,907","36,750"
005400002013,54,00540000,Charlton,2013,3,"38,092","16,459",49.51,"21,633",457,"38,092"
005400002014,54,00540000,Charlton,2014,2,"25,788","11,686",48.49,"21,633",0,"33,319"
005400002015,54,00540000,Charlton,2015,2,"26,010","11,935",49.50,"21,633",0,"33,568"
005400002016,54,00540000,Charlton,2016,2,"26,400","12,481",48.68,"21,633",0,"34,114"
005400002017,54,00540000,Charlton,2017,2,"26,342","13,326",48.71,"21,633",0,"34,959"
005400002018,54,00540000,Charlton,2018,3,"40,251","20,853",48.31,"21,633",0,"42,486"
005400002019,54,00540000,Charlton,2019,3,"41,511","21,350",48.57,"21,633",0,"42,983"
005400002020,54,00540000,Charlton,2020,0,0,0,46.81,0,0,0
005400002021,54,00540000,Charlton,2021,1,"14,658","7,900",46.10,"6,759","6,758","14,659"
005400002022,54,00540000,Charlton,2022,1,"14,953","8,396",43.85,"6,789",0,"15,185"
005500002007,55,00550000,Chatham,2007,559,"4,300,106","6,443,767",17.50,"532,284",0,"6,976,051"
005500002008,55,00550000,Chatham,2008,562,"4,585,030","6,009,057",17.50,"613,313",0,"6,622,370"
005500002009,55,00550000,Chatham,2009,585,"4,990,262","5,494,357",17.50,"699,107",0,"6,193,464"
005500002010,55,00550000,Chatham,2010,555,"4,899,882","5,453,455",17.50,"685,125",0,"6,138,580"
005500002011,55,00550000,Chatham,2011,548,"4,739,535","5,103,025",17.50,"645,100",0,"5,748,125"
005500002012,55,00550000,Chatham,2012,528,"4,715,148","4,968,026",17.50,"648,563",0,"5,616,589"
005500002013,55,00550000,Chatham,2013,0,0,0,17.50,0,0,0
005500002014,55,00550000,Chatham,2014,0,0,0,17.50,0,0,0
005500002015,55,00550000,Chatham,2015,0,0,0,17.50,0,0,0
005500002016,55,00550000,Chatham,2016,0,0,0,17.50,0,0,0
005500002017,55,00550000,Chatham,2017,0,0,0,17.50,0,0,0
005500002018,55,00550000,Chatham,2018,0,0,0,17.50,0,0,0
005500002019,55,00550000,Chatham,2019,0,0,0,17.50,0,0,0
005500002020,55,00550000,Chatham,2020,0,0,0,17.50,0,0,0
005500002021,55,00550000,Chatham,2021,0,0,0,17.50,0,0,0
005500002022,55,00550000,Chatham,2022,0,0,0,17.50,0,0,0
005600002007,56,00560000,Chelmsford,2007,"5,633","42,592,748","37,179,861",22.76,"7,440,307",0,"44,620,168"
005600002008,56,00560000,Chelmsford,2008,"5,563","44,064,611","37,500,357",23.88,"8,365,004",0,"45,865,361"
005600002009,56,00560000,Chelmsford,2009,"5,543","46,153,358","37,130,897",25.13,"9,432,005","657,457","46,562,902"
005600002010,56,00560000,Chelmsford,2010,"5,522","47,744,450","37,306,579",26.03,"9,243,365",0,"46,549,944"
005600002011,56,00560000,Chelmsford,2011,"5,430","45,545,882","37,406,417",24.49,"9,828,091",0,"47,234,508"
005600002012,56,00560000,Chelmsford,2012,"5,321","45,821,657","38,188,765",23.45,"9,880,853",0,"48,069,618"
005600002013,56,00560000,Chelmsford,2013,"5,226","47,211,208","38,901,400",22.63,"10,089,893",0,"48,991,293"
005600002014,56,00560000,Chelmsford,2014,"5,147","46,881,673","39,656,173",19.87,"10,218,568",0,"49,874,741"
005600002015,56,00560000,Chelmsford,2015,"5,122","47,335,965","39,489,751",20.43,"10,346,618",0,"49,836,369"
005600002016,56,00560000,Chelmsford,2016,"5,056","47,241,971","39,434,421",19.50,"10,473,018",0,"49,907,439"
005600002017,56,00560000,Chelmsford,2017,"4,970","46,800,513","38,219,600",19.36,"10,746,368",0,"48,965,968"
005600002018,56,00560000,Chelmsford,2018,"4,932","47,405,594","37,968,938",20.66,"10,894,328",0,"48,863,266"
005600002019,56,00560000,Chelmsford,2019,"5,094","50,869,628","40,222,347",17.50,"11,047,148",0,"51,269,495"
005600002020,56,00560000,Chelmsford,2020,"5,076","52,945,359","42,445,789",17.50,"11,199,428",0,"53,645,217"
005600002021,56,00560000,Chelmsford,2021,"5,112","54,223,728","43,879,883",17.50,"11,199,428",0,"55,079,311"
005600002022,56,00560000,Chelmsford,2022,"4,956","54,364,866","44,851,014",17.50,"11,348,108",0,"56,199,122"
005700002007,57,00570000,Chelsea,2007,"5,465","53,256,174","9,142,672",74.10,"44,127,092","2,112,800","53,269,764"
005700002008,57,00570000,Chelsea,2008,"5,532","58,311,559","9,794,441",75.72,"48,517,118","4,390,026","58,311,559"
005700002009,57,00570000,Chelsea,2009,"5,510","61,064,522","10,267,187",75.69,"50,797,335","2,280,217","61,064,522"
005700002010,57,00570000,Chelsea,2010,"5,604","62,117,726","10,206,209",76.07,"49,781,388",0,"59,987,597"
005700002011,57,00570000,Chelsea,2011,"5,710","63,666,524","10,921,568",76.80,"51,355,990","2,909,900","62,277,558"
005700002012,57,00570000,Chelsea,2012,"5,789","64,097,835","11,332,640",77.73,"52,765,195","1,131,480","64,097,835"
005700002013,57,00570000,Chelsea,2013,"5,940","67,545,521","11,524,290",77.93,"56,040,644","3,256,036","67,564,934"
005700002014,57,00570000,Chelsea,2014,"6,175","73,447,859","11,993,753",79.03,"61,454,106","5,413,462","73,447,859"
005700002015,57,00570000,Chelsea,2015,"6,557","77,392,158","12,901,270",79.71,"64,490,888","3,036,782","77,392,158"
005700002016,57,00570000,Chelsea,2016,"6,924","84,321,342","13,967,161",80.86,"70,354,181","5,863,293","84,321,342"
005700002017,57,00570000,Chelsea,2017,"7,038","83,654,803","14,735,937",80.39,"71,681,078",0,"86,417,015"
005700002018,57,00570000,Chelsea,2018,"7,143","87,574,481","16,070,465",79.26,"73,109,660",0,"89,180,125"
005700002019,57,00570000,Chelsea,2019,"7,211","94,734,547","17,306,968",79.96,"77,723,604","5,532,211","95,030,572"
005700002020,57,00570000,Chelsea,2020,"7,116","100,163,293","18,590,816",78.31,"81,572,477","3,848,873","100,163,293"
005700002021,57,00570000,Chelsea,2021,"7,289","105,670,799","19,903,086",78.49,"85,769,782","4,195,236","105,672,868"
005700002022,57,00570000,Chelsea,2022,"7,097","114,106,348","19,018,231",78.36,"95,092,112","9,318,335","114,110,343"
005800002007,58,00580000,Cheshire,2007,35,"421,382","162,084",61.58,"269,956",0,"432,040"
005800002008,58,00580000,Cheshire,2008,38,"475,085","183,097",60.77,"302,591","22,032","485,688"
005800002009,58,00580000,Cheshire,2009,38,"499,695","201,075",57.94,"316,850",0,"517,925"
005800002010,58,00580000,Cheshire,2010,33,"453,353","179,424",54.67,"310,513",0,"489,937"
005800002011,58,00580000,Cheshire,2011,36,"479,486","198,341",55.27,"298,092",0,"496,433"
005800002012,58,00580000,Cheshire,2012,36,"488,021","199,213",51.64,"298,092",0,"497,305"
005800002013,58,00580000,Cheshire,2013,40,"556,623","238,032",49.84,"318,591","20,499","556,623"
005800002014,58,00580000,Cheshire,2014,3,"38,682","17,166",49.44,"21,802",0,"38,968"
005800002015,58,00580000,Cheshire,2015,1,"13,005","5,919",49.31,"13,005",0,"18,924"
005800002016,58,00580000,Cheshire,2016,1,"13,200","6,175",49.64,"13,005",0,"19,180"
005800002017,58,00580000,Cheshire,2017,0,0,0,49.71,0,0,0
005800002018,58,00580000,Cheshire,2018,0,0,0,52.68,0,0,0
005800002019,58,00580000,Cheshire,2019,0,0,0,52.51,0,0,0
005800002020,58,00580000,Cheshire,2020,0,0,0,51.20,0,0,0
005800002021,58,00580000,Cheshire,2021,1,"14,658","6,986",52.34,"7,672","7,672","14,658"
005800002022,58,00580000,Cheshire,2022,1,"14,953","7,513",49.75,"7,702",0,"15,215"
005900002007,59,00590000,Chester,2007,10,"108,497","52,566",58.32,"89,800",0,"142,366"
005900002008,59,00590000,Chester,2008,12,"158,055","67,713",62.96,"121,002",542,"188,715"
005900002009,59,00590000,Chester,2009,13,"178,186","77,758",61.84,"133,451",0,"211,209"
005900002010,59,00590000,Chester,2010,13,"183,603","77,294",62.19,"130,782",0,"208,076"
005900002011,59,00590000,Chester,2011,12,"167,528","73,335",62.25,"125,551",0,"198,886"
005900002012,59,00590000,Chester,2012,12,"170,510","80,804",56.54,"125,551",0,"206,355"
005900002013,59,00590000,Chester,2013,15,"214,826","97,804",58.20,"125,551",0,"223,355"
005900002014,59,00590000,Chester,2014,17,"243,944","117,682",56.65,"126,262",711,"243,944"
005900002015,59,00590000,Chester,2015,15,"220,032","109,806",53.53,"126,262",0,"236,068"
005900002016,59,00590000,Chester,2016,14,"210,132","99,091",54.43,"126,262",0,"225,353"
005900002017,59,00590000,Chester,2017,10,"131,709","66,688",50.05,"126,262",0,"192,950"
005900002018,59,00590000,Chester,2018,7,"93,918","48,725",48.84,"93,918",0,"142,643"
005900002019,59,00590000,Chester,2019,4,"55,349","28,255",48.95,"55,349",0,"83,604"
005900002020,59,00590000,Chester,2020,7,"100,603","51,760",48.55,"55,349",0,"107,109"
005900002021,59,00590000,Chester,2021,9,"131,920","68,221",48.29,"63,699","8,350","131,920"
005900002022,59,00590000,Chester,2022,9,"134,575","64,400",52.15,"72,014","6,476","136,414"
006000002007,60,00600000,Chesterfield,2007,12,"151,018","79,291",57.71,"87,945",0,"167,236"
006000002008,60,00600000,Chesterfield,2008,18,"226,187","122,154",53.90,"128,461","16,088","250,615"
006000002009,60,00600000,Chesterfield,2009,15,"202,073","103,249",53.01,"129,211",0,"232,460"
006000002010,60,00600000,Chesterfield,2010,13,"183,603","91,172",51.95,"126,627",0,"217,799"
006000002011,60,00600000,Chesterfield,2011,13,"179,564","95,302",50.02,"121,562",0,"216,864"
006000002012,60,00600000,Chesterfield,2012,12,"170,510","94,294",46.72,"121,562",0,"215,856"
006000002013,60,00600000,Chesterfield,2013,22,"303,706","170,592",47.18,"133,114","11,552","303,706"
006000002014,60,00600000,Chesterfield,2014,18,"256,838","151,126",44.23,"133,114",0,"284,240"
006000002015,60,00600000,Chesterfield,2015,18,"259,046","153,673",42.26,"133,114",0,"286,787"
006000002016,60,00600000,Chesterfield,2016,20,"289,332","163,969",45.42,"133,114",0,"297,083"
006000002017,60,00600000,Chesterfield,2017,18,"262,353","155,148",41.46,"133,114",0,"288,262"
006000002018,60,00600000,Chesterfield,2018,18,"267,135","162,099",39.83,"133,114",0,"295,213"
006000002019,60,00600000,Chesterfield,2019,17,"261,536","168,199",34.65,"133,114",0,"301,313"
006000002020,60,00600000,Chesterfield,2020,19,"300,232","197,488",34.22,"133,114",0,"330,602"
006000002021,60,00600000,Chesterfield,2021,17,"276,891","199,297",28.02,"133,114",0,"332,411"
006000002022,60,00600000,Chesterfield,2022,16,"267,393","209,594",21.62,"133,594",0,"343,188"
006100002007,61,00610000,Chicopee,2007,"7,395","66,358,804","26,441,283",65.36,"39,917,521","2,303,713","66,358,804"
006100002008,61,00610000,Chicopee,2008,"7,503","70,099,506","26,325,951",66.70,"43,773,555","3,856,034","70,099,506"
006100002009,61,00610000,Chicopee,2009,"7,528","74,549,552","26,468,494",67.43,"48,081,058","4,307,503","74,549,552"
006100002010,61,00610000,Chicopee,2010,"7,538","76,114,569","26,127,050",65.67,"47,119,437",0,"73,246,487"
006100002011,61,00610000,Chicopee,2011,"7,623","78,296,360","26,109,119",67.93,"51,185,902","4,199,223","77,295,021"
006100002012,61,00610000,Chicopee,2012,"7,727","80,257,160","26,628,690",66.59,"53,628,470","2,167,779","80,257,160"
006100002013,61,00610000,Chicopee,2013,"7,750","83,403,438","27,382,282",66.49,"56,021,156","2,392,686","83,403,438"
006100002014,61,00610000,Chicopee,2014,"7,704","85,269,685","28,420,070",66.54,"56,849,615","828,459","85,269,685"
006100002015,61,00610000,Chicopee,2015,"7,757","86,339,875","29,088,958",66.82,"57,250,917","401,302","86,339,875"
006100002016,61,00610000,Chicopee,2016,"7,852","89,726,607","30,214,682",66.77,"59,511,925","2,261,008","89,726,607"
006100002017,61,00610000,Chicopee,2017,"7,724","89,575,524","30,016,446",66.76,"59,936,745","47,153","89,953,191"
006100002018,61,00610000,Chicopee,2018,"7,758","91,782,958","29,420,367",68.29,"62,362,591","2,425,846","91,782,958"
006100002019,61,00610000,Chicopee,2019,"7,702","93,898,618","30,063,802",67.98,"63,834,816","1,472,225","93,898,618"
006100002020,61,00610000,Chicopee,2020,"7,666","99,336,605","30,513,907",69.28,"68,822,698","4,987,882","99,336,605"
006100002021,61,00610000,Chicopee,2021,"7,571","99,981,144","30,903,112",69.09,"69,078,032","255,334","99,981,144"
006100002022,61,00610000,Chicopee,2022,"7,269","103,803,922","31,307,943",69.84,"72,495,979","3,417,947","103,803,922"
006200002007,62,00620000,Chilmark,2007,0,0,0,17.50,0,0,0
006200002008,62,00620000,Chilmark,2008,0,0,0,17.50,0,0,0
006200002009,62,00620000,Chilmark,2009,0,0,0,17.50,0,0,0
006200002010,62,00620000,Chilmark,2010,0,0,0,17.50,0,0,0
006200002011,62,00620000,Chilmark,2011,0,0,0,17.50,0,0,0
006200002012,62,00620000,Chilmark,2012,0,0,0,17.50,0,0,0
006200002013,62,00620000,Chilmark,2013,0,0,0,17.50,0,0,0
006200002014,62,00620000,Chilmark,2014,0,0,0,17.50,0,0,0
006200002015,62,00620000,Chilmark,2015,0,0,0,17.50,0,0,0
006200002016,62,00620000,Chilmark,2016,0,0,0,17.50,0,0,0
006200002017,62,00620000,Chilmark,2017,0,0,0,17.50,0,0,0
006200002018,62,00620000,Chilmark,2018,0,0,0,17.50,0,0,0
006200002019,62,00620000,Chilmark,2019,0,0,0,17.50,0,0,0
006200002020,62,00620000,Chilmark,2020,0,0,0,17.50,0,0,0
006200002021,62,00620000,Chilmark,2021,0,0,0,17.50,0,0,0
006200002022,62,00620000,Chilmark,2022,0,0,0,17.50,0,0,0
006300002007,63,00630000,Clarksburg,2007,256,"1,972,655","539,994",71.84,"1,491,068",0,"2,031,062"
006300002008,63,00630000,Clarksburg,2008,272,"2,196,794","547,599",73.61,"1,656,057","158,127","2,203,656"
006300002009,63,00630000,Clarksburg,2009,270,"2,288,928","572,047",73.06,"1,723,370","60,824","2,295,417"
006300002010,63,00630000,Clarksburg,2010,270,"2,376,571","528,092",73.02,"1,688,903",0,"2,216,995"
006300002011,63,00630000,Clarksburg,2011,254,"2,231,782","543,566",71.66,"1,740,491",0,"2,284,057"
006300002012,63,00630000,Clarksburg,2012,242,"2,136,484","549,697",68.43,"1,749,835",0,"2,299,532"
006300002013,63,00630000,Clarksburg,2013,226,"2,103,295","569,562",67.07,"1,758,875",0,"2,328,437"
006300002014,63,00630000,Clarksburg,2014,209,"1,986,376","576,786",65.78,"1,764,100",0,"2,340,886"
006300002015,63,00630000,Clarksburg,2015,200,"1,905,986","594,708",64.15,"1,769,100",0,"2,363,808"
006300002016,63,00630000,Clarksburg,2016,180,"1,772,263","585,884",62.46,"1,773,600",0,"2,359,484"
006300002017,63,00630000,Clarksburg,2017,175,"1,783,982","612,660",62.26,"1,783,225",0,"2,395,885"
006300002018,63,00630000,Clarksburg,2018,180,"1,862,062","641,854",65.37,"1,788,625",0,"2,430,479"
006300002019,63,00630000,Clarksburg,2019,195,"2,064,206","709,296",65.64,"1,794,475",0,"2,503,771"
006300002020,63,00630000,Clarksburg,2020,182,"2,056,911","685,446",64.24,"1,799,935",0,"2,485,381"
006300002021,63,00630000,Clarksburg,2021,171,"2,005,332","683,465",64.24,"1,799,935",0,"2,483,400"
006300002022,63,00630000,Clarksburg,2022,180,"2,139,256","735,842",64.80,"1,805,335",0,"2,541,177"
006400002007,64,00640000,Clinton,2007,"2,076","17,332,016","7,423,486",56.41,"9,908,530","1,014,426","17,332,016"
006400002008,64,00640000,Clinton,2008,"2,034","18,272,408","7,817,673",55.43,"10,454,735","546,205","18,272,408"
006400002009,64,00640000,Clinton,2009,"2,051","19,345,443","8,132,725",55.94,"11,212,718","757,983","19,345,443"
006400002010,64,00640000,Clinton,2010,"2,018","19,828,375","8,774,199",55.75,"10,988,464",0,"19,762,663"
006400002011,64,00640000,Clinton,2011,"2,011","19,382,689","8,846,816",55.56,"10,408,392",0,"19,255,208"
006400002012,64,00640000,Clinton,2012,"1,982","19,545,739","9,048,453",54.52,"10,497,286","33,017","19,545,739"
006400002013,64,00640000,Clinton,2013,"1,976","20,163,527","9,343,931",54.41,"10,857,441","322,310","20,201,372"
006400002014,64,00640000,Clinton,2014,"1,985","20,693,064","9,644,943",54.87,"11,124,662","190,680","20,769,605"
006400002015,64,00640000,Clinton,2015,"1,991","20,886,486","9,674,943",55.00,"11,251,679","86,881","20,926,622"
006400002016,64,00640000,Clinton,2016,"1,979","21,129,205","9,800,189",55.29,"11,329,016","77,337","21,129,205"
006400002017,64,00640000,Clinton,2017,"2,029","21,580,496","9,661,218",55.60,"12,016,981","590,262","21,678,199"
006400002018,64,00640000,Clinton,2018,"2,026","21,918,110","9,770,470",55.64,"12,209,651","130,659","21,980,121"
006400002019,64,00640000,Clinton,2019,"2,016","22,676,410","10,266,561",54.73,"12,409,849","262,209","22,676,410"
006400002020,64,00640000,Clinton,2020,"2,022","24,086,138","10,670,037",54.08,"13,416,101","1,006,252","24,086,138"
006400002021,64,00640000,Clinton,2021,"2,086","25,739,350","11,372,125",55.60,"14,367,225","951,124","25,739,350"
006400002022,64,00640000,Clinton,2022,"2,050","26,864,609","11,925,947",55.40,"14,938,662","571,437","26,864,609"
006500002007,65,00650000,Cohasset,2007,"1,521","11,254,255","9,701,624",17.50,"1,552,631","332,008","11,254,255"
006500002008,65,00650000,Cohasset,2008,"1,497","11,621,502","10,016,645",17.50,"1,696,971","52,226","11,713,616"
006500002009,65,00650000,Cohasset,2009,"1,383","11,287,342","10,125,783",17.50,"1,788,815",0,"11,914,598"
006500002010,65,00650000,Cohasset,2010,"1,414","11,947,087","10,452,621",17.50,"1,753,039",0,"12,205,660"
006500002011,65,00650000,Cohasset,2011,"1,431","11,786,895","10,479,155",17.50,"1,650,626",0,"12,129,781"
006500002012,65,00650000,Cohasset,2012,"1,466","12,238,485","10,714,412",17.50,"1,659,487",0,"12,373,899"
006500002013,65,00650000,Cohasset,2013,"1,466","12,695,055","10,974,758",17.50,"1,720,297","60,810","12,695,055"
006500002014,65,00650000,Cohasset,2014,"1,537","13,558,190","11,461,151",17.50,"2,165,950","376,742","13,627,101"
006500002015,65,00650000,Cohasset,2015,"1,573","14,009,301","11,815,460",17.50,"2,265,937","27,891","14,081,397"
006500002016,65,00650000,Cohasset,2016,"1,553","14,047,813","11,968,705",17.50,"2,304,762",0,"14,273,467"
006500002017,65,00650000,Cohasset,2017,"1,586","14,622,821","12,122,957",17.50,"2,499,864","195,102","14,622,821"
006500002018,65,00650000,Cohasset,2018,"1,525","14,375,664","11,992,671",17.50,"2,545,614",0,"14,538,285"
006500002019,65,00650000,Cohasset,2019,"1,543","15,141,702","12,491,904",17.50,"2,649,798","104,184","15,141,702"
006500002020,65,00650000,Cohasset,2020,"1,523","15,680,191","12,936,157",17.50,"2,748,292","94,236","15,684,449"
006500002021,65,00650000,Cohasset,2021,"1,468","15,514,225","12,799,236",17.50,"2,748,292",0,"15,547,528"
006500002022,65,00650000,Cohasset,2022,"1,419","15,385,214","12,692,802",17.50,"2,790,862",0,"15,483,664"
006600002007,66,00660000,Colrain,2007,0,0,0,59.81,0,0,0
006600002008,66,00660000,Colrain,2008,0,0,0,60.01,0,0,0
006600002009,66,00660000,Colrain,2009,0,0,0,56.48,0,0,0
006600002010,66,00660000,Colrain,2010,0,0,0,52.64,0,0,0
006600002011,66,00660000,Colrain,2011,0,0,0,49.08,0,0,0
006600002012,66,00660000,Colrain,2012,0,0,0,45.58,0,0,0
006600002013,66,00660000,Colrain,2013,0,0,0,42.41,0,0,0
006600002014,66,00660000,Colrain,2014,0,0,0,38.10,0,0,0
006600002015,66,00660000,Colrain,2015,1,"13,005","7,860",41.68,"5,145","5,145","13,005"
006600002016,66,00660000,Colrain,2016,1,"13,200","8,241",39.38,"5,145",0,"13,386"
006600002017,66,00660000,Colrain,2017,1,"13,171","7,776",41.52,"5,395",250,"13,171"
006600002018,66,00660000,Colrain,2018,1,"13,417","7,440",45.40,"5,977",582,"13,417"
006600002019,66,00660000,Colrain,2019,0,0,0,37.91,0,0,0
006600002020,66,00660000,Colrain,2020,0,0,0,44.77,0,0,0
006600002021,66,00660000,Colrain,2021,0,0,0,44.34,0,0,0
006600002022,66,00660000,Colrain,2022,0,0,0,35.75,0,0,0
006700002007,67,00670000,Concord,2007,"1,860","13,626,561","15,556,720",17.50,"1,788,314",0,"17,345,034"
006700002008,67,00670000,Concord,2008,"1,800","13,775,795","14,723,944",17.50,"1,975,049",0,"16,698,993"
006700002009,67,00670000,Concord,2009,"1,783","14,398,287","14,186,610",17.50,"2,154,784",0,"16,341,394"
006700002010,67,00670000,Concord,2010,"1,793","15,022,516","14,230,911",17.50,"2,111,688",0,"16,342,599"
006700002011,67,00670000,Concord,2011,"1,810","14,880,066","14,212,716",17.50,"1,988,323",0,"16,201,039"
006700002012,67,00670000,Concord,2012,"1,850","15,431,249","14,620,020",17.50,"1,998,997",0,"16,619,017"
006700002013,67,00670000,Concord,2013,"1,905","16,485,820","15,013,137",17.50,"2,075,197",0,"17,088,334"
006700002014,67,00670000,Concord,2014,"2,032","17,831,572","15,783,717",17.50,"2,125,997",0,"17,909,714"
006700002015,67,00670000,Concord,2015,"2,088","18,417,417","15,844,185",17.50,"2,573,232","447,235","18,417,417"
006700002016,67,00670000,Concord,2016,"2,040","18,462,887","15,757,030",17.50,"2,705,857","132,625","18,462,887"
006700002017,67,00670000,Concord,2017,"2,011","18,255,708","15,225,394",17.50,"3,030,314","324,457","18,255,708"
006700002018,67,00670000,Concord,2018,"2,029","18,805,577","15,575,689",17.50,"3,229,888","199,574","18,805,577"
006700002019,67,00670000,Concord,2019,"2,031","19,595,700","16,166,453",17.50,"3,429,247","199,359","19,595,700"
006700002020,67,00670000,Concord,2020,"2,020","20,298,530","16,746,287",17.50,"3,552,455","122,996","20,298,742"
006700002021,67,00670000,Concord,2021,"2,081","21,359,035","17,621,204",17.50,"3,737,831","185,376","21,359,035"
006700002022,67,00670000,Concord,2022,"1,998","21,236,752","17,520,320",17.50,"3,797,771",0,"21,318,091"
006800002007,68,00680000,Conway,2007,123,"887,748","570,221",26.01,"569,433",0,"1,139,654"
006800002008,68,00680000,Conway,2008,140,"1,081,795","683,924",25.55,"619,012",0,"1,302,936"
006800002009,68,00680000,Conway,2009,142,"1,153,948","705,236",27.33,"638,732",0,"1,343,968"
006800002010,68,00680000,Conway,2010,141,"1,145,043","908,027",20.70,"625,958",0,"1,533,985"
006800002011,68,00680000,Conway,2011,149,"1,249,386","1,005,920",21.07,"589,390",0,"1,595,310"
006800002012,68,00680000,Conway,2012,146,"1,252,209","987,728",17.50,"592,554",0,"1,580,282"
006800002013,68,00680000,Conway,2013,160,"1,423,806","1,108,375",28.47,"598,954",0,"1,707,329"
006800002014,68,00680000,Conway,2014,150,"1,317,133","1,067,389",17.50,"602,704",0,"1,670,093"
006800002015,68,00680000,Conway,2015,147,"1,306,816","1,065,116",22.06,"606,379",0,"1,671,495"
006800002016,68,00680000,Conway,2016,145,"1,311,759","1,106,711",17.50,"610,004",0,"1,716,715"
006800002017,68,00680000,Conway,2017,134,"1,259,227","1,022,166",19.55,"617,374",0,"1,639,540"
006800002018,68,00680000,Conway,2018,117,"1,137,792","909,237",21.49,"620,884",0,"1,530,121"
006800002019,68,00680000,Conway,2019,100,"1,045,830","858,867",17.50,"623,884",0,"1,482,751"
006800002020,68,00680000,Conway,2020,86,"982,499","810,562",17.50,"626,464",0,"1,437,026"
006800002021,68,00680000,Conway,2021,79,"894,595","738,041",17.50,"626,464",0,"1,364,505"
006800002022,68,00680000,Conway,2022,78,"926,022","763,968",17.50,"628,804",0,"1,392,772"
006900002007,69,00690000,Cummington,2007,7,"75,948","69,777",31.29,"41,166",0,"110,943"
006900002008,69,00690000,Cummington,2008,8,"90,842","76,148",30.04,"45,640",0,"121,788"
006900002009,69,00690000,Cummington,2009,12,"166,243","127,944",33.06,"70,568",0,"198,512"
006900002010,69,00690000,Cummington,2010,15,"208,217","147,140",30.57,"69,156",0,"216,296"
006900002011,69,00690000,Cummington,2011,15,"203,636","157,619",25.88,"66,390",0,"224,009"
006900002012,69,00690000,Cummington,2012,20,"268,511","194,827",31.74,"73,684","7,294","268,511"
006900002013,69,00690000,Cummington,2013,11,"164,037","133,703",24.47,"73,684",0,"207,387"
006900002014,69,00690000,Cummington,2014,11,"166,579","138,227",17.50,"73,684",0,"211,911"
006900002015,69,00690000,Cummington,2015,11,"168,012","147,058",17.50,"73,684",0,"220,742"
006900002016,69,00690000,Cummington,2016,9,"118,800","105,143",17.50,"73,684",0,"178,827"
006900002017,69,00690000,Cummington,2017,9,"118,538","100,240",17.50,"73,684",0,"173,924"
006900002018,69,00690000,Cummington,2018,9,"120,752","96,880",17.50,"73,684",0,"170,564"
006900002019,69,00690000,Cummington,2019,8,"110,697","91,325",17.50,"73,684",0,"165,009"
006900002020,69,00690000,Cummington,2020,6,"86,231","71,140",17.50,"73,684",0,"144,824"
006900002021,69,00690000,Cummington,2021,6,"87,947","72,556",17.50,"73,684",0,"146,240"
006900002022,69,00690000,Cummington,2022,4,"59,811","49,344",17.50,"59,811",0,"109,155"
007000002007,70,00700000,Dalton,2007,19,"226,965","100,136",58.12,"177,549",0,"277,685"
007000002008,70,00700000,Dalton,2008,22,"271,608","128,312",58.37,"203,607",0,"331,919"
007000002009,70,00700000,Dalton,2009,23,"297,621","135,954",57.63,"218,598",0,"354,552"
007000002010,70,00700000,Dalton,2010,22,"294,363","133,527",56.46,"214,226",0,"347,753"
007000002011,70,00700000,Dalton,2011,21,"275,850","131,098",54.83,"205,657",0,"336,755"
007000002012,70,00700000,Dalton,2012,31,"403,262","190,360",52.52,"212,902","7,245","403,262"
007000002013,70,00700000,Dalton,2013,38,"531,229","258,303",51.84,"272,926","60,024","531,229"
007000002014,70,00700000,Dalton,2014,36,"513,675","262,243",44.37,"272,926",0,"535,169"
007000002015,70,00700000,Dalton,2015,25,"350,081","180,975",49.03,"272,926",0,"453,901"
007000002016,70,00700000,Dalton,2016,20,"289,332","153,272",48.77,"272,926",0,"426,198"
007000002017,70,00700000,Dalton,2017,16,"236,011","127,014",46.68,"236,011",0,"363,025"
007000002018,70,00700000,Dalton,2018,16,"240,301","128,163",47.03,"236,011",0,"364,174"
007000002019,70,00700000,Dalton,2019,19,"289,210","146,665",49.29,"236,011",0,"382,676"
007000002020,70,00700000,Dalton,2020,18,"285,860","144,148",49.57,"236,011",0,"380,159"
007000002021,70,00700000,Dalton,2021,24,"379,495","187,215",50.67,"236,011",0,"423,226"
007000002022,70,00700000,Dalton,2022,19,"312,252","155,489",50.20,"236,581",0,"392,070"
007100002007,71,00710000,Danvers,2007,"3,647","27,291,805","27,200,094",17.50,"3,957,823",0,"31,157,917"
007100002008,71,00710000,Danvers,2008,"3,664","28,772,437","27,211,346",17.79,"4,306,061",0,"31,517,407"
007100002009,71,00710000,Danvers,2009,"3,630","29,725,451","27,058,817",17.50,"4,601,706",0,"31,660,523"
007100002010,71,00710000,Danvers,2010,"3,640","31,202,047","27,175,421",19.61,"4,509,672",0,"31,685,093"
007100002011,71,00710000,Danvers,2011,"3,688","31,223,555","27,353,004",19.18,"4,246,217",0,"31,599,221"
007100002012,71,00710000,Danvers,2012,"3,698","31,951,682","27,692,459",19.35,"4,269,013",0,"31,961,472"
007100002013,71,00710000,Danvers,2013,"3,680","33,482,300","28,151,599",21.37,"5,786,818","1,061,688","33,938,417"
007100002014,71,00710000,Danvers,2014,"3,691","34,213,600","29,050,571",20.33,"6,079,019",0,"35,129,590"
007100002015,71,00710000,Danvers,2015,"3,717","34,741,462","29,063,843",19.06,"6,334,657",0,"35,398,500"
007100002016,71,00710000,Danvers,2016,"3,660","34,881,941","29,397,926",17.50,"6,426,157",0,"35,824,083"
007100002017,71,00710000,Danvers,2017,"3,689","35,588,532","29,520,671",17.50,"6,629,052",0,"36,149,723"
007100002018,71,00710000,Danvers,2018,"3,460","33,833,412","28,261,906",17.50,"6,732,852",0,"34,994,758"
007100002019,71,00710000,Danvers,2019,"3,516","35,346,165","29,017,711",17.50,"6,838,332",0,"35,856,043"
007100002020,71,00710000,Danvers,2020,"3,545","37,107,615","30,032,857",17.50,"7,108,192","236,426","37,141,049"
007100002021,71,00710000,Danvers,2021,"3,483","37,325,532","30,589,946",17.50,"7,108,192",0,"37,698,138"
007100002022,71,00710000,Danvers,2022,"3,384","37,556,777","30,917,580",17.50,"7,209,712",0,"38,127,292"
007200002007,72,00720000,Dartmouth,2007,"4,178","31,787,364","22,637,645",20.22,"9,149,719","829,529","31,787,364"
007200002008,72,00720000,Dartmouth,2008,"4,173","33,384,730","24,241,171",17.50,"9,429,258",0,"33,670,429"
007200002009,72,00720000,Dartmouth,2009,"4,114","34,838,597","25,612,050",17.50,"9,683,685",0,"35,295,735"
007200002010,72,00720000,Dartmouth,2010,"3,979","34,865,610","25,982,767",17.50,"9,490,011",0,"35,472,778"
007200002011,72,00720000,Dartmouth,2011,"3,911","33,815,805","26,783,708",17.50,"8,935,606",0,"35,719,314"
007200002012,72,00720000,Dartmouth,2012,"3,964","34,643,309","27,284,947",17.50,"8,983,576",0,"36,268,523"
007200002013,72,00720000,Dartmouth,2013,"3,861","35,441,243","28,041,617",17.50,"9,138,016",0,"37,179,633"
007200002014,72,00720000,Dartmouth,2014,"3,802","35,496,365","28,917,668",17.50,"9,233,066",0,"38,150,734"
007200002015,72,00720000,Dartmouth,2015,"3,719","35,239,525","29,520,834",17.50,"9,326,041",0,"38,846,875"
007200002016,72,00720000,Dartmouth,2016,"3,721","36,075,718","30,256,260",17.50,"9,419,066",0,"39,675,326"
007200002017,72,00720000,Dartmouth,2017,"3,707","36,117,172","29,976,096",17.50,"9,622,951",0,"39,599,047"
007200002018,72,00720000,Dartmouth,2018,"3,646","36,194,408","30,013,628",17.50,"9,732,331",0,"39,745,959"
007200002019,72,00720000,Dartmouth,2019,"3,640","37,575,677","30,999,934",17.50,"9,841,531",0,"40,841,465"
007200002020,72,00720000,Dartmouth,2020,"3,553","38,394,448","31,675,420",17.50,"9,948,121",0,"41,623,541"
007200002021,72,00720000,Dartmouth,2021,"3,517","38,785,092","31,997,701",17.50,"9,948,121",0,"41,945,822"
007200002022,72,00720000,Dartmouth,2022,"3,369","38,413,026","31,690,747",17.50,"10,049,191",0,"41,739,938"
007300002007,73,00730000,Dedham,2007,"2,763","21,999,587","24,648,038",17.50,"3,524,055",0,"28,172,093"
007300002008,73,00730000,Dedham,2008,"2,737","22,956,469","24,204,569",17.50,"3,691,509",0,"27,896,078"
007300002009,73,00730000,Dedham,2009,"2,739","24,352,510","23,678,833",17.50,"3,935,816",0,"27,614,649"
007300002010,73,00730000,Dedham,2010,"2,725","25,074,340","23,853,832",17.50,"3,857,099",0,"27,710,931"
007300002011,73,00730000,Dedham,2011,"2,786","25,207,774","23,636,066",17.50,"3,631,768",0,"27,267,834"
007300002012,73,00730000,Dedham,2012,"2,749","25,446,766","23,938,734",17.50,"3,651,265",0,"27,589,999"
007300002013,73,00730000,Dedham,2013,"2,757","26,335,983","24,613,424",17.50,"3,890,648",0,"28,504,072"
007300002014,73,00730000,Dedham,2014,"2,708","26,535,745","25,162,541",17.50,"4,078,925",0,"29,241,466"
007300002015,73,00730000,Dedham,2015,"2,731","27,117,828","24,153,827",17.50,"4,312,268",0,"28,466,095"
007300002016,73,00730000,Dedham,2016,"2,681","26,929,203","23,751,768",17.50,"4,379,293",0,"28,131,061"
007300002017,73,00730000,Dedham,2017,"2,651","26,660,499","22,460,566",17.50,"4,525,098",0,"26,985,664"
007300002018,73,00730000,Dedham,2018,"2,612","27,026,024","22,421,830",17.50,"4,604,194","79,096","27,026,024"
007300002019,73,00730000,Dedham,2019,"2,648","28,479,923","23,238,711",17.50,"5,241,212","637,018","28,479,923"
007300002020,73,00730000,Dedham,2020,"2,681","30,327,812","24,319,967",17.50,"6,066,360","766,633","30,386,327"
007300002021,73,00730000,Dedham,2021,"2,700","31,069,862","25,205,198",17.50,"6,066,360",0,"31,271,558"
007300002022,73,00730000,Dedham,2022,"2,586","30,666,509","25,299,870",17.50,"6,143,940",0,"31,443,810"
007400002007,74,00740000,Deerfield,2007,387,"2,837,157","1,916,205",25.50,"920,952","208,592","2,837,157"
007400002008,74,00740000,Deerfield,2008,373,"2,894,787","1,943,673",20.92,"951,114","30,162","2,894,787"
007400002009,74,00740000,Deerfield,2009,403,"3,308,363","2,201,765",23.17,"1,106,598","155,484","3,308,363"
007400002010,74,00740000,Deerfield,2010,399,"3,364,244","2,590,037",23.01,"1,084,466",0,"3,674,503"
007400002011,74,00740000,Deerfield,2011,398,"3,310,479","2,602,950",24.60,"1,021,111",0,"3,624,061"
007400002012,74,00740000,Deerfield,2012,403,"3,402,540","2,702,788",17.50,"1,026,593",0,"3,729,381"
007400002013,74,00740000,Deerfield,2013,385,"3,431,229","2,733,958",22.26,"1,041,993",0,"3,775,951"
007400002014,74,00740000,Deerfield,2014,344,"3,138,146","2,712,329",17.50,"1,050,593",0,"3,762,922"
007400002015,74,00740000,Deerfield,2015,350,"3,182,088","2,730,251",17.50,"1,059,343",0,"3,789,594"
007400002016,74,00740000,Deerfield,2016,345,"3,228,032","2,757,185",17.50,"1,067,968",0,"3,825,153"
007400002017,74,00740000,Deerfield,2017,321,"2,985,824","2,500,490",17.50,"1,085,623",0,"3,586,113"
007400002018,74,00740000,Deerfield,2018,329,"3,148,595","2,614,687",17.50,"1,095,493",0,"3,710,180"
007400002019,74,00740000,Deerfield,2019,313,"3,139,879","2,590,401",17.50,"1,104,883",0,"3,695,284"
007400002020,74,00740000,Deerfield,2020,316,"3,354,720","2,690,443",17.74,"1,114,363",0,"3,804,806"
007400002021,74,00740000,Deerfield,2021,315,"3,368,724","2,732,273",17.50,"1,114,363",0,"3,846,636"
007400002022,74,00740000,Deerfield,2022,293,"3,195,342","2,636,157",17.50,"1,123,153",0,"3,759,310"
007500002007,75,00750000,Dennis,2007,0,0,0,17.50,0,0,0
007500002008,75,00750000,Dennis,2008,0,0,0,17.50,0,0,0
007500002009,75,00750000,Dennis,2009,0,0,0,17.50,0,0,0
007500002010,75,00750000,Dennis,2010,0,0,0,17.50,0,0,0
007500002011,75,00750000,Dennis,2011,0,0,0,17.50,0,0,0
007500002012,75,00750000,Dennis,2012,0,0,0,17.50,0,0,0
007500002013,75,00750000,Dennis,2013,0,0,0,17.50,0,0,0
007500002014,75,00750000,Dennis,2014,0,0,0,17.50,0,0,0
007500002015,75,00750000,Dennis,2015,0,0,0,17.50,0,0,0
007500002016,75,00750000,Dennis,2016,0,0,0,17.50,0,0,0
007500002017,75,00750000,Dennis,2017,0,0,0,17.50,0,0,0
007500002018,75,00750000,Dennis,2018,0,0,0,17.50,0,0,0
007500002019,75,00750000,Dennis,2019,0,0,0,17.50,0,0,0
007500002020,75,00750000,Dennis,2020,0,0,0,17.50,0,0,0
007500002021,75,00750000,Dennis,2021,0,0,0,17.50,0,0,0
007500002022,75,00750000,Dennis,2022,0,0,0,17.50,0,0,0
007600002007,76,00760000,Dighton,2007,0,0,0,53.30,0,0,0
007600002008,76,00760000,Dighton,2008,0,0,0,50.44,0,0,0
007600002009,76,00760000,Dighton,2009,0,0,0,51.81,0,0,0
007600002010,76,00760000,Dighton,2010,0,0,0,52.75,0,0,0
007600002011,76,00760000,Dighton,2011,0,0,0,52.03,0,0,0
007600002012,76,00760000,Dighton,2012,0,0,0,50.57,0,0,0
007600002013,76,00760000,Dighton,2013,0,0,0,50.28,0,0,0
007600002014,76,00760000,Dighton,2014,0,0,0,47.56,0,0,0
007600002015,76,00760000,Dighton,2015,0,0,0,46.27,0,0,0
007600002016,76,00760000,Dighton,2016,0,0,0,49.96,0,0,0
007600002017,76,00760000,Dighton,2017,0,0,0,50.60,0,0,0
007600002018,76,00760000,Dighton,2018,0,0,0,51.85,0,0,0
007600002019,76,00760000,Dighton,2019,0,0,0,52.73,0,0,0
007600002020,76,00760000,Dighton,2020,0,0,0,50.62,0,0,0
007600002021,76,00760000,Dighton,2021,0,0,0,49.39,0,0,0
007600002022,76,00760000,Dighton,2022,0,0,0,48.36,0,0,0
007700002007,77,00770000,Douglas,2007,"1,504","11,244,183","4,402,719",52.66,"6,966,367","241,060","11,369,086"
007700002008,77,00770000,Douglas,2008,"1,521","11,934,136","4,703,853",50.96,"7,317,967","263,916","12,021,820"
007700002009,77,00770000,Douglas,2009,"1,588","13,091,381","5,025,155",52.62,"8,066,226","748,259","13,091,381"
007700002010,77,00770000,Douglas,2010,"1,615","13,862,038","5,156,920",54.09,"7,904,901",0,"13,061,821"
007700002011,77,00770000,Douglas,2011,"1,634","13,727,725","5,395,470",54.22,"8,196,565",0,"13,592,035"
007700002012,77,00770000,Douglas,2012,"1,610","13,936,066","5,567,549",53.28,"8,368,517","127,949","13,936,066"
007700002013,77,00770000,Douglas,2013,"1,583","14,220,617","5,766,202",52.65,"8,454,415","85,898","14,220,617"
007700002014,77,00770000,Douglas,2014,"1,549","14,221,467","5,973,388",53.32,"8,493,140",0,"14,466,528"
007700002015,77,00770000,Douglas,2015,"1,508","13,898,746","6,212,332",51.64,"8,530,840",0,"14,743,172"
007700002016,77,00770000,Douglas,2016,"1,452","13,645,815","6,463,272",49.68,"8,567,140",0,"15,030,412"
007700002017,77,00770000,Douglas,2017,"1,405","13,394,370","6,691,646",48.19,"8,644,415",0,"15,336,061"
007700002018,77,00770000,Douglas,2018,"1,328","12,935,870","6,783,425",47.58,"8,684,255",0,"15,467,680"
007700002019,77,00770000,Douglas,2019,"1,284","12,935,310","6,890,730",46.67,"8,722,775",0,"15,613,505"
007700002020,77,00770000,Douglas,2020,"1,227","12,970,127","7,112,759",43.33,"8,759,585",0,"15,872,344"
007700002021,77,00770000,Douglas,2021,"1,213","13,102,757","7,355,911",43.59,"8,759,585",0,"16,115,496"
007700002022,77,00770000,Douglas,2022,"1,106","12,319,421","7,492,002",39.19,"8,792,765",0,"16,284,767"
007800002007,78,00780000,Dover,2007,617,"4,498,246","4,992,151",17.50,"448,199",0,"5,440,350"
007800002008,78,00780000,Dover,2008,604,"4,612,399","4,726,827",17.50,"555,890",0,"5,282,717"
007800002009,78,00780000,Dover,2009,598,"4,778,688","4,574,431",17.50,"648,415",0,"5,222,846"
007800002010,78,00780000,Dover,2010,585,"4,840,709","4,416,450",17.50,"635,447",0,"5,051,897"
007800002011,78,00780000,Dover,2011,579,"4,717,532","4,342,062",17.50,"598,324",0,"4,940,386"
007800002012,78,00780000,Dover,2012,555,"4,590,182","4,311,579",17.50,"601,536",0,"4,913,115"
007800002013,78,00780000,Dover,2013,523,"4,512,264","4,166,423",17.50,"622,456",0,"4,788,879"
007800002014,78,00780000,Dover,2014,531,"4,653,466","4,299,403",17.50,"635,731",0,"4,935,134"
007800002015,78,00780000,Dover,2015,517,"4,528,034","4,059,051",17.50,"690,567",0,"4,749,618"
007800002016,78,00780000,Dover,2016,480,"4,322,777","3,814,498",17.50,"702,567",0,"4,517,065"
007800002017,78,00780000,Dover,2017,469,"4,235,362","3,546,655",17.50,"728,362",0,"4,275,017"
007800002018,78,00780000,Dover,2018,485,"4,468,986","3,701,130",17.50,"767,856","39,494","4,468,986"
007800002019,78,00780000,Dover,2019,488,"4,640,415","3,828,342",17.50,"812,073","44,217","4,640,415"
007800002020,78,00780000,Dover,2020,492,"4,873,658","4,020,768",17.50,"853,856","40,817","4,874,624"
007800002021,78,00780000,Dover,2021,492,"4,983,216","4,111,154",17.50,"872,062","18,206","4,983,216"
007800002022,78,00780000,Dover,2022,476,"4,983,018","4,110,989",17.50,"886,342",0,"4,997,331"
007900002007,79,00790000,Dracut,2007,"4,166","31,544,589","16,574,636",42.91,"15,009,207","728,016","31,583,843"
007900002008,79,00790000,Dracut,2008,"4,194","33,257,291","17,250,683",43.49,"16,006,608","997,401","33,257,291"
007900002009,79,00790000,Dracut,2009,"4,175","35,284,541","17,874,077",44.97,"17,410,464","1,403,856","35,284,541"
007900002010,79,00790000,Dracut,2010,"4,181","36,242,186","17,529,513",46.67,"17,062,255",0,"34,591,768"
007900002011,79,00790000,Dracut,2011,"4,099","34,827,941","17,559,786",46.38,"17,619,480",0,"35,179,266"
007900002012,79,00790000,Dracut,2012,"4,040","35,260,307","17,528,088",46.43,"17,732,219","18,150","35,260,307"
007900002013,79,00790000,Dracut,2013,"4,022","36,135,215","18,026,125",45.23,"18,109,090","376,871","36,135,215"
007900002014,79,00790000,Dracut,2014,"3,985","37,152,939","18,540,729",45.96,"18,612,210","503,120","37,152,939"
007900002015,79,00790000,Dracut,2015,"3,957","37,334,954","19,220,889",46.19,"18,761,667",0,"37,982,556"
007900002016,79,00790000,Dracut,2016,"3,873","37,644,250","20,168,359",45.38,"18,858,492",0,"39,026,851"
007900002017,79,00790000,Dracut,2017,"3,827","37,207,997","20,566,818",44.74,"19,068,977",0,"39,635,795"
007900002018,79,00790000,Dracut,2018,"3,769","37,300,001","20,889,283",44.16,"19,182,047",0,"40,071,330"
007900002019,79,00790000,Dracut,2019,"3,839","39,508,798","21,923,341",44.23,"19,297,217",0,"41,220,558"
007900002020,79,00790000,Dracut,2020,"3,888","41,837,071","23,013,126",43.06,"19,413,857",0,"42,426,983"
007900002021,79,00790000,Dracut,2021,"3,964","44,096,709","23,979,412",44.26,"20,128,364","703,440","44,107,776"
007900002022,79,00790000,Dracut,2022,"3,982","46,058,563","25,045,152",44.58,"21,013,411","885,047","46,058,563"
008000002007,80,00800000,Dudley,2007,0,0,0,58.66,0,0,0
008000002008,80,00800000,Dudley,2008,0,0,0,58.40,0,0,0
008000002009,80,00800000,Dudley,2009,0,0,0,58.99,0,0,0
008000002010,80,00800000,Dudley,2010,0,0,0,58.63,0,0,0
008000002011,80,00800000,Dudley,2011,0,0,0,58.65,0,0,0
008000002012,80,00800000,Dudley,2012,0,0,0,51.53,0,0,0
008000002013,80,00800000,Dudley,2013,0,0,0,58.23,0,0,0
008000002014,80,00800000,Dudley,2014,1,"12,894","3,632",59.80,"9,262","9,262","12,894"
008000002015,80,00800000,Dudley,2015,1,"13,005","3,770",59.73,"9,262",0,"13,032"
008000002016,80,00800000,Dudley,2016,1,"13,200","3,905",60.35,"9,295",33,"13,200"
008000002017,80,00800000,Dudley,2017,2,"26,342","8,192",60.90,"18,150","8,855","26,342"
008000002018,80,00800000,Dudley,2018,2,"26,834","8,759",61.31,"18,150",0,"26,909"
008000002019,80,00800000,Dudley,2019,2,"27,674","9,399",60.43,"18,275",125,"27,674"
008000002020,80,00800000,Dudley,2020,1,"14,372","4,870",60.71,"14,383",0,"19,253"
008000002021,80,00800000,Dudley,2021,0,0,0,59.78,0,0,0
008000002022,80,00800000,Dudley,2022,0,0,0,57.15,0,0,0
008100002007,81,00810000,Dunstable,2007,0,0,0,39.54,0,0,0
008100002008,81,00810000,Dunstable,2008,0,0,0,36.64,0,0,0
008100002009,81,00810000,Dunstable,2009,0,0,0,34.67,0,0,0
008100002010,81,00810000,Dunstable,2010,1,"12,307","8,124",33.99,0,0,"8,124"
008100002011,81,00810000,Dunstable,2011,1,"12,036","7,678",37.52,"4,358",342,"12,036"
008100002012,81,00810000,Dunstable,2012,1,"12,250","7,858",37.59,"4,392",34,"12,250"
008100002013,81,00810000,Dunstable,2013,1,"12,697","8,271",35.82,"4,426",34,"12,697"
008100002014,81,00810000,Dunstable,2014,0,0,0,29.21,0,0,0
008100002015,81,00810000,Dunstable,2015,0,0,0,17.71,0,0,0
008100002016,81,00810000,Dunstable,2016,1,"13,200","10,239",24.07,"2,961","2,961","13,200"
008100002017,81,00810000,Dunstable,2017,1,"13,171","10,950",17.50,"2,961",0,"13,911"
008100002018,81,00810000,Dunstable,2018,1,"13,417","11,048",17.93,"2,961",0,"14,009"
008100002019,81,00810000,Dunstable,2019,1,"13,837","10,927",21.03,"2,961",0,"13,888"
008100002020,81,00810000,Dunstable,2020,0,0,0,17.99,0,0,0
008100002021,81,00810000,Dunstable,2021,0,0,0,17.50,0,0,0
008100002022,81,00810000,Dunstable,2022,0,0,0,17.50,0,0,0
008200002007,82,00820000,Duxbury,2007,"3,223","24,332,600","21,799,788",17.50,"3,127,346",0,"24,927,134"
008200002008,82,00820000,Duxbury,2008,"3,278","25,877,873","22,471,945",17.50,"3,547,730","278,582","26,019,675"
008200002009,82,00820000,Duxbury,2009,"3,288","27,351,541","23,010,054",17.50,"4,341,487","793,757","27,351,541"
008200002010,82,00820000,Duxbury,2010,"3,272","28,050,328","23,415,077",17.50,"4,254,657",0,"27,669,734"
008200002011,82,00820000,Duxbury,2011,"3,214","26,964,190","23,687,032",17.50,"4,364,460",0,"28,051,492"
008200002012,82,00820000,Duxbury,2012,"3,155","26,802,911","23,914,065",17.50,"4,387,890",0,"28,301,955"
008200002013,82,00820000,Duxbury,2013,"3,143","27,796,890","24,315,649",17.50,"4,513,610",0,"28,829,259"
008200002014,82,00820000,Duxbury,2014,"3,151","28,443,468","24,930,173",17.50,"4,629,609",0,"29,559,782"
008200002015,82,00820000,Duxbury,2015,"3,165","28,945,040","24,862,384",17.50,"4,782,129",0,"29,644,513"
008200002016,82,00820000,Duxbury,2016,"3,134","29,322,453","24,866,076",17.50,"4,860,479",0,"29,726,555"
008200002017,82,00820000,Duxbury,2017,"3,111","29,421,666","24,493,520",17.50,"5,031,584","67,667","29,525,104"
008200002018,82,00820000,Duxbury,2018,"3,028","29,298,213","24,357,911",17.50,"5,122,424",0,"29,480,335"
008200002019,82,00820000,Duxbury,2019,"3,003","30,016,425","24,763,550",17.50,"5,252,875","130,451","30,016,425"
008200002020,82,00820000,Duxbury,2020,"2,922","30,413,601","25,091,221",17.50,"5,340,535","69,505","30,431,756"
008200002021,82,00820000,Duxbury,2021,"2,888","30,754,556","25,372,508",17.50,"5,382,048","41,513","30,754,556"
008200002022,82,00820000,Duxbury,2022,"2,730","29,901,987","24,669,139",17.50,"5,463,948",0,"30,133,087"
008300002007,83,00830000,East Bridgewater,2007,"2,425","18,126,132","8,088,898",52.98,"10,037,234","620,977","18,126,132"
008300002008,83,00830000,East Bridgewater,2008,"2,404","18,786,649","8,685,044",52.29,"10,382,618","64,371","19,067,662"
008300002009,83,00830000,East Bridgewater,2009,"2,396","19,759,944","9,220,450",52.77,"10,896,226","156,876","20,116,676"
008300002010,83,00830000,East Bridgewater,2010,"2,331","19,857,785","9,205,039",49.33,"10,678,301",0,"19,883,340"
008300002011,83,00830000,East Bridgewater,2011,"2,286","19,438,424","9,401,494",49.82,"10,054,475",0,"19,455,969"
008300002012,83,00830000,East Bridgewater,2012,"2,231","19,386,080","9,557,760",48.50,"10,108,452",0,"19,666,212"
008300002013,83,00830000,East Bridgewater,2013,"2,197","19,766,953","9,774,113",47.70,"10,196,332",0,"19,970,445"
008300002014,83,00830000,East Bridgewater,2014,"2,197","20,120,825","10,170,405",48.02,"10,251,257",0,"20,421,662"
008300002015,83,00830000,East Bridgewater,2015,"2,210","20,492,729","10,728,557",46.94,"10,306,507",0,"21,035,064"
008300002016,83,00830000,East Bridgewater,2016,"2,185","20,764,631","11,106,385",47.20,"10,361,132",0,"21,467,517"
008300002017,83,00830000,East Bridgewater,2017,"2,145","20,397,715","11,201,362",45.45,"10,479,107",0,"21,680,469"
008300002018,83,00830000,East Bridgewater,2018,"2,153","21,105,300","11,373,002",46.38,"10,543,697",0,"21,916,699"
008300002019,83,00830000,East Bridgewater,2019,"2,189","22,148,438","11,682,386",47.25,"10,609,367",0,"22,291,753"
008300002020,83,00830000,East Bridgewater,2020,"2,159","23,021,486","12,183,037",45.78,"10,847,253","229,082","23,030,290"
008300002021,83,00830000,East Bridgewater,2021,"2,153","23,574,021","12,580,578",45.65,"10,995,125","146,190","23,575,703"
008300002022,83,00830000,East Bridgewater,2022,"2,067","23,394,636","12,898,727",44.24,"11,057,135",0,"23,955,862"
008400002007,84,00840000,East Brookfield,2007,14,"172,717","67,453",53.23,"105,264","32,285","172,717"
008400002008,84,00840000,East Brookfield,2008,9,"102,197","29,983",53.37,"102,197",0,"132,180"
008400002009,84,00840000,East Brookfield,2009,8,"95,548","28,245",51.07,"95,548",0,"123,793"
008400002010,84,00840000,East Brookfield,2010,7,"86,146","25,739",54.31,"93,637",0,"119,376"
008400002011,84,00840000,East Brookfield,2011,5,"60,179","19,896",51.41,"60,179",0,"80,075"
008400002012,84,00840000,East Brookfield,2012,9,"110,251","34,586",54.07,"75,665","15,486","110,251"
008400002013,84,00840000,East Brookfield,2013,14,"202,128","61,700",57.32,"140,428","64,763","202,128"
008400002014,84,00840000,East Brookfield,2014,15,"218,156","71,512",56.19,"146,644","6,216","218,156"
008400002015,84,00840000,East Brookfield,2015,20,"285,056","99,040",55.58,"186,016","39,372","285,056"
008400002016,84,00840000,East Brookfield,2016,19,"276,132","108,182",53.69,"186,016",0,"294,198"
008400002017,84,00840000,East Brookfield,2017,19,"275,524","112,798",54.01,"186,016",0,"298,814"
008400002018,84,00840000,East Brookfield,2018,17,"253,718","113,257",52.52,"186,016",0,"299,273"
008400002019,84,00840000,East Brookfield,2019,16,"247,699","118,843",49.70,"186,016",0,"304,859"
008400002020,84,00840000,East Brookfield,2020,21,"328,975","163,597",46.33,"186,016",0,"349,613"
008400002021,84,00840000,East Brookfield,2021,21,"335,522","162,027",49.29,"186,016",0,"348,043"
008400002022,84,00840000,East Brookfield,2022,22,"357,110","175,397",48.81,"186,676",0,"362,073"
008500002007,85,00850000,Eastham,2007,218,"1,616,182","1,929,935",17.50,"271,645",0,"2,201,580"
008500002008,85,00850000,Eastham,2008,238,"1,859,265","2,013,378",17.50,"314,185",0,"2,327,563"
008500002009,85,00850000,Eastham,2009,245,"2,009,843","2,095,073",17.50,"340,536",0,"2,435,609"
008500002010,85,00850000,Eastham,2010,234,"2,013,734","2,116,114",17.50,"333,725",0,"2,449,839"
008500002011,85,00850000,Eastham,2011,236,"2,017,979","2,078,576",17.50,"314,229",0,"2,392,805"
008500002012,85,00850000,Eastham,2012,220,"1,921,168","1,979,180",17.50,"315,916",0,"2,295,096"
008500002013,85,00850000,Eastham,2013,216,"1,990,036","1,895,355",17.50,"324,556",0,"2,219,911"
008500002014,85,00850000,Eastham,2014,210,"1,954,308","1,817,599",17.50,"329,806",0,"2,147,405"
008500002015,85,00850000,Eastham,2015,202,"1,871,144","1,673,613",17.50,"334,856",0,"2,008,469"
008500002016,85,00850000,Eastham,2016,184,"1,830,658","1,584,800",17.50,"339,456",0,"1,924,256"
008500002017,85,00850000,Eastham,2017,177,"1,797,116","1,503,602",17.50,"349,191",0,"1,852,793"
008500002018,85,00850000,Eastham,2018,183,"1,861,930","1,558,793",17.50,"354,681",0,"1,913,474"
008500002019,85,00850000,Eastham,2019,173,"1,784,960","1,472,592",17.50,"359,871",0,"1,832,463"
008500002020,85,00850000,Eastham,2020,170,"1,859,186","1,533,829",17.50,"364,971",0,"1,898,800"
008500002021,85,00850000,Eastham,2021,191,"2,151,872","1,775,294",17.50,"376,578","11,607","2,151,872"
008500002022,85,00850000,Eastham,2022,196,"2,320,434","1,914,358",17.50,"406,076","29,498","2,320,434"
008600002007,86,00860000,Easthampton,2007,"1,822","14,811,911","7,910,957",42.89,"7,246,465",0,"15,157,422"
008600002008,86,00860000,Easthampton,2008,"1,895","16,177,355","8,342,895",44.67,"7,856,409","587,995","16,199,304"
008600002009,86,00860000,Easthampton,2009,"1,891","16,862,713","8,754,200",44.08,"8,158,515","252,104","16,912,715"
008600002010,86,00860000,Easthampton,2010,"1,852","17,116,010","9,909,425",40.87,"7,995,345",0,"17,904,770"
008600002011,86,00860000,Easthampton,2011,"1,811","16,500,250","9,949,274",41.24,"7,528,257",0,"17,477,531"
008600002012,86,00860000,Easthampton,2012,"1,790","16,577,826","10,194,026",37.15,"7,568,672",0,"17,762,698"
008600002013,86,00860000,Easthampton,2013,"1,813","17,510,303","10,521,254",37.32,"7,641,192",0,"18,162,446"
008600002014,86,00860000,Easthampton,2014,"1,837","17,991,276","10,956,834",37.74,"7,687,117",0,"18,643,951"
008600002015,86,00860000,Easthampton,2015,"1,782","17,813,516","11,344,349",36.35,"7,731,667",0,"19,076,016"
008600002016,86,00860000,Easthampton,2016,"1,774","18,095,294","11,793,004",35.12,"7,776,017",0,"19,569,021"
008600002017,86,00860000,Easthampton,2017,"1,765","18,091,522","11,897,561",34.52,"7,873,092",0,"19,770,653"
008600002018,86,00860000,Easthampton,2018,"1,771","18,534,768","11,761,853",37.08,"7,926,222",0,"19,688,075"
008600002019,86,00860000,Easthampton,2019,"1,716","18,672,297","12,132,351",34.89,"7,977,702",0,"20,110,053"
008600002020,86,00860000,Easthampton,2020,"1,733","19,700,559","12,320,207",37.46,"8,029,692",0,"20,349,899"
008600002021,86,00860000,Easthampton,2021,"1,719","20,082,994","12,651,233",37.01,"8,029,692",0,"20,680,925"
008600002022,86,00860000,Easthampton,2022,"1,630","19,817,458","12,976,004",34.52,"8,078,592",0,"21,054,596"
008700002007,87,00870000,East Longmeadow,2007,"2,768","20,729,713","16,113,527",45.15,"4,616,186","1,200,330","20,729,713"
008700002008,87,00870000,East Longmeadow,2008,"2,810","22,100,301","15,537,297",45.57,"6,563,004","1,946,818","22,100,301"
008700002009,87,00870000,East Longmeadow,2009,"2,829","23,422,160","15,098,039",44.96,"8,324,121","1,761,117","23,422,160"
008700002010,87,00870000,East Longmeadow,2010,"2,821","24,224,414","15,193,256",44.63,"8,157,639",0,"23,350,895"
008700002011,87,00870000,East Longmeadow,2011,"2,800","23,669,360","14,824,125",44.81,"8,675,518","175,323","23,499,643"
008700002012,87,00870000,East Longmeadow,2012,"2,798","24,105,913","14,975,127",43.17,"9,130,786","408,694","24,105,913"
008700002013,87,00870000,East Longmeadow,2013,"2,763","24,771,812","15,279,722",42.76,"9,767,174","361,304","25,046,896"
008700002014,87,00870000,East Longmeadow,2014,"2,698","24,746,376","15,736,133",40.06,"9,834,624",0,"25,570,757"
008700002015,87,00870000,East Longmeadow,2015,"2,680","25,028,521","15,784,772",39.03,"9,901,624",0,"25,686,396"
008700002016,87,00870000,East Longmeadow,2016,"2,646","25,486,357","16,206,963",37.26,"9,967,774",0,"26,174,737"
008700002017,87,00870000,East Longmeadow,2017,"2,694","26,003,641","15,891,476",39.50,"10,115,944","144,391","26,007,420"
008700002018,87,00870000,East Longmeadow,2018,"2,678","26,517,602","15,918,988",40.36,"10,598,614","482,670","26,517,602"
008700002019,87,00870000,East Longmeadow,2019,"2,707","27,763,311","16,509,582",39.73,"11,253,729","655,115","27,763,311"
008700002020,87,00870000,East Longmeadow,2020,"2,679","28,769,863","16,848,895",41.44,"12,102,248","667,239","28,951,143"
008700002021,87,00870000,East Longmeadow,2021,"2,643","29,030,300","17,494,208",39.00,"12,102,248",0,"29,596,456"
008700002022,87,00870000,East Longmeadow,2022,"2,457","27,993,088","17,190,078",38.59,"12,175,958",0,"29,366,036"
008800002007,88,00880000,Easton,2007,"3,740","27,484,649","19,567,354",28.89,"8,115,511","249,088","27,682,865"
008800002008,88,00880000,Easton,2008,"3,794","29,177,634","20,413,260",28.90,"8,764,374","648,863","29,177,634"
008800002009,88,00880000,Easton,2009,"3,803","30,904,577","21,110,331",29.78,"9,794,246","1,029,872","30,904,577"
008800002010,88,00880000,Easton,2010,"3,826","32,240,256","22,529,505",30.12,"9,598,361",0,"32,127,866"
008800002011,88,00880000,Easton,2011,"3,803","31,588,230","22,880,367",30.09,"9,143,450",0,"32,023,817"
008800002012,88,00880000,Easton,2012,"3,785","32,076,583","23,438,516",28.37,"9,192,536",0,"32,631,052"
008800002013,88,00880000,Easton,2013,"3,772","33,281,210","24,208,253",29.08,"9,343,416",0,"33,551,669"
008800002014,88,00880000,Easton,2014,"3,766","33,673,061","25,085,982",26.63,"9,437,566",0,"34,523,548"
008800002015,88,00880000,Easton,2015,"3,767","34,368,780","25,617,334",27.15,"9,531,741",0,"35,149,075"
008800002016,88,00880000,Easton,2016,"3,691","34,281,775","26,279,966",24.05,"9,624,016",0,"35,903,982"
008800002017,88,00880000,Easton,2017,"3,629","34,160,203","25,837,978",25.06,"9,823,611",0,"35,661,589"
008800002018,88,00880000,Easton,2018,"3,648","34,946,348","26,650,276",23.85,"9,933,051",0,"36,583,327"
008800002019,88,00880000,Easton,2019,"3,621","36,092,237","27,619,276",23.48,"10,041,681",0,"37,660,957"
008800002020,88,00880000,Easton,2020,"3,559","37,265,050","28,602,736",23.25,"10,148,451",0,"38,751,187"
008800002021,88,00880000,Easton,2021,"3,516","37,563,613","29,384,825",21.77,"10,148,451",0,"39,533,276"
008800002022,88,00880000,Easton,2022,"3,373","37,338,105","30,163,362",17.50,"10,249,641",0,"40,413,003"
008900002007,89,00890000,Edgartown,2007,402,"3,005,079","3,288,955",17.50,"379,680",0,"3,668,635"
008900002008,89,00890000,Edgartown,2008,366,"2,849,766","3,031,703",17.50,"415,389",0,"3,447,092"
008900002009,89,00890000,Edgartown,2009,374,"3,070,458","3,082,373",17.50,"455,629",0,"3,538,002"
008900002010,89,00890000,Edgartown,2010,382,"3,245,618","3,016,515",17.50,"446,517",0,"3,463,032"
008900002011,89,00890000,Edgartown,2011,388,"3,164,477","3,012,929",17.50,"420,431",0,"3,433,360"
008900002012,89,00890000,Edgartown,2012,383,"3,286,331","3,029,696",17.50,"422,688",0,"3,452,384"
008900002013,89,00890000,Edgartown,2013,402,"3,631,686","3,207,706",17.50,"438,768","1,292","3,646,474"
008900002014,89,00890000,Edgartown,2014,402,"3,600,508","3,160,574",17.50,"448,818","1,166","3,609,392"
008900002015,89,00890000,Edgartown,2015,405,"3,756,339","3,220,458",17.50,"535,881","87,063","3,756,339"
008900002016,89,00890000,Edgartown,2016,406,"3,949,970","3,348,602",17.50,"601,368","65,487","3,949,970"
008900002017,89,00890000,Edgartown,2017,408,"4,012,060","3,327,566",17.50,"684,494","83,126","4,012,060"
008900002018,89,00890000,Edgartown,2018,410,"4,120,509","3,417,460",17.50,"703,049","18,555","4,120,509"
008900002019,89,00890000,Edgartown,2019,415,"4,383,671","3,563,552",17.50,"820,119","117,070","4,383,671"
008900002020,89,00890000,Edgartown,2020,438,"4,884,681","4,029,861",17.50,"854,820","34,701","4,884,681"
008900002021,89,00890000,Edgartown,2021,441,"5,167,543","4,263,223",17.50,"904,320","49,500","5,167,543"
008900002022,89,00890000,Edgartown,2022,428,"5,243,885","4,326,205",17.50,"917,680","13,360","5,243,885"
009000002007,90,00900000,Egremont,2007,0,0,0,17.50,0,0,0
009000002008,90,00900000,Egremont,2008,0,0,0,17.50,0,0,0
009000002009,90,00900000,Egremont,2009,0,0,0,17.50,0,0,0
009000002010,90,00900000,Egremont,2010,0,0,0,17.50,0,0,0
009000002011,90,00900000,Egremont,2011,0,0,0,17.50,0,0,0
009000002012,90,00900000,Egremont,2012,0,0,0,17.50,0,0,0
009000002013,90,00900000,Egremont,2013,0,0,0,17.50,0,0,0
009000002014,90,00900000,Egremont,2014,0,0,0,17.50,0,0,0
009000002015,90,00900000,Egremont,2015,0,0,0,17.50,0,0,0
009000002016,90,00900000,Egremont,2016,0,0,0,17.50,0,0,0
009000002017,90,00900000,Egremont,2017,0,0,0,17.50,0,0,0
009000002018,90,00900000,Egremont,2018,0,0,0,17.50,0,0,0
009000002019,90,00900000,Egremont,2019,0,0,0,17.50,0,0,0
009000002020,90,00900000,Egremont,2020,0,0,0,17.50,0,0,0
009000002021,90,00900000,Egremont,2021,0,0,0,17.50,0,0,0
009000002022,90,00900000,Egremont,2022,0,0,0,17.50,0,0,0
009100002007,91,00910000,Erving,2007,250,"1,886,102","1,693,156",17.50,"283,645",0,"1,976,801"
009100002008,91,00910000,Erving,2008,260,"2,063,705","1,733,353",17.50,"330,352","46,707","2,063,705"
009100002009,91,00910000,Erving,2009,269,"2,321,411","1,908,319",17.50,"413,092","82,740","2,321,411"
009100002010,91,00910000,Erving,2010,279,"2,466,756","2,035,074",17.50,"404,830",0,"2,439,904"
009100002011,91,00910000,Erving,2011,279,"2,428,316","2,032,401",17.50,"406,463",0,"2,438,864"
009100002012,91,00910000,Erving,2012,273,"2,407,930","2,045,398",17.50,"408,645",0,"2,454,043"
009100002013,91,00910000,Erving,2013,255,"2,354,102","2,051,456",17.50,"418,845",0,"2,470,301"
009100002014,91,00910000,Erving,2014,265,"2,478,101","2,103,316",17.50,"425,470",0,"2,528,786"
009100002015,91,00910000,Erving,2015,257,"2,387,007","2,050,836",17.50,"431,895",0,"2,482,731"
009100002016,91,00910000,Erving,2016,255,"2,412,269","2,019,029",17.50,"438,270",0,"2,457,299"
009100002017,91,00910000,Erving,2017,235,"2,249,262","1,884,292",17.50,"451,195",0,"2,335,487"
009100002018,91,00910000,Erving,2018,226,"2,174,084","1,812,979",17.50,"457,975",0,"2,270,954"
009100002019,91,00910000,Erving,2019,234,"2,317,099","1,911,606",17.50,"464,995",0,"2,376,601"
009100002020,91,00910000,Erving,2020,217,"2,280,809","1,881,667",17.50,"471,505",0,"2,353,172"
009100002021,91,00910000,Erving,2021,219,"2,326,190","1,919,106",17.50,"471,505",0,"2,390,611"
009100002022,91,00910000,Erving,2022,207,"2,355,746","1,943,490",17.50,"477,715",0,"2,421,205"
009200002007,92,00920000,Essex,2007,0,0,0,17.50,0,0,0
009200002008,92,00920000,Essex,2008,0,0,0,17.50,0,0,0
009200002009,92,00920000,Essex,2009,0,0,0,17.50,0,0,0
009200002010,92,00920000,Essex,2010,0,0,0,17.50,0,0,0
009200002011,92,00920000,Essex,2011,0,0,0,17.50,0,0,0
009200002012,92,00920000,Essex,2012,0,0,0,17.50,0,0,0
009200002013,92,00920000,Essex,2013,0,0,0,17.50,0,0,0
009200002014,92,00920000,Essex,2014,0,0,0,17.50,0,0,0
009200002015,92,00920000,Essex,2015,0,0,0,17.50,0,0,0
009200002016,92,00920000,Essex,2016,0,0,0,17.50,0,0,0
009200002017,92,00920000,Essex,2017,0,0,0,17.50,0,0,0
009200002018,92,00920000,Essex,2018,0,0,0,17.50,0,0,0
009200002019,92,00920000,Essex,2019,0,0,0,17.50,0,0,0
009200002020,92,00920000,Essex,2020,0,0,0,17.50,0,0,0
009200002021,92,00920000,Essex,2021,0,0,0,17.50,0,0,0
009200002022,92,00920000,Essex,2022,0,0,0,17.50,0,0,0
009300002007,93,00930000,Everett,2007,"5,344","48,207,135","25,038,448",52.17,"23,168,687","2,311,620","48,207,135"
009300002008,93,00930000,Everett,2008,"5,576","53,450,079","25,416,336",55.72,"28,033,743","4,865,056","53,450,079"
009300002009,93,00930000,Everett,2009,"5,771","59,682,693","25,762,913",59.16,"33,919,780","5,886,037","59,682,693"
009300002010,93,00930000,Everett,2010,"5,884","62,892,764","25,931,368",60.99,"33,241,384",0,"59,172,752"
009300002011,93,00930000,Everett,2011,"6,122","64,793,932","25,957,484",62.72,"38,091,277","3,353,508","64,048,761"
009300002012,93,00930000,Everett,2012,"6,280","68,020,957","25,027,814",66.54,"42,993,143","4,697,375","68,020,957"
009300002013,93,00930000,Everett,2013,"6,517","74,288,708","25,279,517",67.96,"49,378,545","6,016,048","74,658,062"
009300002014,93,00930000,Everett,2014,"6,853","79,707,324","25,001,383",70.32,"55,042,003","5,327,396","80,043,386"
009300002015,93,00930000,Everett,2015,"7,295","85,328,325","24,693,137",71.66,"60,635,188","5,593,185","85,328,325"
009300002016,93,00930000,Everett,2016,"7,490","89,667,950","25,666,047",71.05,"64,001,903","3,366,715","89,667,950"
009300002017,93,00930000,Everett,2017,"7,549","87,583,038","26,203,286",70.21,"64,492,532",0,"90,695,818"
009300002018,93,00930000,Everett,2018,"7,635","90,558,887","27,455,803",68.79,"65,650,979",0,"93,106,782"
009300002019,93,00930000,Everett,2019,"7,729","96,231,898","28,814,865",68.97,"68,940,060","2,695,451","97,754,925"
009300002020,93,00930000,Everett,2020,"7,710","105,617,503","30,615,794",67.74,"75,001,709","6,061,649","105,617,503"
009300002021,93,00930000,Everett,2021,"7,652","109,071,464","35,431,511",67.52,"75,001,709",0,"110,433,220"
009300002022,93,00930000,Everett,2022,"7,505","120,819,748","36,483,827",68.33,"84,335,921","9,334,212","120,819,748"
009400002007,94,00940000,Fairhaven,2007,"2,071","16,146,316","8,999,243",43.84,"7,147,073","246,209","16,146,316"
009400002008,94,00940000,Fairhaven,2008,"2,043","16,755,601","9,196,548",42.47,"7,559,053","411,980","16,755,601"
009400002009,94,00940000,Fairhaven,2009,"1,967","16,953,035","9,303,393",41.56,"7,657,403","90,589","16,960,796"
009400002010,94,00940000,Fairhaven,2010,"1,929","17,423,767","9,798,899",40.36,"7,504,255",0,"17,303,154"
009400002011,94,00940000,Fairhaven,2011,"1,898","16,843,034","10,187,330",39.17,"7,179,423",0,"17,366,753"
009400002012,94,00940000,Fairhaven,2012,"1,879","17,104,751","10,317,258",39.52,"7,217,965",0,"17,535,223"
009400002013,94,00940000,Fairhaven,2013,"1,858","17,453,568","10,832,169",36.73,"7,292,285",0,"18,124,454"
009400002014,94,00940000,Fairhaven,2014,"1,851","17,879,851","11,242,923",37.76,"7,338,560",0,"18,581,483"
009400002015,94,00940000,Fairhaven,2015,"1,803","17,736,702","11,371,020",36.19,"7,383,635",0,"18,754,655"
009400002016,94,00940000,Fairhaven,2016,"1,785","17,707,799","11,597,160",35.83,"7,428,260",0,"19,025,420"
009400002017,94,00940000,Fairhaven,2017,"1,794","18,309,668","11,486,709",37.73,"7,526,930",0,"19,013,639"
009400002018,94,00940000,Fairhaven,2018,"1,801","18,758,475","11,557,489",38.73,"7,580,960",0,"19,138,449"
009400002019,94,00940000,Fairhaven,2019,"1,812","19,508,512","11,713,786",39.96,"7,794,726","213,766","19,508,512"
009400002020,94,00940000,Fairhaven,2020,"1,798","20,489,575","12,333,105",39.14,"8,156,470","361,744","20,489,575"
009400002021,94,00940000,Fairhaven,2021,"1,816","20,977,288","12,688,884",39.51,"8,291,230","131,934","20,980,114"
009400002022,94,00940000,Fairhaven,2022,"1,727","20,710,204","12,632,417",36.92,"8,343,040",0,"20,975,457"
009500002007,95,00950000,Fall River,2007,"11,605","104,481,871","14,847,016",70.48,"90,065,583","980,758","104,912,599"
009500002008,95,00950000,Fall River,2008,"11,167","106,032,214","15,513,206",67.99,"91,119,662","453,425","106,632,868"
009500002009,95,00950000,Fall River,2009,"10,836","109,717,452","16,580,407",68.42,"93,641,102","2,017,383","110,221,509"
009500002010,95,00950000,Fall River,2010,"10,695","113,237,307","19,000,896",68.40,"91,768,280",0,"110,769,176"
009500002011,95,00950000,Fall River,2011,"10,608","110,588,545","19,582,705",68.62,"89,259,672","538,885","108,842,377"
009500002012,95,00950000,Fall River,2012,"10,599","113,992,340","20,197,065",69.40,"93,795,275","4,056,417","113,992,340"
009500002013,95,00950000,Fall River,2013,"10,591","117,801,267","21,470,723",69.49,"96,330,544","2,535,269","117,801,267"
009500002014,95,00950000,Fall River,2014,"10,936","122,984,522","22,747,952",71.25,"100,236,570","3,906,026","122,984,522"
009500002015,95,00950000,Fall River,2015,"11,142","126,851,512","23,922,480",71.88,"102,929,032","2,692,462","126,851,512"
009500002016,95,00950000,Fall River,2016,"11,317","130,963,260","25,218,449",73.00,"105,744,811","2,815,779","130,963,260"
009500002017,95,00950000,Fall River,2017,"11,443","133,322,501","26,181,193",73.36,"107,141,308","1,396,497","133,322,501"
009500002018,95,00950000,Fall River,2018,"11,662","140,367,627","27,932,437",75.08,"112,435,190","5,293,882","140,367,627"
009500002019,95,00950000,Fall River,2019,"11,821","149,318,108","29,668,942",75.52,"119,649,166","7,213,976","149,318,108"
009500002020,95,00950000,Fall River,2020,"11,987","162,111,259","31,184,570",76.81,"130,926,689","11,277,523","162,111,259"
009500002021,95,00950000,Fall River,2021,"12,095","169,915,018","32,906,432",77.35,"137,016,364","6,081,897","169,922,796"
009500002022,95,00950000,Fall River,2022,"11,894","179,465,810","34,286,248",77.71,"145,182,843","8,163,198","179,469,091"
009600002007,96,00960000,Falmouth,2007,"4,047","31,282,682","32,702,864",17.50,"4,646,659",0,"37,349,523"
009600002008,96,00960000,Falmouth,2008,"3,974","32,408,337","31,997,640",17.50,"4,954,099",0,"36,951,739"
009600002009,96,00960000,Falmouth,2009,"3,855","32,989,865","31,420,687",17.50,"5,224,411",0,"36,645,098"
009600002010,96,00960000,Falmouth,2010,"3,734","32,976,357","31,044,599",17.50,"5,119,922",0,"36,164,521"
009600002011,96,00960000,Falmouth,2011,"3,713","32,249,709","30,294,456",17.50,"4,820,816",0,"35,115,272"
009600002012,96,00960000,Falmouth,2012,"3,673","32,627,799","30,223,796",17.50,"4,846,696",0,"35,070,492"
009600002013,96,00960000,Falmouth,2013,"3,555","32,919,524","30,639,342",17.50,"4,988,896",0,"35,628,238"
009600002014,96,00960000,Falmouth,2014,"3,547","33,718,541","31,562,698",17.50,"5,077,571",0,"36,640,269"
009600002015,96,00960000,Falmouth,2015,"3,576","34,334,683","30,535,810",17.50,"5,403,420",0,"35,939,230"
009600002016,96,00960000,Falmouth,2016,"3,575","35,910,247","30,727,509",17.50,"5,492,795",0,"36,220,304"
009600002017,96,00960000,Falmouth,2017,"3,499","35,716,152","29,797,870",17.50,"5,918,282","425,487","35,716,152"
009600002018,96,00960000,Falmouth,2018,"3,442","35,776,347","29,665,659",17.50,"6,110,688","192,406","35,776,347"
009600002019,96,00960000,Falmouth,2019,"3,397","37,204,346","30,580,964",17.50,"6,623,382","512,694","37,204,346"
009600002020,96,00960000,Falmouth,2020,"3,326","38,230,736","31,450,637",17.50,"6,780,099","156,717","38,230,736"
009600002021,96,00960000,Falmouth,2021,"3,221","38,101,629","31,433,844",17.50,"6,780,099",0,"38,213,943"
009600002022,96,00960000,Falmouth,2022,"3,037","36,995,294","30,521,118",17.50,"6,871,209",0,"37,392,327"
009700002007,97,00970000,Fitchburg,2007,"5,859","52,232,260","13,502,431",71.35,"38,857,303","2,286,631","52,359,734"
009700002008,97,00970000,Fitchburg,2008,"5,790","53,959,280","14,179,903",70.82,"40,080,379","922,074","54,260,282"
009700002009,97,00970000,Fitchburg,2009,"5,629","55,478,400","14,473,238",70.43,"41,150,295","924,783","55,623,533"
009700002010,97,00970000,Fitchburg,2010,"5,473","55,319,140","14,039,877",69.19,"40,327,289",0,"54,367,166"
009700002011,97,00970000,Fitchburg,2011,"5,390","54,357,221","14,307,424",69.39,"39,281,344","421,705","53,588,768"
009700002012,97,00970000,Fitchburg,2012,"5,343","55,048,365","14,570,762",69.93,"40,477,603","985,379","55,048,365"
009700002013,97,00970000,Fitchburg,2013,"5,420","58,628,763","14,936,099",70.51,"43,692,664","3,215,061","58,628,763"
009700002014,97,00970000,Fitchburg,2014,"5,399","59,765,865","15,456,359",71.69,"44,309,506","616,842","59,765,865"
009700002015,97,00970000,Fitchburg,2015,"5,482","61,364,752","15,954,871",72.46,"45,409,881","1,100,375","61,364,752"
009700002016,97,00970000,Fitchburg,2016,"5,491","62,363,310","16,662,973",73.02,"45,700,337","290,456","62,363,310"
009700002017,97,00970000,Fitchburg,2017,"5,646","64,368,039","16,963,311",73.71,"47,404,728","1,704,391","64,368,039"
009700002018,97,00970000,Fitchburg,2018,"5,757","66,887,262","17,058,113",74.67,"49,829,149","2,424,421","66,887,262"
009700002019,97,00970000,Fitchburg,2019,"5,798","70,117,765","17,761,102",74.51,"52,356,663","2,527,514","70,117,765"
009700002020,97,00970000,Fitchburg,2020,"5,798","75,293,069","18,599,162",75.00,"56,693,907","4,337,244","75,293,069"
009700002021,97,00970000,Fitchburg,2021,"5,815","77,039,273","19,328,344",74.91,"57,710,929","1,017,022","77,039,273"
009700002022,97,00970000,Fitchburg,2022,"5,644","80,948,313","19,699,066",74.49,"61,251,183","3,538,318","80,950,249"
009800002007,98,00980000,Florida,2007,108,"831,136","382,280",59.10,"473,569","28,316","855,849"
009800002008,98,00980000,Florida,2008,107,"875,058","374,728",61.21,"500,454","26,761","875,182"
009800002009,98,00980000,Florida,2009,101,"898,069","381,234",60.66,"516,835","16,381","898,069"
009800002010,98,00980000,Florida,2010,99,"938,110","382,731",59.71,"506,498",0,"889,229"
009800002011,98,00980000,Florida,2011,97,"920,527","383,625",59.39,"526,600","3,738","910,225"
009800002012,98,00980000,Florida,2012,84,"784,589","384,062",52.17,"529,427",0,"913,489"
009800002013,98,00980000,Florida,2013,81,"794,115","388,914",52.60,"532,667",0,"921,581"
009800002014,98,00980000,Florida,2014,87,"872,998","415,121",51.34,"534,842",0,"949,963"
009800002015,98,00980000,Florida,2015,89,"924,505","460,528",49.28,"537,067",0,"997,595"
009800002016,98,00980000,Florida,2016,85,"872,994","469,626",46.32,"539,192",0,"1,008,818"
009800002017,98,00980000,Florida,2017,89,"894,112","487,635",45.77,"544,087",0,"1,031,722"
009800002018,98,00980000,Florida,2018,85,"837,565","470,893",44.37,"546,637",0,"1,017,530"
009800002019,98,00980000,Florida,2019,70,"718,963","450,463",37.35,"548,737",0,"999,200"
009800002020,98,00980000,Florida,2020,66,"740,255","441,172",40.40,"550,717",0,"991,889"
009800002021,98,00980000,Florida,2021,66,"747,150","475,424",36.04,"550,717",0,"1,026,141"
009800002022,98,00980000,Florida,2022,58,"710,253","432,738",27.93,"552,457",0,"985,195"
009900002007,99,00990000,Foxborough,2007,"3,011","23,679,618","16,211,628",34.11,"7,467,990","1,267,884","23,679,618"
009900002008,99,00990000,Foxborough,2008,"2,967","24,391,942","16,728,189",32.70,"7,700,920","195,763","24,429,109"
009900002009,99,00990000,Foxborough,2009,"2,984","25,837,986","17,375,190",34.43,"8,462,796","761,876","25,837,986"
009900002010,99,00990000,Foxborough,2010,"2,953","26,373,441","17,554,085",34.51,"8,293,540",0,"25,847,625"
009900002011,99,00990000,Foxborough,2011,"2,897","25,261,530","17,725,290",33.39,"8,304,130",0,"26,029,420"
009900002012,99,00990000,Foxborough,2012,"2,854","25,263,537","18,503,444",27.41,"8,348,710",0,"26,852,154"
009900002013,99,00990000,Foxborough,2013,"2,787","25,735,907","19,355,356",24.98,"8,460,190",0,"27,815,546"
009900002014,99,00990000,Foxborough,2014,"2,759","26,223,594","20,174,842",25.38,"8,529,165",0,"28,704,007"
009900002015,99,00990000,Foxborough,2015,"2,729","26,242,665","20,657,534",23.30,"8,597,390",0,"29,254,924"
009900002016,99,00990000,Foxborough,2016,"2,690","26,484,574","21,281,099",20.66,"8,664,640",0,"29,945,739"
009900002017,99,00990000,Foxborough,2017,"2,648","26,222,277","21,252,070",19.59,"8,810,280",0,"30,062,350"
009900002018,99,00990000,Foxborough,2018,"2,597","26,331,118","21,807,366",17.50,"8,888,190",0,"30,695,556"
009900002019,99,00990000,Foxborough,2019,"2,656","27,859,184","22,576,625",18.96,"8,967,870",0,"31,544,495"
009900002020,99,00990000,Foxborough,2020,"2,636","28,934,003","23,797,381",17.50,"9,046,950",0,"32,844,331"
009900002021,99,00990000,Foxborough,2021,"2,639","29,781,055","24,569,370",17.50,"9,046,950",0,"33,616,320"
009900002022,99,00990000,Foxborough,2022,"2,543","29,685,009","24,490,132",17.50,"9,123,240",0,"33,613,372"
010000002007,100,01000000,Framingham,2007,"8,005","69,363,563","61,627,654",27.42,"10,628,154",0,"72,255,808"
010000002008,100,01000000,Framingham,2008,"7,951","71,074,303","60,232,844",30.75,"13,996,312","213,305","74,229,156"
010000002009,100,01000000,Framingham,2009,"7,909","75,064,337","59,230,314",31.32,"17,135,878","1,837,711","76,366,192"
010000002010,100,01000000,Framingham,2010,"8,043","78,471,848","59,169,653",33.48,"16,793,161",0,"75,962,814"
010000002011,100,01000000,Framingham,2011,"8,030","77,781,484","57,763,279",34.70,"19,634,107","1,488,098","77,397,386"
010000002012,100,01000000,Framingham,2012,"8,014","79,535,372","57,510,511",36.76,"22,024,861","2,285,349","79,535,372"
010000002013,100,01000000,Framingham,2013,"8,165","84,912,568","58,401,638",38.63,"28,083,629","4,486,069","86,485,267"
010000002014,100,01000000,Framingham,2014,"8,459","89,880,263","59,388,693",39.77,"31,805,023","2,407,941","91,193,716"
010000002015,100,01000000,Framingham,2015,"8,572","91,598,611","58,137,448",40.31,"33,596,455","1,656,140","91,733,903"
010000002016,100,01000000,Framingham,2016,"8,641","95,619,669","57,889,811",41.51,"37,729,858","4,133,403","95,619,669"
010000002017,100,01000000,Framingham,2017,"8,901","97,409,677","56,417,775",42.70,"42,091,391","2,262,044","98,509,166"
010000002018,100,01000000,Framingham,2018,"9,061","100,719,921","59,331,897",38.64,"42,363,221",0,"101,695,118"
010000002019,100,01000000,Framingham,2019,"9,248","108,226,362","60,883,909",43.74,"47,636,211","4,979,232","108,520,120"
010000002020,100,01000000,Framingham,2020,"9,348","114,246,010","63,283,830",42.75,"50,962,180","3,325,969","114,246,010"
010000002021,100,01000000,Framingham,2021,"9,572","121,857,618","65,102,393",45.80,"56,755,225","5,793,045","121,857,618"
010000002022,100,01000000,Framingham,2022,"9,303","124,104,569","67,201,559",44.48,"57,034,315","147,785","124,235,874"
010100002007,101,01010000,Franklin,2007,"6,414","48,378,503","22,883,906",43.75,"25,494,597","2,135,258","48,378,503"
010100002008,101,01010000,Franklin,2008,"6,388","50,651,138","24,244,322",43.29,"26,478,420","912,219","50,722,742"
010100002009,101,01010000,Franklin,2009,"6,455","54,191,344","25,464,638",44.97,"28,726,706","2,248,286","54,191,344"
010100002010,101,01010000,Franklin,2010,"6,530","56,699,650","28,327,955",46.24,"28,152,172",0,"56,480,127"
010100002011,101,01010000,Franklin,2011,"6,422","54,564,219","28,507,883",45.43,"26,714,222",0,"55,222,105"
010100002012,101,01010000,Franklin,2012,"6,378","55,195,446","29,273,443",44.02,"26,857,636",0,"56,131,079"
010100002013,101,01010000,Franklin,2013,"6,344","57,091,390","30,265,045",43.48,"27,111,396",0,"57,376,441"
010100002014,101,01010000,Franklin,2014,"6,302","57,706,782","31,221,709",42.57,"27,268,946",0,"58,490,655"
010100002015,101,01010000,Franklin,2015,"6,194","57,559,562","32,626,068",41.01,"27,423,796",0,"60,049,864"
010100002016,101,01010000,Franklin,2016,"6,086","57,388,919","34,322,367",38.77,"27,575,946",0,"61,898,313"
010100002017,101,01010000,Franklin,2017,"5,963","56,727,033","35,443,923",37.39,"27,903,911",0,"63,347,834"
010100002018,101,01010000,Franklin,2018,"5,818","57,148,940","36,769,474",34.64,"28,078,451",0,"64,847,925"
010100002019,101,01010000,Franklin,2019,"5,681","57,909,532","38,481,997",33.14,"28,248,881",0,"66,730,878"
010100002020,101,01010000,Franklin,2020,"5,576","59,674,984","40,088,811",32.29,"28,416,161",0,"68,504,972"
010100002021,101,01010000,Franklin,2021,"5,511","60,169,866","41,152,523",31.61,"28,416,161",0,"69,568,684"
010100002022,101,01010000,Franklin,2022,"5,292","59,769,256","42,443,297",28.53,"28,574,921",0,"71,018,218"
010200002007,102,01020000,Freetown,2007,569,"4,507,080","3,270,816",36.34,"1,236,264","316,074","4,507,080"
010200002008,102,01020000,Freetown,2008,566,"4,667,891","3,208,836",32.86,"1,459,055","222,791","4,667,891"
010200002009,102,01020000,Freetown,2009,542,"4,729,865","3,182,970",31.79,"1,546,895","87,840","4,729,865"
010200002010,102,01020000,Freetown,2010,523,"4,714,528","3,198,884",32.35,"1,515,957",0,"4,714,841"
010200002011,102,01020000,Freetown,2011,552,"4,935,673","3,432,426",33.71,"1,474,404","47,928","4,906,830"
010200002012,102,01020000,Freetown,2012,88,"1,172,044","834,757",30.91,"353,070",0,"1,187,827"
010200002013,102,01020000,Freetown,2013,90,"1,240,219","861,891",31.92,"378,328","25,258","1,240,219"
010200002014,102,01020000,Freetown,2014,91,"1,272,337","903,996",32.49,"378,328",0,"1,282,324"
010200002015,102,01020000,Freetown,2015,91,"1,283,278","908,860",31.81,"388,787",0,"1,297,647"
010200002016,102,01020000,Freetown,2016,94,"1,342,126","945,781",31.49,"396,345","7,558","1,342,126"
010200002017,102,01020000,Freetown,2017,93,"1,326,002","873,318",34.78,"452,684","56,339","1,326,002"
010200002018,102,01020000,Freetown,2018,92,"1,336,875","897,676",33.34,"452,684",0,"1,350,360"
010200002019,102,01020000,Freetown,2019,85,"1,281,376","845,733",34.00,"452,684",0,"1,298,417"
010200002020,102,01020000,Freetown,2020,90,"1,402,131","943,415",31.39,"459,454","6,032","1,402,869"
010200002021,102,01020000,Freetown,2021,91,"1,444,692","998,607",29.27,"459,454",0,"1,458,061"
010200002022,102,01020000,Freetown,2022,69,"1,116,189","798,958",28.42,"461,524",0,"1,260,482"
010300002007,103,01030000,Gardner,2007,"2,966","24,280,380","5,820,028",65.07,"18,638,594","336,966","24,458,622"
010300002008,103,01030000,Gardner,2008,"2,803","24,266,064","6,154,419",64.24,"18,778,744",0,"24,933,163"
010300002009,103,01030000,Gardner,2009,"2,703","24,824,626","6,443,188",63.95,"19,135,945",0,"25,579,133"
010300002010,103,01030000,Gardner,2010,"2,625","25,171,808","6,290,979",64.16,"18,753,226",0,"25,044,205"
010300002011,103,01030000,Gardner,2011,"2,562","24,334,327","6,408,008",63.78,"17,777,812",0,"24,185,820"
010300002012,103,01030000,Gardner,2012,"2,507","24,492,666","6,454,822",64.19,"18,037,844","164,593","24,492,666"
010300002013,103,01030000,Gardner,2013,"2,470","25,131,323","6,708,647",64.10,"18,422,676","384,832","25,131,323"
010300002014,103,01030000,Gardner,2014,"2,494","26,124,799","7,163,394",64.30,"18,961,405","538,729","26,124,799"
010300002015,103,01030000,Gardner,2015,"2,470","26,236,297","7,521,101",64.53,"19,023,155",0,"26,544,256"
010300002016,103,01030000,Gardner,2016,"2,505","27,133,681","8,111,579",65.70,"19,085,780",0,"27,197,359"
010300002017,103,01030000,Gardner,2017,"2,533","27,651,777","8,469,172",66.08,"19,225,095","96,825","27,694,267"
010300002018,103,01030000,Gardner,2018,"2,531","28,300,931","8,779,067",67.87,"19,521,864","296,769","28,300,931"
010300002019,103,01030000,Gardner,2019,"2,512","28,813,727","9,088,523",67.62,"19,725,204","203,340","28,813,727"
010300002020,103,01030000,Gardner,2020,"2,471","30,422,249","9,418,789",68.17,"21,003,460","1,278,256","30,422,249"
010300002021,103,01030000,Gardner,2021,"2,418","30,692,123","9,927,325",67.51,"21,003,460",0,"30,930,785"
010300002022,103,01030000,Gardner,2022,"2,285","30,713,287","10,332,365",66.06,"21,072,010",0,"31,404,375"
010400002007,104,01040000,Aquinnah,2007,0,0,0,17.50,0,0,0
010400002008,104,01040000,Aquinnah,2008,0,0,0,17.50,0,0,0
010400002009,104,01040000,Aquinnah,2009,0,0,0,17.50,0,0,0
010400002010,104,01040000,Aquinnah,2010,0,0,0,17.50,0,0,0
010400002011,104,01040000,Aquinnah,2011,0,0,0,17.50,0,0,0
010400002012,104,01040000,Aquinnah,2012,0,0,0,17.50,0,0,0
010400002013,104,01040000,Aquinnah,2013,0,0,0,17.50,0,0,0
010400002014,104,01040000,Aquinnah,2014,0,0,0,17.50,0,0,0
010400002015,104,01040000,Aquinnah,2015,0,0,0,17.50,0,0,0
010400002016,104,01040000,Aquinnah,2016,0,0,0,17.50,0,0,0
010400002017,104,01040000,Aquinnah,2017,0,0,0,17.50,0,0,0
010400002018,104,01040000,Aquinnah,2018,0,0,0,17.50,0,0,0
010400002019,104,01040000,Aquinnah,2019,0,0,0,17.50,0,0,0
010400002020,104,01040000,Aquinnah,2020,0,0,0,17.50,0,0,0
010400002021,104,01040000,Aquinnah,2021,0,0,0,17.50,0,0,0
010400002022,104,01040000,Aquinnah,2022,0,0,0,17.50,0,0,0
010500002007,105,01050000,Georgetown,2007,"1,513","11,110,810","7,042,873",34.69,"4,067,937","639,637","11,110,810"
010500002008,105,01050000,Georgetown,2008,"1,529","11,765,705","7,509,511",34.53,"4,294,072","188,257","11,803,583"
010500002009,105,01050000,Georgetown,2009,"1,509","12,224,355","7,808,142",32.89,"4,444,922","122,141","12,253,064"
010500002010,105,01050000,Georgetown,2010,"1,581","13,336,300","7,954,056",38.47,"4,356,024",0,"12,310,080"
010500002011,105,01050000,Georgetown,2011,"1,571","12,957,759","8,151,601",37.09,"5,067,813",0,"13,219,414"
010500002012,105,01050000,Georgetown,2012,"1,571","13,112,601","8,111,641",37.79,"5,095,019",0,"13,206,660"
010500002013,105,01050000,Georgetown,2013,"1,552","13,510,525","8,329,567",35.85,"5,180,958","85,939","13,510,525"
010500002014,105,01050000,Georgetown,2014,"1,489","13,168,838","8,562,303",34.05,"5,218,183",0,"13,780,486"
010500002015,105,01050000,Georgetown,2015,"1,490","13,311,710","8,894,215",32.82,"5,297,543",0,"14,191,758"
010500002016,105,01050000,Georgetown,2016,"1,389","12,726,853","9,153,957",28.20,"5,332,268",0,"14,486,225"
010500002017,105,01050000,Georgetown,2017,"1,376","12,709,130","9,404,745",26.25,"5,407,948",0,"14,812,693"
010500002018,105,01050000,Georgetown,2018,"1,347","12,771,697","9,356,963",27.17,"5,448,358",0,"14,805,321"
010500002019,105,01050000,Georgetown,2019,"1,333","13,014,007","9,674,567",25.59,"5,488,348",0,"15,162,915"
010500002020,105,01050000,Georgetown,2020,"1,314","13,380,030","10,305,171",21.26,"5,527,768",0,"15,832,939"
010500002021,105,01050000,Georgetown,2021,"1,303","13,521,538","10,617,926",21.47,"5,527,768",0,"16,145,694"
010500002022,105,01050000,Georgetown,2022,"1,239","13,268,519","10,680,486",19.51,"5,564,938",0,"16,245,424"
010600002007,106,01060000,Gill,2007,0,0,0,58.18,0,0,0
010600002008,106,01060000,Gill,2008,0,0,0,58.17,0,0,0
010600002009,106,01060000,Gill,2009,0,0,0,57.51,0,0,0
010600002010,106,01060000,Gill,2010,0,0,0,50.52,0,0,0
010600002011,106,01060000,Gill,2011,0,0,0,49.97,0,0,0
010600002012,106,01060000,Gill,2012,0,0,0,44.41,0,0,0
010600002013,106,01060000,Gill,2013,0,0,0,44.21,0,0,0
010600002014,106,01060000,Gill,2014,0,0,0,43.71,0,0,0
010600002015,106,01060000,Gill,2015,0,0,0,37.97,0,0,0
010600002016,106,01060000,Gill,2016,0,0,0,38.99,0,0,0
010600002017,106,01060000,Gill,2017,0,0,0,42.96,0,0,0
010600002018,106,01060000,Gill,2018,0,0,0,39.75,0,0,0
010600002019,106,01060000,Gill,2019,0,0,0,38.72,0,0,0
010600002020,106,01060000,Gill,2020,0,0,0,36.59,0,0,0
010600002021,106,01060000,Gill,2021,0,0,0,33.85,0,0,0
010600002022,106,01060000,Gill,2022,0,0,0,33.06,0,0,0
010700002007,107,01070000,Gloucester,2007,"3,929","32,559,972","27,559,732",17.50,"5,678,696",0,"33,238,428"
010700002008,107,01070000,Gloucester,2008,"3,947","34,505,025","28,613,858",17.50,"6,019,080","212,471","34,632,938"
010700002009,107,01070000,Gloucester,2009,"3,701","34,138,942","29,038,790",17.50,"6,204,130",0,"35,242,920"
010700002010,107,01070000,Gloucester,2010,"3,588","34,553,578","28,958,748",17.50,"6,080,047",0,"35,038,795"
010700002011,107,01070000,Gloucester,2011,"3,568","33,723,506","29,373,670",17.50,"5,724,851",0,"35,098,521"
010700002012,107,01070000,Gloucester,2012,"3,496","33,676,198","29,773,120",17.50,"5,755,585",0,"35,528,705"
010700002013,107,01070000,Gloucester,2013,"3,453","35,226,845","30,509,144",17.50,"5,893,705",0,"36,402,849"
010700002014,107,01070000,Gloucester,2014,"3,381","35,681,068","31,184,657",17.50,"5,981,325",0,"37,165,982"
010700002015,107,01070000,Gloucester,2015,"3,348","35,333,205","30,916,076",17.50,"6,157,967",0,"37,074,043"
010700002016,107,01070000,Gloucester,2016,"3,237","34,881,817","30,325,627",17.50,"6,238,892",0,"36,564,519"
010700002017,107,01070000,Gloucester,2017,"3,179","34,761,401","29,058,004",17.50,"6,413,737",0,"35,471,741"
010700002018,107,01070000,Gloucester,2018,"3,189","35,423,863","29,347,381",17.50,"6,509,407",0,"35,856,788"
010700002019,107,01070000,Gloucester,2019,"3,189","36,267,476","29,920,668",17.50,"6,605,077",0,"36,525,745"
010700002020,107,01070000,Gloucester,2020,"3,136","37,845,892","31,169,618",17.50,"6,699,157","71,197","37,868,775"
010700002021,107,01070000,Gloucester,2021,"3,094","38,460,243","31,729,700",17.50,"6,730,543","31,386","38,460,243"
010700002022,107,01070000,Gloucester,2022,"3,017","39,342,679","32,457,710",17.50,"6,884,969","154,426","39,342,679"
010800002007,108,01080000,Goshen,2007,9,"97,647","63,992",52.11,"72,297",0,"136,289"
010800002008,108,01080000,Goshen,2008,10,"113,553","67,109",49.74,"80,209",0,"147,318"
010800002009,108,01080000,Goshen,2009,11,"154,299","77,762",53.87,"102,159",0,"179,921"
010800002010,108,01080000,Goshen,2010,11,"158,990","82,506",50.36,"100,116",0,"182,622"
010800002011,108,01080000,Goshen,2011,12,"167,528","89,091",50.40,"96,111",0,"185,202"
010800002012,108,01080000,Goshen,2012,9,"110,251","62,127",43.93,"96,111",0,"158,238"
010800002013,108,01080000,Goshen,2013,13,"189,431","104,098",45.76,"96,111",0,"200,209"
010800002014,108,01080000,Goshen,2014,13,"192,367","104,174",44.23,"96,111",0,"200,285"
010800002015,108,01080000,Goshen,2015,11,"168,012","107,732",35.41,"96,111",0,"203,843"
010800002016,108,01080000,Goshen,2016,8,"105,600","71,097",32.62,"96,111",0,"167,208"
010800002017,108,01080000,Goshen,2017,8,"105,367","68,309",35.60,"96,111",0,"164,420"
010800002018,108,01080000,Goshen,2018,8,"107,335","72,157",33.48,"96,111",0,"168,268"
010800002019,108,01080000,Goshen,2019,10,"138,372","82,071",40.69,"96,111",0,"178,182"
010800002020,108,01080000,Goshen,2020,10,"143,718","88,003",38.77,"96,111",0,"184,114"
010800002021,108,01080000,Goshen,2021,10,"146,578","88,586",39.56,"96,111",0,"184,697"
010800002022,108,01080000,Goshen,2022,9,"134,575","87,682",34.84,"96,381",0,"184,063"
010900002007,109,01090000,Gosnold,2007,8,"51,911","35,263",17.50,"16,648","8,252","51,911"
010900002008,109,01090000,Gosnold,2008,8,"54,331","37,234",17.50,"17,097",449,"54,331"
010900002009,109,01090000,Gosnold,2009,7,"50,519","38,690",17.50,"17,447",0,"56,137"
010900002010,109,01090000,Gosnold,2010,5,"38,314","38,151",17.50,"17,098",0,"55,249"
010900002011,109,01090000,Gosnold,2011,4,"28,361","34,636",17.50,"16,414",0,"51,050"
010900002012,109,01090000,Gosnold,2012,5,"39,039","35,217",17.50,"16,414",0,"51,631"
010900002013,109,01090000,Gosnold,2013,4,"35,112","34,852",17.50,"16,414",0,"51,266"
010900002014,109,01090000,Gosnold,2014,4,"31,218","31,218",17.50,"16,414",0,"47,632"
010900002015,109,01090000,Gosnold,2015,3,"22,958","20,662",17.50,"16,414",0,"37,076"
010900002016,109,01090000,Gosnold,2016,4,"31,485","22,007",17.50,"16,414",0,"38,421"
010900002017,109,01090000,Gosnold,2017,3,"21,497","18,430",17.50,"16,414",0,"34,844"
010900002018,109,01090000,Gosnold,2018,3,"21,756","18,105",17.50,"16,414",0,"34,519"
010900002019,109,01090000,Gosnold,2019,3,"22,611","18,574",17.50,"16,414",0,"34,988"
010900002020,109,01090000,Gosnold,2020,3,"28,233","23,292",17.50,"16,414",0,"39,706"
010900002021,109,01090000,Gosnold,2021,1,"8,254","6,810",17.50,"8,254",0,"15,064"
010900002022,109,01090000,Gosnold,2022,5,"41,751","34,444",17.50,"8,404",0,"42,848"
011000002007,110,01100000,Grafton,2007,"2,548","18,952,992","12,369,492",31.57,"6,583,500","667,254","18,952,992"
011000002008,110,01100000,Grafton,2008,"2,689","21,091,974","13,330,299",32.14,"7,761,675","1,178,175","21,091,974"
011000002009,110,01100000,Grafton,2009,"2,717","22,437,094","14,299,322",31.16,"8,180,814","376,097","22,480,136"
011000002010,110,01100000,Grafton,2010,"2,790","23,677,505","14,635,325",32.38,"8,017,198",0,"22,652,523"
011000002011,110,01100000,Grafton,2011,"2,795","23,187,154","15,109,681",30.73,"8,513,937",0,"23,623,618"
011000002012,110,01100000,Grafton,2012,"2,811","23,744,712","15,535,022",31.62,"8,559,644",0,"24,094,666"
011000002013,110,01100000,Grafton,2013,"2,865","25,114,629","16,118,863",31.85,"8,995,766","436,122","25,114,629"
011000002014,110,01100000,Grafton,2014,"3,058","27,387,656","16,893,716",34.79,"10,493,940","1,498,174","27,387,656"
011000002015,110,01100000,Grafton,2015,"3,103","28,066,999","17,847,710",33.98,"10,571,515",0,"28,419,225"
011000002016,110,01100000,Grafton,2016,"3,159","29,002,097","18,689,770",33.99,"10,650,490",0,"29,340,260"
011000002017,110,01100000,Grafton,2017,"3,217","29,937,376","19,574,310",34.62,"10,827,425",0,"30,401,735"
011000002018,110,01100000,Grafton,2018,"3,151","30,005,660","19,822,623",34.26,"10,921,955",0,"30,744,578"
011000002019,110,01100000,Grafton,2019,"3,114","30,766,241","20,470,454",33.46,"11,015,375",0,"31,485,829"
011000002020,110,01100000,Grafton,2020,"3,112","32,167,051","21,474,332",30.84,"11,108,735",0,"32,583,067"
011000002021,110,01100000,Grafton,2021,"3,079","32,659,858","22,211,911",31.99,"11,108,735",0,"33,320,646"
011000002022,110,01100000,Grafton,2022,"3,021","33,113,667","22,380,816",32.41,"11,350,399",0,"33,731,215"
011100002007,111,01110000,Granby,2007,"1,056","8,086,550","4,268,438",55.93,"3,818,112","337,560","8,086,550"
011100002008,111,01110000,Granby,2008,"1,054","8,451,939","4,295,869",54.40,"4,156,070","337,958","8,451,939"
011100002009,111,01110000,Granby,2009,"1,056","9,035,827","4,303,354",56.93,"4,732,473","576,403","9,035,827"
011100002010,111,01110000,Granby,2010,"1,031","9,050,222","4,343,476",54.14,"4,637,824",0,"8,981,300"
011100002011,111,01110000,Granby,2011,999,"8,636,188","4,357,208",52.93,"4,431,778",0,"8,788,986"
011100002012,111,01110000,Granby,2012,995,"8,744,249","4,488,653",50.27,"4,455,570",0,"8,944,223"
011100002013,111,01110000,Granby,2013,943,"8,663,531","4,623,232",47.88,"4,493,290",0,"9,116,522"
011100002014,111,01110000,Granby,2014,917,"8,574,245","4,727,723",47.02,"4,516,215",0,"9,243,938"
011100002015,111,01110000,Granby,2015,852,"8,273,053","4,695,999",44.75,"4,537,515",0,"9,233,514"
011100002016,111,01110000,Granby,2016,812,"7,978,374","4,781,695",41.61,"4,557,815",0,"9,339,510"
011100002017,111,01110000,Granby,2017,777,"7,719,354","4,716,269",39.33,"4,600,550",0,"9,316,819"
011100002018,111,01110000,Granby,2018,742,"7,516,651","4,649,745",38.64,"4,622,810",0,"9,272,555"
011100002019,111,01110000,Granby,2019,698,"7,333,030","4,806,929",34.45,"4,643,750",0,"9,450,679"
011100002020,111,01110000,Granby,2020,701,"7,816,401","4,990,654",35.98,"4,664,780",0,"9,655,434"
011100002021,111,01110000,Granby,2021,710,"8,181,735","5,150,983",37.04,"4,664,780",0,"9,815,763"
011100002022,111,01110000,Granby,2022,685,"8,293,231","5,148,277",37.92,"4,685,330",0,"9,833,607"
011200002007,112,01120000,Granville,2007,307,"2,358,065","1,185,776",56.50,"1,307,669",0,"2,493,445"
011200002008,112,01120000,Granville,2008,297,"2,400,533","1,206,660",55.02,"1,331,035",0,"2,537,695"
011200002009,112,01120000,Granville,2009,273,"2,341,551","1,228,016",51.04,"1,344,685",0,"2,572,701"
011200002010,112,01120000,Granville,2010,254,"2,240,177","1,250,541",45.10,"1,317,791",0,"2,568,332"
011200002011,112,01120000,Granville,2011,259,"2,244,631","1,266,515",45.95,"1,240,805",0,"2,507,320"
011200002012,112,01120000,Granville,2012,237,"2,103,436","1,296,025",35.61,"1,247,466",0,"2,543,491"
011200002013,112,01120000,Granville,2013,0,0,0,33.71,0,0,0
011200002014,112,01120000,Granville,2014,0,0,0,33.20,0,0,0
011200002015,112,01120000,Granville,2015,0,0,0,34.80,0,0,0
011200002016,112,01120000,Granville,2016,0,0,0,31.02,0,0,0
011200002017,112,01120000,Granville,2017,0,0,0,31.43,0,0,0
011200002018,112,01120000,Granville,2018,0,0,0,25.87,0,0,0
011200002019,112,01120000,Granville,2019,0,0,0,19.82,0,0,0
011200002020,112,01120000,Granville,2020,0,0,0,23.34,0,0,0
011200002021,112,01120000,Granville,2021,0,0,0,24.32,0,0,0
011200002022,112,01120000,Granville,2022,0,0,0,27.01,0,0,0
011300002007,113,01130000,Great Barrington,2007,0,0,0,17.50,0,0,0
011300002008,113,01130000,Great Barrington,2008,0,0,0,17.50,0,0,0
011300002009,113,01130000,Great Barrington,2009,0,0,0,17.50,0,0,0
011300002010,113,01130000,Great Barrington,2010,0,0,0,17.50,0,0,0
011300002011,113,01130000,Great Barrington,2011,0,0,0,17.50,0,0,0
011300002012,113,01130000,Great Barrington,2012,0,0,0,17.50,0,0,0
011300002013,113,01130000,Great Barrington,2013,0,0,0,17.50,0,0,0
011300002014,113,01130000,Great Barrington,2014,0,0,0,17.50,0,0,0
011300002015,113,01130000,Great Barrington,2015,0,0,0,17.50,0,0,0
011300002016,113,01130000,Great Barrington,2016,0,0,0,17.50,0,0,0
011300002017,113,01130000,Great Barrington,2017,0,0,0,17.50,0,0,0
011300002018,113,01130000,Great Barrington,2018,0,0,0,17.50,0,0,0
011300002019,113,01130000,Great Barrington,2019,0,0,0,17.50,0,0,0
011300002020,113,01130000,Great Barrington,2020,0,0,0,17.50,0,0,0
011300002021,113,01130000,Great Barrington,2021,0,0,0,17.50,0,0,0
011300002022,113,01130000,Great Barrington,2022,0,0,0,17.50,0,0,0
011400002007,114,01140000,Greenfield,2007,"2,076","17,803,364","9,283,824",58.08,"9,054,173",0,"18,337,997"
011400002008,114,01140000,Greenfield,2008,"2,050","18,475,981","9,232,071",56.81,"9,486,783","189,737","18,718,854"
011400002009,114,01140000,Greenfield,2009,"1,953","18,457,058","9,067,762",55.47,"9,734,728",0,"18,802,490"
011400002010,114,01140000,Greenfield,2010,"1,915","18,757,501","8,914,962",54.12,"9,540,033",0,"18,454,995"
011400002011,114,01140000,Greenfield,2011,"1,899","18,168,642","8,874,442",54.34,"9,267,538",0,"18,141,980"
011400002012,114,01140000,Greenfield,2012,"1,951","19,123,336","9,165,933",53.71,"9,957,403","640,113","19,123,336"
011400002013,114,01140000,Greenfield,2013,"1,985","19,845,138","9,446,211",54.07,"10,481,762","441,524","19,927,973"
011400002014,114,01140000,Greenfield,2014,"2,051","21,688,417","9,832,399",56.07,"11,932,187","1,374,256","21,764,586"
011400002015,114,01140000,Greenfield,2015,"2,065","21,246,904","9,761,739",55.60,"11,983,812",0,"21,745,551"
011400002016,114,01140000,Greenfield,2016,"2,048","21,378,359","9,879,409",55.20,"12,035,012",0,"21,914,421"
011400002017,114,01140000,Greenfield,2017,"1,909","20,360,059","9,575,385",53.47,"12,140,007",0,"21,715,392"
011400002018,114,01140000,Greenfield,2018,"1,913","20,807,903","9,604,767",54.16,"12,197,397",0,"21,802,164"
011400002019,114,01140000,Greenfield,2019,"1,984","22,188,291","9,949,462",55.16,"12,256,917","41,432","22,206,379"
011400002020,114,01140000,Greenfield,2020,"1,989","23,758,804","10,147,449",57.29,"13,611,355","1,354,438","23,758,804"
011400002021,114,01140000,Greenfield,2021,"1,965","24,159,292","10,256,971",57.54,"13,902,321","290,966","24,159,292"
011400002022,114,01140000,Greenfield,2022,"1,859","23,851,070","10,181,012",57.31,"13,958,091",0,"24,139,103"
011500002007,115,01150000,Groton,2007,0,0,0,38.63,0,0,0
011500002008,115,01150000,Groton,2008,0,0,0,32.37,0,0,0
011500002009,115,01150000,Groton,2009,0,0,0,33.09,0,0,0
011500002010,115,01150000,Groton,2010,0,0,0,30.70,0,0,0
011500002011,115,01150000,Groton,2011,1,"12,362","9,161",26.59,"3,201","3,201","12,362"
011500002012,115,01150000,Groton,2012,1,"12,532","9,543",17.50,"3,201",0,"12,744"
011500002013,115,01150000,Groton,2013,1,"13,021","10,245",17.50,"3,201",0,"13,446"
011500002014,115,01150000,Groton,2014,0,0,0,17.99,0,0,0
011500002015,115,01150000,Groton,2015,0,0,0,18.65,0,0,0
011500002016,115,01150000,Groton,2016,0,0,0,17.50,0,0,0
011500002017,115,01150000,Groton,2017,0,0,0,17.50,0,0,0
011500002018,115,01150000,Groton,2018,0,0,0,17.50,0,0,0
011500002019,115,01150000,Groton,2019,0,0,0,17.50,0,0,0
011500002020,115,01150000,Groton,2020,0,0,0,17.50,0,0,0
011500002021,115,01150000,Groton,2021,0,0,0,17.50,0,0,0
011500002022,115,01150000,Groton,2022,0,0,0,17.50,0,0,0
011600002007,116,01160000,Groveland,2007,0,0,0,42.34,0,0,0
011600002008,116,01160000,Groveland,2008,0,0,0,39.68,0,0,0
011600002009,116,01160000,Groveland,2009,0,0,0,40.55,0,0,0
011600002010,116,01160000,Groveland,2010,0,0,0,43.86,0,0,0
011600002011,116,01160000,Groveland,2011,0,0,0,43.61,0,0,0
011600002012,116,01160000,Groveland,2012,0,0,0,41.83,0,0,0
011600002013,116,01160000,Groveland,2013,0,0,0,41.76,0,0,0
011600002014,116,01160000,Groveland,2014,0,0,0,39.59,0,0,0
011600002015,116,01160000,Groveland,2015,5,"65,025","41,295",37.33,"42,110",0,"83,405"
011600002016,116,01160000,Groveland,2016,6,"79,200","51,428",36.37,"42,110",0,"93,538"
011600002017,116,01160000,Groveland,2017,9,"118,538","77,239",35.41,"42,110",0,"119,349"
011600002018,116,01160000,Groveland,2018,10,"134,168","90,748",32.58,"43,420","1,310","134,168"
011600002019,116,01160000,Groveland,2019,13,"206,188","141,367",31.44,"65,200","21,401","206,567"
011600002020,116,01160000,Groveland,2020,11,"185,257","131,944",28.46,"65,200",0,"197,144"
011600002021,116,01160000,Groveland,2021,8,"117,262","84,803",27.68,"65,200",0,"150,003"
011600002022,116,01160000,Groveland,2022,9,"134,575","100,582",24.13,"65,470",0,"166,052"
011700002007,117,01170000,Hadley,2007,621,"4,764,269","5,245,116",17.50,"667,691",0,"5,912,807"
011700002008,117,01170000,Hadley,2008,624,"5,019,643","5,189,433",17.50,"730,915",0,"5,920,348"
011700002009,117,01170000,Hadley,2009,607,"5,205,801","5,053,095",17.50,"790,348",0,"5,843,443"
011700002010,117,01170000,Hadley,2010,609,"5,406,526","4,995,543",17.50,"774,541",0,"5,770,084"
011700002011,117,01170000,Hadley,2011,650,"5,658,506","4,937,924",17.50,"729,292",0,"5,667,216"
011700002012,117,01170000,Hadley,2012,648,"5,783,756","5,102,966",17.50,"733,207",0,"5,836,173"
011700002013,117,01170000,Hadley,2013,654,"6,074,126","5,356,386",17.50,"815,648",0,"6,172,034"
011700002014,117,01170000,Hadley,2014,646,"6,128,452","5,607,720",17.50,"879,856",0,"6,487,576"
011700002015,117,01170000,Hadley,2015,627,"5,981,188","5,351,851",17.50,"938,254",0,"6,290,105"
011700002016,117,01170000,Hadley,2016,611,"5,986,156","5,261,618",17.50,"953,529",0,"6,215,147"
011700002017,117,01170000,Hadley,2017,587,"5,790,380","4,888,340",17.50,"985,814",0,"5,874,154"
011700002018,117,01170000,Hadley,2018,565,"5,654,945","4,724,445",17.50,"1,002,764",0,"5,727,209"
011700002019,117,01170000,Hadley,2019,562,"5,888,758","4,858,225",17.50,"1,030,533","27,769","5,888,758"
011700002020,117,01170000,Hadley,2020,559,"6,230,654","4,968,021",17.50,"1,279,420","232,100","6,247,441"
011700002021,117,01170000,Hadley,2021,520,"5,921,818","4,885,500",17.50,"1,279,420",0,"6,164,920"
011700002022,117,01170000,Hadley,2022,498,"5,857,374","4,832,334",17.50,"1,294,360",0,"6,126,694"
011800002007,118,01180000,Halifax,2007,698,"5,102,051","2,752,876",46.14,"2,423,716",0,"5,176,592"
011800002008,118,01180000,Halifax,2008,709,"5,360,750","2,911,501",45.37,"2,541,088","25,533","5,452,589"
011800002009,118,01180000,Halifax,2009,703,"5,579,019","2,979,985",46.75,"2,643,129","57,946","5,623,114"
011800002010,118,01180000,Halifax,2010,710,"5,830,873","3,036,721",48.39,"2,590,266",0,"5,626,987"
011800002011,118,01180000,Halifax,2011,680,"5,481,069","3,009,340",47.21,"2,630,918",0,"5,640,258"
011800002012,118,01180000,Halifax,2012,649,"5,309,029","2,928,688",45.36,"2,645,042",0,"5,573,730"
011800002013,118,01180000,Halifax,2013,620,"5,256,095","2,947,000",43.96,"2,669,842",0,"5,616,842"
011800002014,118,01180000,Halifax,2014,605,"5,316,164","2,900,902",47.74,"2,684,967",0,"5,585,869"
011800002015,118,01180000,Halifax,2015,594,"5,366,430","2,903,829",47.71,"2,699,817",0,"5,603,646"
011800002016,118,01180000,Halifax,2016,592,"5,540,979","2,982,219",48.18,"2,714,617",0,"5,696,836"
011800002017,118,01180000,Halifax,2017,579,"5,481,689","2,891,843",47.82,"2,746,462",0,"5,638,305"
011800002018,118,01180000,Halifax,2018,633,"6,142,874","3,223,996",47.69,"2,923,648","172,416","6,147,644"
011800002019,118,01180000,Halifax,2019,637,"6,353,417","3,373,628",46.90,"2,989,257","60,911","6,362,885"
011800002020,118,01180000,Halifax,2020,647,"6,718,564","3,664,674",42.72,"3,063,392","64,633","6,728,066"
011800002021,118,01180000,Halifax,2021,630,"6,764,091","3,795,461",43.89,"3,063,392",0,"6,858,853"
011800002022,118,01180000,Halifax,2022,615,"6,881,456","3,833,817",44.29,"3,081,842",0,"6,915,659"
011900002007,119,01190000,Hamilton,2007,0,0,0,17.50,0,0,0
011900002008,119,01190000,Hamilton,2008,0,0,0,17.50,0,0,0
011900002009,119,01190000,Hamilton,2009,0,0,0,17.50,0,0,0
011900002010,119,01190000,Hamilton,2010,0,0,0,17.50,0,0,0
011900002011,119,01190000,Hamilton,2011,0,0,0,17.50,0,0,0
011900002012,119,01190000,Hamilton,2012,0,0,0,17.50,0,0,0
011900002013,119,01190000,Hamilton,2013,0,0,0,17.50,0,0,0
011900002014,119,01190000,Hamilton,2014,0,0,0,17.50,0,0,0
011900002015,119,01190000,Hamilton,2015,3,"39,913","35,608",17.50,"16,844",0,"52,452"
011900002016,119,01190000,Hamilton,2016,0,0,0,17.50,0,0,0
011900002017,119,01190000,Hamilton,2017,0,0,0,17.50,0,0,0
011900002018,119,01190000,Hamilton,2018,0,0,0,17.50,0,0,0
011900002019,119,01190000,Hamilton,2019,0,0,0,17.50,0,0,0
011900002020,119,01190000,Hamilton,2020,0,0,0,17.50,0,0,0
011900002021,119,01190000,Hamilton,2021,0,0,0,17.50,0,0,0
011900002022,119,01190000,Hamilton,2022,0,0,0,17.50,0,0,0
012000002007,120,01200000,Hampden,2007,0,0,0,46.14,0,0,0
012000002008,120,01200000,Hampden,2008,0,0,0,45.58,0,0,0
012000002009,120,01200000,Hampden,2009,0,0,0,44.43,0,0,0
012000002010,120,01200000,Hampden,2010,0,0,0,40.16,0,0,0
012000002011,120,01200000,Hampden,2011,0,0,0,39.49,0,0,0
012000002012,120,01200000,Hampden,2012,0,0,0,38.41,0,0,0
012000002013,120,01200000,Hampden,2013,0,0,0,34.88,0,0,0
012000002014,120,01200000,Hampden,2014,0,0,0,34.56,0,0,0
012000002015,120,01200000,Hampden,2015,0,0,0,32.67,0,0,0
012000002016,120,01200000,Hampden,2016,0,0,0,27.50,0,0,0
012000002017,120,01200000,Hampden,2017,0,0,0,27.33,0,0,0
012000002018,120,01200000,Hampden,2018,0,0,0,24.58,0,0,0
012000002019,120,01200000,Hampden,2019,0,0,0,23.08,0,0,0
012000002020,120,01200000,Hampden,2020,0,0,0,18.80,0,0,0
012000002021,120,01200000,Hampden,2021,0,0,0,18.37,0,0,0
012000002022,120,01200000,Hampden,2022,0,0,0,19.87,0,0,0
012100002007,121,01210000,Hancock,2007,113,"880,073","741,790",17.50,"184,299",0,"926,089"
012100002008,121,01210000,Hancock,2008,92,"762,442","762,443",17.50,"188,899",0,"951,342"
012100002009,121,01210000,Hancock,2009,102,"856,176","765,743",17.50,"205,303",0,"971,046"
012100002010,121,01210000,Hancock,2010,99,"853,326","779,131",17.50,"201,197",0,"980,328"
012100002011,121,01210000,Hancock,2011,95,"790,174","768,393",17.50,"189,443",0,"957,836"
012100002012,121,01210000,Hancock,2012,93,"776,252","758,287",17.50,"190,460",0,"948,747"
012100002013,121,01210000,Hancock,2013,97,"853,061","775,699",17.50,"194,340",0,"970,039"
012100002014,121,01210000,Hancock,2014,101,"908,417","820,354",17.50,"196,865",0,"1,017,219"
012100002015,121,01210000,Hancock,2015,90,"806,236","725,612",17.50,"199,115",0,"924,727"
012100002016,121,01210000,Hancock,2016,75,"700,018","630,016",17.50,"200,990",0,"831,006"
012100002017,121,01210000,Hancock,2017,74,"719,680","604,602",17.50,"205,060",0,"809,662"
012100002018,121,01210000,Hancock,2018,70,"672,607","562,854",17.50,"207,160",0,"770,014"
012100002019,121,01210000,Hancock,2019,70,"715,920","571,860",17.50,"209,260",0,"781,120"
012100002020,121,01210000,Hancock,2020,73,"800,339","609,145",17.50,"211,450",0,"820,595"
012100002021,121,01210000,Hancock,2021,77,"883,632","673,593",17.50,"211,450",0,"885,043"
012100002022,121,01210000,Hancock,2022,81,"936,904","689,423",17.50,"247,481","36,031","936,904"
012200002007,122,01220000,Hanover,2007,"2,697","20,142,434","14,796,651",29.54,"5,345,783","650,050","20,142,434"
012200002008,122,01220000,Hanover,2008,"2,696","21,096,226","15,271,206",28.95,"5,825,020","479,237","21,096,226"
012200002009,122,01220000,Hanover,2009,"2,640","21,748,945","15,848,159",27.52,"6,004,648","75,766","21,852,807"
012200002010,122,01220000,Hanover,2010,"2,623","22,213,295","15,909,369",28.38,"5,884,555",0,"21,793,924"
012200002011,122,01220000,Hanover,2011,"2,620","21,774,380","16,297,523",26.31,"5,935,651",0,"22,233,174"
012200002012,122,01220000,Hanover,2012,"2,623","22,331,597","16,434,712",27.99,"5,967,516",0,"22,402,228"
012200002013,122,01220000,Hanover,2013,"2,649","23,401,738","16,986,703",28.19,"6,460,514","447,519","23,447,217"
012200002014,122,01220000,Hanover,2014,"2,624","23,673,254","17,673,274",27.71,"6,526,114",0,"24,199,388"
012200002015,122,01220000,Hanover,2015,"2,586","23,675,036","17,821,949",26.55,"6,590,764",0,"24,412,713"
012200002016,122,01220000,Hanover,2016,"2,566","24,041,587","18,466,336",23.63,"6,654,914",0,"25,121,250"
012200002017,122,01220000,Hanover,2017,"2,557","23,962,139","18,266,304",24.47,"6,795,549",0,"25,061,853"
012200002018,122,01220000,Hanover,2018,"2,530","24,249,684","19,005,451",20.62,"6,871,449",0,"25,876,900"
012200002019,122,01220000,Hanover,2019,"2,533","25,234,803","19,689,734",20.71,"6,947,439",0,"26,637,173"
012200002020,122,01220000,Hanover,2020,"2,548","26,655,203","20,506,773",21.82,"7,023,879",0,"27,530,652"
012200002021,122,01220000,Hanover,2021,"2,558","27,226,298","21,124,278",22.41,"7,023,879",0,"28,148,157"
012200002022,122,01220000,Hanover,2022,"2,548","27,986,422","21,593,458",22.84,"7,100,319",0,"28,693,777"
012300002007,123,01230000,Hanson,2007,3,"32,549","8,976",50.10,"30,063",0,"39,039"
012300002008,123,01230000,Hanson,2008,2,"22,711","6,659",50.28,"22,711",0,"29,370"
012300002009,123,01230000,Hanson,2009,1,"11,943","3,468",51.78,"11,943",0,"15,411"
012300002010,123,01230000,Hanson,2010,3,"36,920","12,160",51.41,"11,705",0,"23,865"
012300002011,123,01230000,Hanson,2011,4,"48,143","16,555",53.23,"31,588","7,818","48,143"
012300002012,123,01230000,Hanson,2012,3,"36,750","13,241",51.03,"31,588",0,"44,829"
012300002013,123,01230000,Hanson,2013,5,"63,486","23,471",50.29,"40,015","8,427","63,486"
012300002014,123,01230000,Hanson,2014,5,"64,470","24,990",50.27,"40,015",0,"65,005"
012300002015,123,01230000,Hanson,2015,7,"91,034","38,572",47.91,"52,462","12,447","91,034"
012300002016,123,01230000,Hanson,2016,8,"105,600","47,255",47.59,"58,345","5,883","105,600"
012300002017,123,01230000,Hanson,2017,8,"105,367","49,870",46.99,"58,345",0,"108,215"
012300002018,123,01230000,Hanson,2018,9,"120,752","61,304",45.09,"59,448","1,103","120,752"
012300002019,123,01230000,Hanson,2019,6,"83,023","44,311",42.94,"59,448",0,"103,759"
012300002020,123,01230000,Hanson,2020,3,"43,115","23,914",40.81,"43,148",0,"67,062"
012300002021,123,01230000,Hanson,2021,1,"14,658","8,507",39.72,"14,658",0,"23,165"
012300002022,123,01230000,Hanson,2022,1,"14,953","9,162",36.68,"14,688",0,"23,850"
012400002007,124,01240000,Hardwick,2007,1,"10,850","2,254",68.42,"8,596","8,596","10,850"
012400002008,124,01240000,Hardwick,2008,0,0,0,65.58,0,0,0
012400002009,124,01240000,Hardwick,2009,0,0,0,66.03,0,0,0
012400002010,124,01240000,Hardwick,2010,0,0,0,60.77,0,0,0
012400002011,124,01240000,Hardwick,2011,0,0,0,62.76,0,0,0
012400002012,124,01240000,Hardwick,2012,0,0,0,63.52,0,0,0
012400002013,124,01240000,Hardwick,2013,0,0,0,60.90,0,0,0
012400002014,124,01240000,Hardwick,2014,0,0,0,63.28,0,0,0
012400002015,124,01240000,Hardwick,2015,1,"13,005","5,113",62.56,"7,892","7,892","13,005"
012400002016,124,01240000,Hardwick,2016,1,"13,200","4,892",64.74,"8,308",416,"13,200"
012400002017,124,01240000,Hardwick,2017,1,"13,171","4,778",64.10,"8,393",85,"13,171"
012400002018,124,01240000,Hardwick,2018,0,0,0,64.01,0,0,0
012400002019,124,01240000,Hardwick,2019,1,"13,837","5,264",61.96,"8,588","8,573","13,852"
012400002020,124,01240000,Hardwick,2020,1,"14,372","5,991",56.10,"8,588",0,"14,579"
012400002021,124,01240000,Hardwick,2021,2,"29,316","11,840",57.50,"17,476","8,888","29,316"
012400002022,124,01240000,Hardwick,2022,3,"44,858","16,753",60.24,"28,114","10,629","44,867"
012500002007,125,01250000,Harvard,2007,"1,260","9,436,456","8,041,734",17.50,"1,394,722","187,032","9,436,456"
012500002008,125,01250000,Harvard,2008,"1,246","9,734,129","8,255,080",17.50,"1,487,347","84,327","9,742,427"
012500002009,125,01250000,Harvard,2009,"1,249","10,286,418","8,498,460",17.50,"1,787,958","300,611","10,286,418"
012500002010,125,01250000,Harvard,2010,"1,217","10,374,345","8,558,834",17.50,"1,752,199",0,"10,311,033"
012500002011,125,01250000,Harvard,2011,"1,157","9,724,196","8,552,465",17.50,"1,709,449",0,"10,261,914"
012500002012,125,01250000,Harvard,2012,"1,147","9,832,645","8,627,525",17.50,"1,718,626",0,"10,346,151"
012500002013,125,01250000,Harvard,2013,"1,127","10,074,274","8,807,063",17.50,"1,763,706",0,"10,570,769"
012500002014,125,01250000,Harvard,2014,"1,084","9,949,641","8,901,871",17.50,"1,790,806",0,"10,692,677"
012500002015,125,01250000,Harvard,2015,"1,036","9,617,699","8,555,966",17.50,"1,816,706",0,"10,372,672"
012500002016,125,01250000,Harvard,2016,"1,019","9,693,663","8,402,066",17.50,"1,842,181",0,"10,244,247"
012500002017,125,01250000,Harvard,2017,996,"9,175,786","7,758,081",17.50,"1,896,961",0,"9,655,042"
012500002018,125,01250000,Harvard,2018,980,"9,274,857","7,706,220",17.50,"1,926,361",0,"9,632,581"
012500002019,125,01250000,Harvard,2019,945,"9,216,263","7,603,417",17.50,"1,954,741",0,"9,558,158"
012500002020,125,01250000,Harvard,2020,931,"9,480,814","7,821,672",17.50,"1,982,671",0,"9,804,343"
012500002021,125,01250000,Harvard,2021,911,"9,458,347","7,803,137",17.50,"1,982,671",0,"9,785,808"
012500002022,125,01250000,Harvard,2022,876,"9,395,298","7,751,121",17.50,"2,008,951",0,"9,760,072"
012600002007,126,01260000,Harwich,2007,"1,532","11,707,485","11,494,628",17.50,"1,562,804",0,"13,057,432"
012600002008,126,01260000,Harwich,2008,"1,495","12,038,270","11,546,692",17.50,"1,725,972",0,"13,272,664"
012600002009,126,01260000,Harwich,2009,"1,457","12,378,598","11,167,921",17.50,"1,871,266",0,"13,039,187"
012600002010,126,01260000,Harwich,2010,"1,430","12,611,947","11,483,505",17.50,"1,833,840",0,"13,317,345"
012600002011,126,01260000,Harwich,2011,"1,406","12,195,817","11,202,192",17.50,"1,726,707",0,"12,928,899"
012600002012,126,01260000,Harwich,2012,"1,405","12,395,624","11,328,277",17.50,"1,735,977",0,"13,064,254"
012600002013,126,01260000,Harwich,2013,0,0,0,17.50,0,0,0
012600002014,126,01260000,Harwich,2014,0,0,0,17.50,0,0,0
012600002015,126,01260000,Harwich,2015,0,0,0,17.50,0,0,0
012600002016,126,01260000,Harwich,2016,0,0,0,17.50,0,0,0
012600002017,126,01260000,Harwich,2017,0,0,0,17.50,0,0,0
012600002018,126,01260000,Harwich,2018,0,0,0,17.50,0,0,0
012600002019,126,01260000,Harwich,2019,0,0,0,17.50,0,0,0
012600002020,126,01260000,Harwich,2020,0,0,0,17.50,0,0,0
012600002021,126,01260000,Harwich,2021,0,0,0,17.50,0,0,0
012600002022,126,01260000,Harwich,2022,0,0,0,17.50,0,0,0
012700002007,127,01270000,Hatfield,2007,467,"3,642,953","2,938,353",29.03,"707,251","84,924","3,645,604"
012700002008,127,01270000,Hatfield,2008,450,"3,688,013","2,957,523",26.73,"790,818","23,239","3,748,341"
012700002009,127,01270000,Hatfield,2009,424,"3,648,857","2,998,072",22.77,"812,018",0,"3,810,090"
012700002010,127,01270000,Hatfield,2010,394,"3,508,714","3,029,964",17.50,"795,778",0,"3,825,742"
012700002011,127,01270000,Hatfield,2011,370,"3,258,632","3,006,599",17.50,"749,289",0,"3,755,888"
012700002012,127,01270000,Hatfield,2012,362,"3,188,704","2,995,877",17.50,"753,311",0,"3,749,188"
012700002013,127,01270000,Hatfield,2013,359,"3,317,759","3,073,443",17.50,"767,671",0,"3,841,114"
012700002014,127,01270000,Hatfield,2014,367,"3,450,987","3,186,043",17.50,"776,846",0,"3,962,889"
012700002015,127,01270000,Hatfield,2015,375,"3,505,759","3,095,381",17.50,"786,221",0,"3,881,602"
012700002016,127,01270000,Hatfield,2016,381,"3,617,908","3,106,474",17.50,"795,746",0,"3,902,220"
012700002017,127,01270000,Hatfield,2017,350,"3,350,320","2,835,513",17.50,"814,996",0,"3,650,509"
012700002018,127,01270000,Hatfield,2018,354,"3,456,804","2,864,170",17.50,"825,616",0,"3,689,786"
012700002019,127,01270000,Hatfield,2019,341,"3,557,026","2,934,546",17.50,"835,846",0,"3,770,392"
012700002020,127,01270000,Hatfield,2020,347,"3,779,441","3,053,395",17.50,"846,256",0,"3,899,651"
012700002021,127,01270000,Hatfield,2021,353,"3,943,218","3,167,592",17.50,"846,256",0,"4,013,848"
012700002022,127,01270000,Hatfield,2022,334,"3,877,179","3,198,673",17.50,"856,276",0,"4,054,949"
012800002007,128,01280000,Haverhill,2007,"7,556","61,978,683","32,052,321",47.76,"33,057,731",0,"65,110,052"
012800002008,128,01280000,Haverhill,2008,"7,589","65,881,402","33,678,683",49.46,"34,988,016",0,"68,666,699"
012800002009,128,01280000,Haverhill,2009,"7,408","68,099,107","34,744,794",49.15,"36,078,018",0,"70,822,812"
012800002010,128,01280000,Haverhill,2010,"7,467","71,235,841","34,829,065",50.90,"35,356,458",0,"70,185,523"
012800002011,128,01280000,Haverhill,2011,"7,544","70,567,492","35,268,131",51.08,"34,622,057","348,856","69,890,188"
012800002012,128,01280000,Haverhill,2012,"7,582","71,678,180","35,711,436",51.56,"35,966,744","1,158,820","71,678,180"
012800002013,128,01280000,Haverhill,2013,"7,745","77,249,639","36,816,955",52.83,"40,527,259","4,465,940","77,344,214"
012800002014,128,01280000,Haverhill,2014,"7,923","81,685,330","37,879,800",55.20,"44,126,723","3,278,271","82,006,523"
012800002015,128,01280000,Haverhill,2015,"7,951","83,661,746","38,734,196",55.18,"45,091,781","413,414","83,825,977"
012800002016,128,01280000,Haverhill,2016,"8,105","85,387,259","38,924,761",55.74,"46,462,498","1,370,717","85,387,259"
012800002017,128,01280000,Haverhill,2017,"8,200","87,808,524","38,182,889",56.87,"49,625,635","3,163,137","87,808,524"
012800002018,128,01280000,Haverhill,2018,"8,304","91,533,733","39,059,148",57.49,"52,474,585","2,848,950","91,533,733"
012800002019,128,01280000,Haverhill,2019,"8,316","95,275,049","40,630,210",57.35,"54,644,839","2,170,254","95,275,049"
012800002020,128,01280000,Haverhill,2020,"8,237","100,463,268","42,109,344",56.84,"58,353,924","3,709,085","100,463,268"
012800002021,128,01280000,Haverhill,2021,"8,540","107,173,075","43,835,110",58.40,"63,349,956","4,984,041","107,185,066"
012800002022,128,01280000,Haverhill,2022,"8,276","109,839,438","44,857,002",57.31,"64,982,436","1,632,480","109,839,438"
012900002007,129,01290000,Hawley,2007,3,"32,549","22,929",46.36,"27,475",0,"50,404"
012900002008,129,01290000,Hawley,2008,1,"11,355","7,744",47.43,"11,355",0,"19,099"
012900002009,129,01290000,Hawley,2009,1,"11,943","6,852",53.16,"11,668",0,"18,520"
012900002010,129,01290000,Hawley,2010,4,"49,226","29,178",42.85,"11,435",0,"40,613"
012900002011,129,01290000,Hawley,2011,5,"60,179","31,929",50.33,"28,250","9,004","60,179"
012900002012,129,01290000,Hawley,2012,4,"49,000","31,936",24.75,"28,250",0,"60,186"
012900002013,129,01290000,Hawley,2013,6,"76,183","40,981",41.21,"35,202","6,952","76,183"
012900002014,129,01290000,Hawley,2014,3,"38,682","25,218",30.35,"35,202",0,"60,420"
012900002015,129,01290000,Hawley,2015,3,"39,015","24,838",32.96,"35,202",0,"60,040"
012900002016,129,01290000,Hawley,2016,5,"66,000","34,098",43.13,"35,202",0,"69,300"
012900002017,129,01290000,Hawley,2017,3,"39,513","25,830",33.45,"35,202",0,"61,032"
012900002018,129,01290000,Hawley,2018,2,"26,834","20,424",23.43,"26,834",0,"47,258"
012900002019,129,01290000,Hawley,2019,1,"13,837","9,530",30.74,"13,837",0,"23,367"
012900002020,129,01290000,Hawley,2020,0,0,0,35.08,0,0,0
012900002021,129,01290000,Hawley,2021,1,"14,658","8,781",39.46,"5,877","5,877","14,658"
012900002022,129,01290000,Hawley,2022,4,"59,811","46,542",19.22,"13,300","7,392","59,842"
013000002007,130,01300000,Heath,2007,0,0,0,68.27,0,0,0
013000002008,130,01300000,Heath,2008,0,0,0,62.54,0,0,0
013000002009,130,01300000,Heath,2009,0,0,0,56.67,0,0,0
013000002010,130,01300000,Heath,2010,0,0,0,46.42,0,0,0
013000002011,130,01300000,Heath,2011,0,0,0,56.73,0,0,0
013000002012,130,01300000,Heath,2012,0,0,0,50.87,0,0,0
013000002013,130,01300000,Heath,2013,0,0,0,52.69,0,0,0
013000002014,130,01300000,Heath,2014,0,0,0,50.99,0,0,0
013000002015,130,01300000,Heath,2015,0,0,0,54.65,0,0,0
013000002016,130,01300000,Heath,2016,0,0,0,56.12,0,0,0
013000002017,130,01300000,Heath,2017,0,0,0,61.33,0,0,0
013000002018,130,01300000,Heath,2018,0,0,0,57.65,0,0,0
013000002019,130,01300000,Heath,2019,0,0,0,57.90,0,0,0
013000002020,130,01300000,Heath,2020,0,0,0,59.90,0,0,0
013000002021,130,01300000,Heath,2021,0,0,0,57.13,0,0,0
013000002022,130,01300000,Heath,2022,0,0,0,57.97,0,0,0
013100002007,131,01310000,Hingham,2007,"3,632","27,560,965","23,564,072",17.50,"3,996,893","656,413","27,560,965"
013100002008,131,01310000,Hingham,2008,"3,671","29,139,914","24,642,808",17.50,"4,497,106","500,213","29,139,914"
013100002009,131,01310000,Hingham,2009,"3,719","31,044,967","26,194,370",17.50,"4,850,597","353,491","31,044,967"
013100002010,131,01310000,Hingham,2010,"3,800","32,711,414","26,992,341",17.50,"4,753,585",0,"31,745,926"
013100002011,131,01310000,Hingham,2011,"3,916","32,995,448","27,678,867",17.50,"5,384,965",0,"33,063,832"
013100002012,131,01310000,Hingham,2012,"3,978","34,007,006","28,453,971",17.50,"5,553,035","139,161","34,007,006"
013100002013,131,01310000,Hingham,2013,"4,048","35,828,380","29,594,328",17.50,"6,234,052","681,017","35,828,380"
013100002014,131,01310000,Hingham,2014,"4,109","37,036,862","30,669,232",17.50,"6,396,085","133,578","37,065,317"
013100002015,131,01310000,Hingham,2015,"4,119","37,371,416","31,288,570",17.50,"6,499,060",0,"37,787,630"
013100002016,131,01310000,Hingham,2016,"4,189","39,001,021","32,512,856",17.50,"6,603,785",0,"39,116,641"
013100002017,131,01310000,Hingham,2017,"4,332","40,329,888","33,379,675",17.50,"6,950,213","346,428","40,329,888"
013100002018,131,01310000,Hingham,2018,"4,328","41,440,808","34,293,632",17.50,"7,147,176","196,963","41,440,808"
013100002019,131,01310000,Hingham,2019,"4,319","42,815,001","35,322,376",17.50,"7,492,625","345,449","42,815,001"
013100002020,131,01310000,Hingham,2020,"4,253","43,961,797","36,268,483",17.50,"7,695,110","200,689","43,963,593"
013100002021,131,01310000,Hingham,2021,"4,289","45,460,704","37,505,081",17.50,"7,955,623","260,513","45,460,704"
013100002022,131,01310000,Hingham,2022,"3,947","43,233,894","35,667,963",17.50,"8,074,033",0,"43,741,996"
013200002007,132,01320000,Hinsdale,2007,9,"97,647","51,939",47.13,"80,464",0,"132,403"
013200002008,132,01320000,Hinsdale,2008,12,"158,055","85,670",44.80,"107,527",0,"193,197"
013200002009,132,01320000,Hinsdale,2009,12,"166,243","90,274",45.72,"111,270",0,"201,544"
013200002010,132,01320000,Hinsdale,2010,10,"123,066","72,206",41.33,"109,045",0,"181,251"
013200002011,132,01320000,Hinsdale,2011,13,"179,564","109,118",41.96,"104,683",0,"213,801"
013200002012,132,01320000,Hinsdale,2012,17,"231,761","138,940",39.70,"104,683",0,"243,623"
013200002013,132,01320000,Hinsdale,2013,12,"176,734","114,460",33.45,"104,683",0,"219,143"
013200002014,132,01320000,Hinsdale,2014,15,"218,156","163,644",23.05,"104,683",0,"268,327"
013200002015,132,01320000,Hinsdale,2015,18,"259,046","194,505",23.52,"104,683",0,"299,188"
013200002016,132,01320000,Hinsdale,2016,14,"210,132","161,349",21.10,"104,683",0,"266,032"
013200002017,132,01320000,Hinsdale,2017,15,"222,840","184,676",17.50,"104,683",0,"289,359"
013200002018,132,01320000,Hinsdale,2018,15,"226,884","188,237",17.61,"104,683",0,"292,920"
013200002019,132,01320000,Hinsdale,2019,9,"124,534","102,741",17.50,"104,683",0,"207,424"
013200002020,132,01320000,Hinsdale,2020,13,"214,001","176,551",17.50,"104,683",0,"281,234"
013200002021,132,01320000,Hinsdale,2021,8,"117,262","96,741",17.50,"104,683",0,"201,424"
013200002022,132,01320000,Hinsdale,2022,8,"119,622","96,740",17.50,"104,923",0,"201,663"
013300002007,133,01330000,Holbrook,2007,"1,377","11,106,582","6,669,358",43.19,"4,533,288","245,420","11,202,646"
013300002008,133,01330000,Holbrook,2008,"1,386","11,701,251","6,808,999",44.15,"4,892,252","358,964","11,701,251"
013300002009,133,01330000,Holbrook,2009,"1,277","11,345,668","6,751,013",42.21,"4,956,102",0,"11,707,115"
013300002010,133,01330000,Holbrook,2010,"1,202","11,124,135","6,628,581",40.97,"4,856,980",0,"11,485,561"
013300002011,133,01330000,Holbrook,2011,"1,159","10,564,226","6,698,225",39.13,"4,573,236",0,"11,271,461"
013300002012,133,01330000,Holbrook,2012,"1,187","11,116,936","6,800,968",42.33,"4,597,787",0,"11,398,755"
013300002013,133,01330000,Holbrook,2013,"1,156","11,381,037","6,914,226",41.58,"4,644,027",0,"11,558,253"
013300002014,133,01330000,Holbrook,2014,"1,176","11,961,763","7,174,489",43.18,"4,881,728","143,247","12,056,217"
013300002015,133,01330000,Holbrook,2015,"1,208","12,460,674","7,150,740",45.12,"5,309,934","428,206","12,460,674"
013300002016,133,01330000,Holbrook,2016,"1,168","12,443,298","7,047,648",45.43,"5,395,650","85,716","12,443,298"
013300002017,133,01330000,Holbrook,2017,"1,171","12,499,752","6,931,227",45.03,"5,617,684","172,875","12,548,911"
013300002018,133,01330000,Holbrook,2018,"1,165","12,628,237","7,152,474",43.63,"5,652,634",0,"12,805,108"
013300002019,133,01330000,Holbrook,2019,"1,231","13,757,037","7,518,971",45.34,"6,238,066","585,432","13,757,037"
013300002020,133,01330000,Holbrook,2020,"1,288","15,200,055","7,861,744",46.86,"7,338,311","1,100,245","15,200,055"
013300002021,133,01330000,Holbrook,2021,"1,346","16,096,141","8,273,118",47.47,"7,826,400","484,712","16,099,518"
013300002022,133,01330000,Holbrook,2022,"1,315","17,262,299","8,486,011",49.05,"8,776,288","949,888","17,262,299"
013400002007,134,01340000,Holden,2007,0,0,"10,840",37.50,0,0,"10,840"
013400002008,134,01340000,Holden,2008,1,"11,355","8,053",39.11,"4,441","3,302","12,494"
013400002009,134,01340000,Holden,2009,0,0,0,39.28,0,0,0
013400002010,134,01340000,Holden,2010,0,0,0,41.26,0,0,0
013400002011,134,01340000,Holden,2011,0,0,0,41.18,0,0,0
013400002012,134,01340000,Holden,2012,0,0,0,41.39,0,0,0
013400002013,134,01340000,Holden,2013,0,0,0,41.62,0,0,0
013400002014,134,01340000,Holden,2014,0,0,0,41.97,0,0,0
013400002015,134,01340000,Holden,2015,0,0,0,40.80,0,0,0
013400002016,134,01340000,Holden,2016,1,"13,200","7,925",41.45,"5,275","5,275","13,200"
013400002017,134,01340000,Holden,2017,1,"13,171","7,908",40.43,"5,318",0,"13,226"
013400002018,134,01340000,Holden,2018,1,"13,417","7,918",41.25,"5,499",181,"13,417"
013400002019,134,01340000,Holden,2019,1,"13,837","8,242",40.44,"5,619",96,"13,861"
013400002020,134,01340000,Holden,2020,0,0,0,40.74,0,0,0
013400002021,134,01340000,Holden,2021,0,0,0,42.59,0,0,0
013400002022,134,01340000,Holden,2022,1,"14,953","8,857",40.77,"6,363","6,096","15,220"
013500002007,135,01350000,Holland,2007,208,"1,587,801","867,451",56.07,"792,435","56,086","1,659,886"
013500002008,135,01350000,Holland,2008,199,"1,588,437","838,841",51.40,"802,385",0,"1,641,226"
013500002009,135,01350000,Holland,2009,206,"1,766,981","954,681",48.78,"889,479","9,915","1,844,160"
013500002010,135,01350000,Holland,2010,219,"1,972,861","1,032,537",49.77,"871,689",0,"1,904,226"
013500002011,135,01350000,Holland,2011,211,"1,871,122","1,073,712",45.77,"885,390",0,"1,959,102"
013500002012,135,01350000,Holland,2012,205,"1,879,809","1,112,638",43.01,"890,143",0,"2,002,781"
013500002013,135,01350000,Holland,2013,187,"1,763,924","1,024,852",44.02,"897,623",0,"1,922,475"
013500002014,135,01350000,Holland,2014,192,"1,787,430","1,049,519",44.31,"902,423",0,"1,951,942"
013500002015,135,01350000,Holland,2015,185,"1,736,862","1,013,330",43.48,"907,048",0,"1,920,378"
013500002016,135,01350000,Holland,2016,163,"1,599,127","961,437",41.90,"911,123",0,"1,872,560"
013500002017,135,01350000,Holland,2017,145,"1,464,807","854,286",42.28,"919,098",0,"1,773,384"
013500002018,135,01350000,Holland,2018,152,"1,612,152","930,261",42.76,"923,658",0,"1,853,919"
013500002019,135,01350000,Holland,2019,162,"1,748,739","1,013,627",41.66,"928,518",0,"1,942,145"
013500002020,135,01350000,Holland,2020,172,"1,957,811","1,087,826",44.44,"933,678",0,"2,021,504"
013500002021,135,01350000,Holland,2021,156,"1,899,540","1,117,998",41.14,"933,678",0,"2,051,676"
013500002022,135,01350000,Holland,2022,152,"1,813,559","1,163,643",33.88,"938,238",0,"2,101,881"
013600002007,136,01360000,Holliston,2007,"2,782","21,289,179","16,431,845",32.13,"6,258,872",0,"22,690,717"
013600002008,136,01360000,Holliston,2008,"2,748","21,897,651","16,494,287",31.90,"6,476,816",0,"22,971,103"
013600002009,136,01360000,Holliston,2009,"2,754","23,131,553","16,702,590",32.67,"6,879,932",0,"23,582,522"
013600002010,136,01360000,Holliston,2010,"2,709","23,686,855","16,771,102",34.28,"6,742,333",0,"23,513,435"
013600002011,136,01360000,Holliston,2011,"2,655","22,575,963","16,700,563",31.86,"6,511,735",0,"23,212,298"
013600002012,136,01360000,Holliston,2012,"2,639","23,040,981","16,787,957",31.49,"6,546,693",0,"23,334,650"
013600002013,136,01360000,Holliston,2013,"2,610","23,796,222","17,016,065",32.62,"7,025,700","233,464","24,041,765"
013600002014,136,01360000,Holliston,2014,"2,613","24,224,596","17,524,292",30.02,"7,091,025",0,"24,615,317"
013600002015,136,01360000,Holliston,2015,"2,568","24,025,115","17,695,327",28.31,"7,155,225",0,"24,850,552"
013600002016,136,01360000,Holliston,2016,"2,565","24,361,946","17,968,840",28.06,"7,219,350",0,"25,188,190"
013600002017,136,01360000,Holliston,2017,"2,614","24,902,898","17,988,443",28.31,"7,363,120",0,"25,351,563"
013600002018,136,01360000,Holliston,2018,"2,612","25,340,457","18,649,605",26.42,"7,441,480",0,"26,091,085"
013600002019,136,01360000,Holliston,2019,"2,653","26,788,679","19,393,070",26.08,"7,521,070",0,"26,914,140"
013600002020,136,01360000,Holliston,2020,"2,688","27,996,289","20,267,619",27.61,"7,936,216","207,600","28,203,835"
013600002021,136,01360000,Holliston,2021,"2,706","28,673,821","21,202,129",24.15,"7,936,216",0,"29,138,345"
013600002022,136,01360000,Holliston,2022,"2,604","28,327,730","21,443,054",24.30,"8,014,336",0,"29,457,390"
013700002007,137,01370000,Holyoke,2007,"7,294","72,388,532","7,289,305",80.83,"65,099,227","4,083,663","72,388,532"
013700002008,137,01370000,Holyoke,2008,"7,121","73,576,060","7,637,734",80.44,"66,054,475","839,099","73,692,209"
013700002009,137,01370000,Holyoke,2009,"6,975","75,721,641","7,973,794",80.39,"67,779,308","1,693,372","75,753,102"
013700002010,137,01370000,Holyoke,2010,"6,850","76,657,780","8,297,090",79.85,"66,423,722",0,"74,720,812"
013700002011,137,01370000,Holyoke,2011,"6,683","73,138,531","8,592,467",79.35,"64,367,063",0,"72,959,530"
013700002012,137,01370000,Holyoke,2012,"6,756","76,399,997","8,863,130",79.15,"67,536,867","2,824,253","76,399,997"
013700002013,137,01370000,Holyoke,2013,"6,727","78,653,934","9,198,156",79.05,"69,455,778","1,918,911","78,653,934"
013700002014,137,01370000,Holyoke,2014,"6,633","78,916,203","9,463,063",78.80,"69,621,603",0,"79,084,666"
013700002015,137,01370000,Holyoke,2015,"6,552","78,698,903","9,692,069",78.73,"69,785,403",0,"79,477,472"
013700002016,137,01370000,Holyoke,2016,"6,639","80,596,955","10,055,521",78.93,"70,541,434","756,031","80,596,955"
013700002017,137,01370000,Holyoke,2017,"6,479","80,344,376","10,380,314",78.93,"70,897,779",0,"81,278,093"
013700002018,137,01370000,Holyoke,2018,"6,463","81,981,181","10,580,654",79.90,"71,400,527","502,748","81,981,181"
013700002019,137,01370000,Holyoke,2019,"6,330","82,326,984","10,886,435",79.08,"71,590,427","40,022","82,476,862"
013700002020,137,01370000,Holyoke,2020,"6,330","88,111,146","11,074,770",80.23,"77,036,376","5,445,949","88,111,146"
013700002021,137,01370000,Holyoke,2021,"6,357","90,161,029","11,207,668",80.39,"78,953,361","1,916,985","90,161,029"
013700002022,137,01370000,Holyoke,2022,"6,159","94,346,220","11,493,463",80.53,"82,853,878","3,899,396","94,347,341"
013800002007,138,01380000,Hopedale,2007,"1,090","8,292,537","2,670,563",42.43,"5,621,974","564,474","8,292,537"
013800002008,138,01380000,Hopedale,2008,"1,104","8,815,309","2,839,812",42.09,"5,975,497","353,523","8,815,309"
013800002009,138,01380000,Hopedale,2009,"1,099","9,235,167","2,966,673",43.93,"6,268,494","292,997","9,235,167"
013800002010,138,01380000,Hopedale,2010,"1,118","9,728,111","4,701,926",47.01,"6,143,124",0,"10,845,050"
013800002011,138,01380000,Hopedale,2011,"1,088","9,332,695","4,752,702",46.66,"5,784,243",0,"10,536,945"
013800002012,138,01380000,Hopedale,2012,"1,088","9,580,765","4,942,015",46.21,"5,815,295",0,"10,757,310"
013800002013,138,01380000,Hopedale,2013,"1,110","10,187,944","5,093,347",47.44,"5,859,695",0,"10,953,042"
013800002014,138,01380000,Hopedale,2014,"1,105","10,400,760","5,244,027",47.39,"5,887,320",0,"11,131,347"
013800002015,138,01380000,Hopedale,2015,"1,104","10,475,107","5,458,850",47.89,"5,914,920",0,"11,373,770"
013800002016,138,01380000,Hopedale,2016,"1,077","10,396,781","5,558,390",47.33,"5,941,845",0,"11,500,235"
013800002017,138,01380000,Hopedale,2017,"1,041","10,041,924","5,468,971",45.99,"5,999,100",0,"11,468,071"
013800002018,138,01380000,Hopedale,2018,"1,019","9,875,547","5,451,538",44.99,"6,029,670",0,"11,481,208"
013800002019,138,01380000,Hopedale,2019,987,"10,063,593","5,625,392",43.51,"6,059,280",0,"11,684,672"
013800002020,138,01380000,Hopedale,2020,937,"9,935,233","5,786,456",41.10,"6,087,390",0,"11,873,846"
013800002021,138,01380000,Hopedale,2021,924,"9,927,021","5,864,081",40.75,"6,087,390",0,"11,951,471"
013800002022,138,01380000,Hopedale,2022,914,"10,312,156","6,099,344",40.85,"6,114,810",0,"12,214,154"
013900002007,139,01390000,Hopkinton,2007,"3,312","25,867,183","20,502,679",21.81,"5,364,504","523,387","25,867,183"
013900002008,139,01390000,Hopkinton,2008,"3,319","26,814,198","21,690,292",18.39,"5,538,660",0,"27,228,952"
013900002009,139,01390000,Hopkinton,2009,"3,333","28,242,724","22,606,527",17.50,"5,788,652","97,537","28,395,179"
013900002010,139,01390000,Hopkinton,2010,"3,355","29,889,258","24,108,745",19.34,"5,672,879",0,"29,781,624"
013900002011,139,01390000,Hopkinton,2011,"3,378","29,092,218","24,749,829",17.50,"5,442,815",0,"30,192,644"
013900002012,139,01390000,Hopkinton,2012,"3,375","29,701,472","25,246,689",19.61,"5,472,035",0,"30,718,724"
013900002013,139,01390000,Hopkinton,2013,"3,355","31,278,851","26,008,119",20.48,"5,705,503",0,"31,713,622"
013900002014,139,01390000,Hopkinton,2014,"3,348","32,117,617","26,860,574",17.50,"5,789,203",0,"32,649,777"
013900002015,139,01390000,Hopkinton,2015,"3,387","32,526,014","27,549,192",17.50,"5,873,878",0,"33,423,070"
013900002016,139,01390000,Hopkinton,2016,"3,489","33,687,637","28,536,777",17.50,"5,961,103",0,"34,497,880"
013900002017,139,01390000,Hopkinton,2017,"3,486","33,817,637","28,266,492",17.50,"6,152,833",0,"34,419,325"
013900002018,139,01390000,Hopkinton,2018,"3,471","34,051,688","28,376,314",17.50,"6,256,963",0,"34,633,277"
013900002019,139,01390000,Hopkinton,2019,"3,530","37,266,306","30,427,150",17.50,"6,839,156","582,193","37,266,306"
013900002020,139,01390000,Hopkinton,2020,"3,702","39,305,560","32,314,609",17.50,"7,021,215","151,795","39,335,824"
013900002021,139,01390000,Hopkinton,2021,"3,867","41,585,309","34,279,876",17.57,"7,305,433","284,218","41,585,309"
013900002022,139,01390000,Hopkinton,2022,"3,935","43,582,815","35,955,822",17.50,"8,050,421","321,560","44,006,243"
014000002007,140,01400000,Hubbardston,2007,0,0,362,60.27,0,0,362
014000002008,140,01400000,Hubbardston,2008,1,"11,355","3,159",59.95,"8,196","8,196","11,355"
014000002009,140,01400000,Hubbardston,2009,1,"11,943","3,356",60.08,"8,587",391,"11,943"
014000002010,140,01400000,Hubbardston,2010,1,"12,307","4,308",56.60,"8,415",0,"12,723"
014000002011,140,01400000,Hubbardston,2011,0,0,0,55.97,0,0,0
014000002012,140,01400000,Hubbardston,2012,2,"24,500","9,683",53.85,"14,817","14,817","24,500"
014000002013,140,01400000,Hubbardston,2013,0,0,0,51.53,0,0,0
014000002014,140,01400000,Hubbardston,2014,0,0,0,51.09,0,0,0
014000002015,140,01400000,Hubbardston,2015,0,0,0,49.59,0,0,0
014000002016,140,01400000,Hubbardston,2016,0,0,0,47.05,0,0,0
014000002017,140,01400000,Hubbardston,2017,0,0,0,46.13,0,0,0
014000002018,140,01400000,Hubbardston,2018,0,0,0,47.65,0,0,0
014000002019,140,01400000,Hubbardston,2019,0,0,0,44.70,0,0,0
014000002020,140,01400000,Hubbardston,2020,0,0,0,41.13,0,0,0
014000002021,140,01400000,Hubbardston,2021,0,0,0,40.59,0,0,0
014000002022,140,01400000,Hubbardston,2022,0,0,0,36.02,0,0,0
014100002007,141,01410000,Hudson,2007,"2,588","20,737,186","14,946,735",32.77,"5,923,344","419,756","20,870,079"
014100002008,141,01410000,Hudson,2008,"2,680","22,500,615","15,356,761",36.40,"7,143,854","1,220,510","22,500,615"
014100002009,141,01410000,Hudson,2009,"2,707","23,936,353","15,521,036",38.81,"8,415,317","1,271,463","23,936,353"
014100002010,141,01410000,Hudson,2010,"2,770","25,532,072","16,165,733",39.48,"8,247,011",0,"24,412,744"
014100002011,141,01410000,Hudson,2011,"2,779","25,192,998","16,204,219",39.64,"8,819,158",0,"25,023,377"
014100002012,141,01410000,Hudson,2012,"2,744","25,384,241","16,175,387",40.32,"9,208,854","342,351","25,384,241"
014100002013,141,01410000,Hudson,2013,"2,755","26,736,601","16,738,223",41.13,"10,247,975","789,524","26,986,198"
014100002014,141,01410000,Hudson,2014,"2,719","26,971,069","17,041,341",41.66,"10,495,018",0,"27,536,359"
014100002015,141,01410000,Hudson,2015,"2,771","27,792,860","16,943,537",41.51,"10,859,647","354,305","27,803,184"
014100002016,141,01410000,Hudson,2016,"2,759","28,189,613","16,846,912",42.70,"11,342,701","483,054","28,189,613"
014100002017,141,01410000,Hudson,2017,"2,688","27,512,652","16,516,841",40.50,"11,490,541",0,"28,007,382"
014100002018,141,01410000,Hudson,2018,"2,712","28,097,682","16,800,420",40.38,"11,571,901",0,"28,372,321"
014100002019,141,01410000,Hudson,2019,"2,700","29,167,890","17,227,184",40.94,"11,940,706","368,805","29,167,890"
014100002020,141,01410000,Hudson,2020,"2,658","29,439,397","17,734,729",39.12,"12,020,446",0,"29,755,175"
014100002021,141,01410000,Hudson,2021,"2,658","30,603,552","18,666,759",39.00,"12,020,446",0,"30,687,205"
014100002022,141,01410000,Hudson,2022,"2,512","30,183,665","18,931,449",35.94,"12,095,806",0,"31,027,255"
014200002007,142,01420000,Hull,2007,"1,381","11,214,367","9,384,311",17.50,"3,756,143",0,"13,140,454"
014200002008,142,01420000,Hull,2008,"1,347","11,280,495","9,618,212",17.50,"3,823,493",0,"13,441,705"
014200002009,142,01420000,Hull,2009,"1,321","11,671,069","9,831,732",17.50,"3,891,843",0,"13,723,575"
014200002010,142,01420000,Hull,2010,"1,284","11,794,688","9,783,137",17.50,"3,814,006",0,"13,597,143"
014200002011,142,01420000,Hull,2011,"1,228","11,155,892","9,798,290",17.50,"3,591,192",0,"13,389,482"
014200002012,142,01420000,Hull,2012,"1,182","10,984,440","9,799,215",17.50,"3,610,471",0,"13,409,686"
014200002013,142,01420000,Hull,2013,"1,110","10,867,344","9,900,725",17.50,"3,654,871",0,"13,555,596"
014200002014,142,01420000,Hull,2014,"1,079","10,592,146","9,917,428",17.50,"3,681,846",0,"13,599,274"
014200002015,142,01420000,Hull,2015,"1,054","10,591,222","9,492,718",17.50,"3,708,196",0,"13,200,914"
014200002016,142,01420000,Hull,2016,"1,042","10,627,741","9,322,055",17.50,"3,734,246",0,"13,056,301"
014200002017,142,01420000,Hull,2017,"1,002","10,359,201","8,708,283",17.50,"3,789,356",0,"12,497,639"
014200002018,142,01420000,Hull,2018,971,"10,207,765","8,510,548",17.50,"3,818,486",0,"12,329,034"
014200002019,142,01420000,Hull,2019,938,"10,202,468","8,417,036",17.50,"3,846,626",0,"12,263,662"
014200002020,142,01420000,Hull,2020,928,"10,718,332","8,741,934",17.50,"3,874,466",0,"12,616,400"
014200002021,142,01420000,Hull,2021,896,"10,567,860","8,718,484",17.50,"3,874,466",0,"12,592,950"
014200002022,142,01420000,Hull,2022,837,"10,312,533","8,507,840",17.50,"3,899,576",0,"12,407,416"
014300002007,143,01430000,Huntington,2007,18,"216,116","74,385",61.74,"144,631","51,854","219,016"
014300002008,143,01430000,Huntington,2008,20,"248,898","92,185",58.53,"163,818","12,082","256,003"
014300002009,143,01430000,Huntington,2009,27,"345,395","131,667",57.06,"218,880","49,910","350,547"
014300002010,143,01430000,Huntington,2010,29,"380,509","174,361",54.18,"214,502",0,"388,863"
014300002011,143,01430000,Huntington,2011,28,"360,101","174,095",53.26,"205,922",0,"380,017"
014300002012,143,01430000,Huntington,2012,31,"403,262","188,394",50.54,"214,868","8,946","403,262"
014300002013,143,01430000,Huntington,2013,35,"493,137","235,451",48.07,"257,686","42,818","493,137"
014300002014,143,01430000,Huntington,2014,33,"474,993","238,640",46.45,"257,686",0,"496,326"
014300002015,143,01430000,Huntington,2015,32,"466,073","251,663",44.73,"257,686",0,"509,349"
014300002016,143,01430000,Huntington,2016,23,"328,932","187,234",42.33,"257,686",0,"444,920"
014300002017,143,01430000,Huntington,2017,23,"328,208","191,008",42.15,"257,686",0,"448,694"
014300002018,143,01430000,Huntington,2018,25,"361,053","191,170",47.74,"257,686",0,"448,856"
014300002019,143,01430000,Huntington,2019,25,"372,233","195,413",47.50,"257,686",0,"453,099"
014300002020,143,01430000,Huntington,2020,24,"372,091","177,377",52.33,"257,686",0,"435,063"
014300002021,143,01430000,Huntington,2021,27,"423,469","191,404",52.96,"257,686",0,"449,090"
014300002022,143,01430000,Huntington,2022,27,"431,874","198,796",53.97,"258,496",0,"457,292"
014400002007,144,01440000,Ipswich,2007,"1,950","14,992,138","13,156,596",17.50,"2,232,902",0,"15,389,498"
014400002008,144,01440000,Ipswich,2008,"1,956","15,825,234","13,644,898",17.50,"2,393,856",0,"16,038,754"
014400002009,144,01440000,Ipswich,2009,"1,925","16,400,243","14,112,689",17.50,"2,550,997",0,"16,663,686"
014400002010,144,01440000,Ipswich,2010,"1,929","16,957,085","14,253,296",17.50,"2,499,977",0,"16,753,273"
014400002011,144,01440000,Ipswich,2011,"1,956","16,906,352","14,393,705",17.50,"2,545,833",0,"16,939,538"
014400002012,144,01440000,Ipswich,2012,"1,941","17,102,813","14,677,975",17.50,"2,559,500",0,"17,237,475"
014400002013,144,01440000,Ipswich,2013,"1,944","17,797,548","15,205,869",17.50,"2,722,402","32,179","17,928,271"
014400002014,144,01440000,Ipswich,2014,"1,938","18,113,898","15,501,270",17.50,"2,834,285",0,"18,335,555"
014400002015,144,01440000,Ipswich,2015,"1,921","18,277,939","15,616,820",17.50,"3,032,975",0,"18,649,795"
014400002016,144,01440000,Ipswich,2016,"1,865","18,118,177","15,505,476",17.50,"3,079,600",0,"18,585,076"
014400002017,144,01440000,Ipswich,2017,"1,802","17,848,954","14,939,873",17.50,"3,178,710",0,"18,118,583"
014400002018,144,01440000,Ipswich,2018,"1,744","17,585,143","14,661,641",17.50,"3,231,030",0,"17,892,671"
014400002019,144,01440000,Ipswich,2019,"1,706","17,790,225","14,676,936",17.50,"3,282,240",0,"17,959,176"
014400002020,144,01440000,Ipswich,2020,"1,670","18,376,694","15,160,772",17.50,"3,332,340",0,"18,493,112"
014400002021,144,01440000,Ipswich,2021,"1,654","18,495,912","15,259,127",17.50,"3,332,340",0,"18,591,467"
014400002022,144,01440000,Ipswich,2022,"1,585","18,360,233","15,147,192",17.50,"3,379,890",0,"18,527,082"
014500002007,145,01450000,Kingston,2007,"1,138","8,273,057","5,048,628",33.19,"3,382,518",0,"8,431,146"
014500002008,145,01450000,Kingston,2008,"1,126","8,552,329","5,164,589",31.77,"3,471,243","5,222","8,635,832"
014500002009,145,01450000,Kingston,2009,"1,152","9,261,013","5,370,868",35.22,"3,890,145","418,902","9,261,013"
014500002010,145,01450000,Kingston,2010,"1,210","10,163,781","6,164,282",39.35,"3,812,342",0,"9,976,624"
014500002011,145,01450000,Kingston,2011,"1,210","9,993,589","6,118,107",40.64,"3,801,121","35,963","9,919,228"
014500002012,145,01450000,Kingston,2012,"1,221","10,250,130","6,235,286",40.89,"4,014,844","193,317","10,250,130"
014500002013,145,01450000,Kingston,2013,"1,199","10,455,363","6,361,939",40.58,"4,130,765","78,580","10,492,704"
014500002014,145,01450000,Kingston,2014,"1,164","10,405,973","6,503,570",38.83,"4,159,865",0,"10,663,435"
014500002015,145,01450000,Kingston,2015,"1,160","10,520,096","6,787,210",37.06,"4,188,865",0,"10,976,075"
014500002016,145,01450000,Kingston,2016,"1,092","10,093,731","6,547,555",36.44,"4,216,165",0,"10,763,720"
014500002017,145,01450000,Kingston,2017,"1,104","10,429,935","6,471,707",38.74,"4,276,885",0,"10,748,592"
014500002018,145,01450000,Kingston,2018,"1,046","10,083,449","6,275,524",38.11,"4,308,265",0,"10,583,789"
014500002019,145,01450000,Kingston,2019,"1,062","10,631,781","6,659,009",37.18,"4,340,125",0,"10,999,134"
014500002020,145,01450000,Kingston,2020,"1,082","11,332,154","7,314,667",32.52,"4,372,585",0,"11,687,252"
014500002021,145,01450000,Kingston,2021,"1,105","11,789,935","7,692,593",34.20,"4,372,585",0,"12,065,178"
014500002022,145,01450000,Kingston,2022,"1,076","11,891,965","7,846,238",33.09,"4,404,865",0,"12,251,103"
014600002007,146,01460000,Lakeville,2007,723,"5,190,671","2,889,584",38.38,"2,301,087","154,973","5,190,671"
014600002008,146,01460000,Lakeville,2008,708,"5,317,162","3,023,826",37.65,"2,348,711",0,"5,372,537"
014600002009,146,01460000,Lakeville,2009,697,"5,543,482","3,105,681",38.29,"2,437,801","89,090","5,543,482"
014600002010,146,01460000,Lakeville,2010,685,"5,602,858","3,253,249",38.14,"2,389,045",0,"5,642,294"
014600002011,146,01460000,Lakeville,2011,679,"5,533,651","3,277,659",38.84,"2,249,477",0,"5,527,136"
014600002012,146,01460000,Lakeville,2012,10,"122,501","75,884",36.37,"49,190",0,"125,074"
014600002013,146,01460000,Lakeville,2013,13,"189,431","117,945",36.98,"71,486","22,296","189,431"
014600002014,146,01460000,Lakeville,2014,13,"192,367","118,421",36.38,"73,946","2,460","192,367"
014600002015,146,01460000,Lakeville,2015,10,"130,049","82,782",36.90,"73,946",0,"156,728"
014600002016,146,01460000,Lakeville,2016,13,"196,932","131,323",34.51,"73,946",0,"205,269"
014600002017,146,01460000,Lakeville,2017,8,"105,367","69,257",34.67,"73,946",0,"143,203"
014600002018,146,01460000,Lakeville,2018,8,"107,335","71,015",34.33,"73,946",0,"144,961"
014600002019,146,01460000,Lakeville,2019,12,"192,350","123,826",35.62,"73,946",0,"197,772"
014600002020,146,01460000,Lakeville,2020,15,"242,744","156,739",33.01,"86,148","12,059","242,887"
014600002021,146,01460000,Lakeville,2021,12,"203,602","133,221",32.00,"86,148",0,"219,369"
014600002022,146,01460000,Lakeville,2022,9,"134,575","93,268",29.50,"86,418",0,"179,686"
014700002007,147,01470000,Lancaster,2007,0,0,0,37.14,0,0,0
014700002008,147,01470000,Lancaster,2008,0,0,0,37.18,0,0,0
014700002009,147,01470000,Lancaster,2009,0,0,0,33.99,0,0,0
014700002010,147,01470000,Lancaster,2010,0,0,0,37.00,0,0,0
014700002011,147,01470000,Lancaster,2011,0,0,0,36.63,0,0,0
014700002012,147,01470000,Lancaster,2012,0,0,0,35.12,0,0,0
014700002013,147,01470000,Lancaster,2013,0,0,0,32.80,0,0,0
014700002014,147,01470000,Lancaster,2014,1,"12,894","9,530",29.64,"3,364","3,364","12,894"
014700002015,147,01470000,Lancaster,2015,1,"13,005","9,489",30.99,"3,597",152,"13,086"
014700002016,147,01470000,Lancaster,2016,2,"26,400","18,957",30.21,"7,443","3,846","26,400"
014700002017,147,01470000,Lancaster,2017,2,"26,342","17,904",32.72,"8,468",995,"26,372"
014700002018,147,01470000,Lancaster,2018,1,"13,417","9,288",31.23,"8,468",0,"17,756"
014700002019,147,01470000,Lancaster,2019,1,"13,837","9,663",30.16,"8,468",0,"18,131"
014700002020,147,01470000,Lancaster,2020,0,0,0,30.19,0,0,0
014700002021,147,01470000,Lancaster,2021,0,0,0,29.82,0,0,0
014700002022,147,01470000,Lancaster,2022,1,"14,953","10,266",27.21,"4,694","4,687","14,960"
014800002007,148,01480000,Lanesborough,2007,264,"2,000,612","1,636,328",47.45,"598,920",0,"2,235,248"
014800002008,148,01480000,Lanesborough,2008,278,"2,254,707","1,643,144",47.56,"740,946","12,643","2,384,090"
014800002009,148,01480000,Lanesborough,2009,275,"2,340,403","1,550,747",47.32,"861,902","48,710","2,412,649"
014800002010,148,01480000,Lanesborough,2010,250,"2,211,538","1,508,600",42.01,"844,664",0,"2,353,264"
014800002011,148,01480000,Lanesborough,2011,240,"2,101,664","1,386,013",42.40,"795,318",0,"2,181,331"
014800002012,148,01480000,Lanesborough,2012,235,"2,085,249","1,418,502",39.05,"799,588",0,"2,218,090"
014800002013,148,01480000,Lanesborough,2013,244,"2,269,429","1,493,112",41.46,"834,917",0,"2,328,029"
014800002014,148,01480000,Lanesborough,2014,207,"1,859,232","1,282,510",36.00,"742,373",0,"2,024,883"
014800002015,148,01480000,Lanesborough,2015,198,"1,841,662","1,232,284",36.77,"747,323",0,"1,979,607"
014800002016,148,01480000,Lanesborough,2016,200,"1,924,867","1,307,443",35.13,"752,323",0,"2,059,766"
014800002017,148,01480000,Lanesborough,2017,188,"1,846,691","1,231,226",34.11,"762,663",0,"1,993,889"
014800002018,148,01480000,Lanesborough,2018,196,"1,897,447","1,143,811",40.52,"768,543",0,"1,912,354"
014800002019,148,01480000,Lanesborough,2019,0,0,0,38.97,0,0,0
014800002020,148,01480000,Lanesborough,2020,0,0,0,41.84,0,0,0
014800002021,148,01480000,Lanesborough,2021,2,"29,316","18,020",38.35,"11,311","11,296","29,331"
014800002022,148,01480000,Lanesborough,2022,1,"14,953","8,521",43.01,"11,341",0,"19,862"
014900002007,149,01490000,Lawrence,2007,"13,143","127,369,323","4,587,152",84.73,"123,087,075","5,474,880","127,674,227"
014900002008,149,01490000,Lawrence,2008,"13,136","133,779,068","5,310,337",84.57,"128,507,796","5,381,656","133,818,133"
014900002009,149,01490000,Lawrence,2009,"13,269","141,941,372","5,886,137",84.35,"136,055,235","7,547,439","141,941,372"
014900002010,149,01490000,Lawrence,2010,"13,141","146,793,573","5,813,067",84.85,"133,334,130",0,"139,147,197"
014900002011,149,01490000,Lawrence,2011,"13,217","144,327,894","6,144,533",84.98,"135,531,978","2,842,075","141,676,511"
014900002012,149,01490000,Lawrence,2012,"13,667","152,346,057","6,462,722",86.31,"145,883,335","9,623,761","152,346,057"
014900002013,149,01490000,Lawrence,2013,"13,763","158,948,561","6,790,964",86.30,"152,157,597","6,274,262","158,948,561"
014900002014,149,01490000,Lawrence,2014,"14,251","166,158,253","7,071,945",86.50,"159,086,308","6,928,711","166,158,253"
014900002015,149,01490000,Lawrence,2015,"14,714","177,176,381","8,004,505",87.15,"169,171,876","9,765,531","177,176,381"
014900002016,149,01490000,Lawrence,2016,"15,186","186,136,095","8,507,699",87.16,"177,628,396","8,456,520","186,136,095"
014900002017,149,01490000,Lawrence,2017,"15,088","185,788,082","8,809,108",87.01,"178,458,236",0,"187,267,344"
014900002018,149,01490000,Lawrence,2018,"15,312","189,722,672","9,390,191",86.54,"180,602,480","1,874,245","189,992,671"
014900002019,149,01490000,Lawrence,2019,"15,370","196,866,061","10,121,526",86.27,"188,612,759","6,412,054","198,734,285"
014900002020,149,01490000,Lawrence,2020,"15,428","210,870,987","10,875,618",85.92,"199,995,369","11,382,610","210,870,987"
014900002021,149,01490000,Lawrence,2021,"15,367","218,786,376","11,530,073",85.88,"207,256,303","7,260,934","218,786,376"
014900002022,149,01490000,Lawrence,2022,"14,746","234,592,261","12,048,747",85.46,"222,543,514","15,287,211","234,592,261"
015000002007,150,01500000,Lee,2007,769,"6,350,292","5,174,125",29.62,"1,676,639",0,"6,850,764"
015000002008,150,01500000,Lee,2008,772,"6,681,419","5,156,036",35.14,"1,878,003",0,"7,034,039"
015000002009,150,01500000,Lee,2009,779,"7,031,846","5,144,595",34.88,"2,067,656","9,248","7,212,251"
015000002010,150,01500000,Lee,2010,749,"6,993,248","5,210,177",28.94,"2,026,303",0,"7,236,480"
015000002011,150,01500000,Lee,2011,738,"6,834,255","5,256,806",27.82,"1,907,927",0,"7,164,733"
015000002012,150,01500000,Lee,2012,728,"6,866,002","5,431,263",22.77,"1,918,169",0,"7,349,432"
015000002013,150,01500000,Lee,2013,722,"7,058,725","5,598,309",22.67,"1,947,049",0,"7,545,358"
015000002014,150,01500000,Lee,2014,684,"6,795,658","5,748,371",19.42,"1,964,149",0,"7,712,520"
015000002015,150,01500000,Lee,2015,661,"6,714,729","5,764,466",17.66,"1,980,674",0,"7,745,140"
015000002016,150,01500000,Lee,2016,601,"6,274,000","5,563,066",17.50,"1,995,699",0,"7,558,765"
015000002017,150,01500000,Lee,2017,612,"6,504,172","5,425,885",17.50,"2,029,359",0,"7,455,244"
015000002018,150,01500000,Lee,2018,621,"6,757,762","5,587,191",17.50,"2,047,989",0,"7,635,180"
015000002019,150,01500000,Lee,2019,621,"7,003,346","5,777,761",17.50,"2,066,619",0,"7,844,380"
015000002020,150,01500000,Lee,2020,615,"7,374,238","5,858,890",20.55,"2,085,069",0,"7,943,959"
015000002021,150,01500000,Lee,2021,616,"7,515,009","6,036,549",19.67,"2,085,069",0,"8,121,618"
015000002022,150,01500000,Lee,2022,579,"7,363,634","6,074,998",17.50,"2,102,439",0,"8,177,437"
015100002007,151,01510000,Leicester,2007,"1,914","14,951,710","6,005,588",58.04,"9,273,246","361,733","15,278,834"
015100002008,151,01510000,Leicester,2008,"1,890","15,396,419","6,321,482",56.70,"9,525,396",0,"15,846,878"
015100002009,151,01510000,Leicester,2009,"1,863","16,077,271","6,607,213",56.70,"9,911,439",0,"16,518,652"
015100002010,151,01510000,Leicester,2010,"1,823","16,403,919","7,103,381",54.23,"9,713,210",0,"16,816,591"
015100002011,151,01510000,Leicester,2011,"1,823","16,141,548","7,199,987",55.06,"9,145,765",0,"16,345,752"
015100002012,151,01510000,Leicester,2012,"1,825","16,759,774","7,378,547",55.84,"9,381,227","186,363","16,759,774"
015100002013,151,01510000,Leicester,2013,"1,744","16,738,312","7,574,816",54.31,"9,450,987",0,"17,025,803"
015100002014,151,01510000,Leicester,2014,"1,698","16,586,641","7,776,403",53.14,"9,493,437",0,"17,269,840"
015100002015,151,01510000,Leicester,2015,"1,629","16,135,347","7,906,856",51.94,"9,534,162",0,"17,441,018"
015100002016,151,01510000,Leicester,2016,"1,598","16,315,414","8,170,911",50.57,"9,574,112",0,"17,745,023"
015100002017,151,01510000,Leicester,2017,"1,585","15,935,661","7,913,187",50.93,"9,661,287",0,"17,574,474"
015100002018,151,01510000,Leicester,2018,"1,572","16,281,458","7,799,077",52.55,"9,708,447",0,"17,507,524"
015100002019,151,01510000,Leicester,2019,"1,580","17,044,107","8,057,611",52.72,"9,755,847",0,"17,813,458"
015100002020,151,01510000,Leicester,2020,"1,555","17,701,915","8,369,468",52.72,"9,802,497",0,"18,171,965"
015100002021,151,01510000,Leicester,2021,"1,539","18,032,789","8,592,877",52.35,"9,802,497",0,"18,395,374"
015100002022,151,01510000,Leicester,2022,"1,458","17,918,102","8,874,997",50.47,"9,846,237",0,"18,721,234"
015200002007,152,01520000,Lenox,2007,745,"5,557,058","5,755,763",17.50,"1,149,223",0,"6,904,986"
015200002008,152,01520000,Lenox,2008,721,"5,681,111","5,626,258",17.50,"1,185,273",0,"6,811,531"
015200002009,152,01520000,Lenox,2009,682,"5,690,851","5,524,370",17.50,"1,219,373",0,"6,743,743"
015200002010,152,01520000,Lenox,2010,664,"5,746,214","5,564,115",17.50,"1,194,985",0,"6,759,100"
015200002011,152,01520000,Lenox,2011,660,"5,692,630","5,437,790",17.50,"1,125,174",0,"6,562,964"
015200002012,152,01520000,Lenox,2012,629,"5,550,215","5,659,278",17.50,"1,131,215",0,"6,790,493"
015200002013,152,01520000,Lenox,2013,621,"5,797,768","5,640,423",17.50,"1,156,055",0,"6,796,478"
015200002014,152,01520000,Lenox,2014,585,"5,519,097","5,519,097",17.50,"1,170,680",0,"6,689,777"
015200002015,152,01520000,Lenox,2015,577,"5,600,729","5,040,656",17.50,"1,185,105",0,"6,225,761"
015200002016,152,01520000,Lenox,2016,521,"5,259,228","4,733,305",17.50,"1,198,130",0,"5,931,435"
015200002017,152,01520000,Lenox,2017,523,"5,241,795","4,408,169",17.50,"1,226,895",0,"5,635,064"
015200002018,152,01520000,Lenox,2018,521,"5,339,116","4,429,745",17.50,"1,242,525",0,"5,672,270"
015200002019,152,01520000,Lenox,2019,506,"5,362,647","4,424,183",17.50,"1,257,705",0,"5,681,888"
015200002020,152,01520000,Lenox,2020,494,"5,511,982","4,547,385",17.50,"1,272,525",0,"5,819,910"
015200002021,152,01520000,Lenox,2021,507,"5,736,171","4,728,371",17.50,"1,272,525",0,"6,000,896"
015200002022,152,01520000,Lenox,2022,496,"5,879,254","4,784,639",17.50,"1,287,405",0,"6,072,044"
015300002007,153,01530000,Leominster,2007,"6,071","52,403,637","18,470,739",53.04,"33,951,319","1,210,112","52,422,058"
015300002008,153,01530000,Leominster,2008,"6,062","55,214,982","19,608,537",52.23,"35,606,445","1,655,126","55,214,982"
015300002009,153,01530000,Leominster,2009,"6,384","61,199,689","20,722,302",56.52,"40,477,387","4,870,942","61,199,689"
015300002010,153,01530000,Leominster,2010,"6,344","63,052,402","21,186,482",56.94,"39,667,839",0,"60,854,321"
015300002011,153,01530000,Leominster,2011,"6,398","61,830,792","21,870,806",57.39,"39,420,116",0,"61,290,922"
015300002012,153,01530000,Leominster,2012,"6,391","64,079,293","22,623,162",58.45,"41,456,131","1,824,390","64,079,293"
015300002013,153,01530000,Leominster,2013,"6,391","66,413,237","23,577,860",58.40,"42,835,377","1,379,246","66,413,237"
015300002014,153,01530000,Leominster,2014,"6,355","67,647,236","24,414,874",59.45,"43,232,362","396,985","67,647,236"
015300002015,153,01530000,Leominster,2015,"6,335","68,009,799","25,511,102",59.36,"43,390,737",0,"68,901,839"
015300002016,153,01530000,Leominster,2016,"6,274","68,789,894","26,480,524",59.51,"43,547,587",0,"70,028,111"
015300002017,153,01530000,Leominster,2017,"6,222","69,488,787","27,478,840",59.92,"43,889,797",0,"71,368,637"
015300002018,153,01530000,Leominster,2018,"6,123","69,633,698","27,880,085",60.13,"44,073,487",0,"71,953,572"
015300002019,153,01530000,Leominster,2019,"6,113","72,123,478","28,957,291",59.85,"44,256,877",0,"73,214,168"
015300002020,153,01530000,Leominster,2020,"6,157","77,172,703","30,127,166",60.32,"47,045,537","2,788,660","77,172,703"
015300002021,153,01530000,Leominster,2021,"6,177","79,655,609","30,886,014",61.23,"48,769,595","1,724,058","79,655,609"
015300002022,153,01530000,Leominster,2022,"5,990","81,402,160","32,019,531",59.85,"49,388,806","613,034","81,408,337"
015400002007,154,01540000,Leverett,2007,112,"852,584","827,268",32.57,"239,065",0,"1,066,333"
015400002008,154,01540000,Leverett,2008,119,"947,175","853,066",23.85,"261,625",0,"1,114,691"
015400002009,154,01540000,Leverett,2009,125,"1,053,848","849,640",24.55,"287,813",0,"1,137,453"
015400002010,154,01540000,Leverett,2010,120,"1,038,637","875,032",17.50,"282,057",0,"1,157,089"
015400002011,154,01540000,Leverett,2011,123,"1,122,117","937,904",22.47,"265,580",0,"1,203,484"
015400002012,154,01540000,Leverett,2012,123,"1,105,464","928,988",20.70,"267,006",0,"1,195,994"
015400002013,154,01540000,Leverett,2013,119,"1,073,637","916,296",20.74,"271,766",0,"1,188,062"
015400002014,154,01540000,Leverett,2014,118,"1,092,855","934,972",17.50,"274,716",0,"1,209,688"
015400002015,154,01540000,Leverett,2015,100,"934,316","840,884",17.50,"277,216",0,"1,118,100"
015400002016,154,01540000,Leverett,2016,104,"982,132","843,668",17.50,"279,816",0,"1,123,484"
015400002017,154,01540000,Leverett,2017,101,"997,887","837,493",17.50,"285,371",0,"1,122,864"
015400002018,154,01540000,Leverett,2018,123,"1,195,068","990,119",17.50,"289,061",0,"1,279,180"
015400002019,154,01540000,Leverett,2019,103,"1,040,581","858,479",17.50,"292,151",0,"1,150,630"
015400002020,154,01540000,Leverett,2020,112,"1,166,005","885,170",17.50,"295,511",0,"1,180,681"
015400002021,154,01540000,Leverett,2021,116,"1,203,602","992,972",17.50,"295,511",0,"1,288,483"
015400002022,154,01540000,Leverett,2022,105,"1,142,445","942,517",17.50,"298,661",0,"1,241,178"
015500002007,155,01550000,Lexington,2007,"6,107","48,149,485","48,176,671",17.50,"5,848,476",0,"54,025,147"
015500002008,155,01550000,Lexington,2008,"6,109","50,405,171","48,167,038",17.50,"6,740,205",0,"54,907,243"
015500002009,155,01550000,Lexington,2009,"6,118","53,421,979","48,294,113",17.50,"7,601,057",0,"55,895,170"
015500002010,155,01550000,Lexington,2010,"6,096","55,137,317","49,717,650",17.50,"7,449,035",0,"57,166,685"
015500002011,155,01550000,Lexington,2011,"6,056","53,450,234","49,806,697",17.50,"7,013,863",0,"56,820,560"
015500002012,155,01550000,Lexington,2012,"6,228","56,211,263","51,205,216",17.50,"7,051,517",0,"58,256,733"
015500002013,155,01550000,Lexington,2013,"6,314","59,157,960","52,989,430",17.50,"7,876,799",0,"60,866,229"
015500002014,155,01550000,Lexington,2014,"6,598","62,856,513","55,493,228",17.50,"8,657,571",0,"64,150,799"
015500002015,155,01550000,Lexington,2015,"6,695","64,514,813","56,156,903",17.50,"9,584,428",0,"65,741,331"
015500002016,155,01550000,Lexington,2016,"6,849","67,063,773","57,095,237",17.50,"9,968,536","384,108","67,063,773"
015500002017,155,01550000,Lexington,2017,"6,978","69,116,723","57,485,649",17.50,"11,631,074","1,662,538","69,116,723"
015500002018,155,01550000,Lexington,2018,"7,126","74,054,892","60,055,998",17.50,"13,998,894","2,367,820","74,054,892"
015500002019,155,01550000,Lexington,2019,"7,303","76,234,730","62,875,494",17.50,"14,217,984",0,"77,093,478"
015500002020,155,01550000,Lexington,2020,"7,335","80,260,932","66,088,777",17.50,"14,438,034",0,"80,526,811"
015500002021,155,01550000,Lexington,2021,"7,282","81,400,954","67,155,786",17.50,"14,438,034",0,"81,593,820"
015500002022,155,01550000,Lexington,2022,"6,982","80,618,069","66,509,907",17.50,"14,647,494",0,"81,157,401"
015600002007,156,01560000,Leyden,2007,0,0,0,40.33,0,0,0
015600002008,156,01560000,Leyden,2008,0,0,0,41.21,0,0,0
015600002009,156,01560000,Leyden,2009,0,0,0,40.85,0,0,0
015600002010,156,01560000,Leyden,2010,0,0,0,31.52,0,0,0
015600002011,156,01560000,Leyden,2011,0,0,0,30.75,0,0,0
015600002012,156,01560000,Leyden,2012,0,0,0,17.50,0,0,0
015600002013,156,01560000,Leyden,2013,0,0,0,17.50,0,0,0
015600002014,156,01560000,Leyden,2014,0,0,0,17.50,0,0,0
015600002015,156,01560000,Leyden,2015,0,0,0,17.50,0,0,0
015600002016,156,01560000,Leyden,2016,0,0,0,17.50,0,0,0
015600002017,156,01560000,Leyden,2017,0,0,0,17.50,0,0,0
015600002018,156,01560000,Leyden,2018,0,0,0,17.50,0,0,0
015600002019,156,01560000,Leyden,2019,0,0,0,17.50,0,0,0
015600002020,156,01560000,Leyden,2020,0,0,0,17.50,0,0,0
015600002021,156,01560000,Leyden,2021,0,0,0,17.50,0,0,0
015600002022,156,01560000,Leyden,2022,0,0,0,17.50,0,0,0
015700002007,157,01570000,Lincoln,2007,684,"5,151,112","5,403,675",17.50,"575,119",0,"5,978,794"
015700002008,157,01570000,Lincoln,2008,665,"5,228,858","5,190,002",17.50,"677,098",0,"5,867,100"
015700002009,157,01570000,Lincoln,2009,668,"5,555,856","5,184,708",17.50,"774,506",0,"5,959,214"
015700002010,157,01570000,Lincoln,2010,682,"5,820,339","5,207,737",17.50,"759,016",0,"5,966,753"
015700002011,157,01570000,Lincoln,2011,693,"5,740,716","5,163,138",17.50,"714,674",0,"5,877,812"
015700002012,157,01570000,Lincoln,2012,612,"5,352,912","5,178,637",17.50,"718,511",0,"5,897,148"
015700002013,157,01570000,Lincoln,2013,614,"5,424,170","5,128,408",17.50,"743,071",0,"5,871,479"
015700002014,157,01570000,Lincoln,2014,650,"5,868,236","5,381,474",17.50,"759,321",0,"6,140,795"
015700002015,157,01570000,Lincoln,2015,623,"5,682,114","5,004,725",17.50,"841,588",0,"5,846,313"
015700002016,157,01570000,Lincoln,2016,618,"5,601,678","4,808,245",17.50,"857,038",0,"5,665,283"
015700002017,157,01570000,Lincoln,2017,664,"6,043,301","5,030,628",17.50,"1,012,673","155,635","6,043,301"
015700002018,157,01570000,Lincoln,2018,653,"6,203,609","5,157,876",17.50,"1,052,081","13,242","6,209,957"
015700002019,157,01570000,Lincoln,2019,626,"6,185,738","5,103,233",17.50,"1,082,505","30,424","6,185,738"
015700002020,157,01570000,Lincoln,2020,653,"6,701,031","5,528,351",17.50,"1,174,169","90,175","6,702,520"
015700002021,157,01570000,Lincoln,2021,595,"6,274,212","5,176,225",17.50,"1,174,169",0,"6,350,394"
015700002022,157,01570000,Lincoln,2022,578,"6,357,796","5,245,182",17.50,"1,191,509",0,"6,436,691"
015800002007,158,01580000,Littleton,2007,"1,573","12,115,414","10,452,829",26.71,"1,818,491","198,478","12,271,320"
015800002008,158,01580000,Littleton,2008,"1,558","12,477,893","10,490,580",28.12,"2,325,579","168,822","12,816,159"
015800002009,158,01580000,Littleton,2009,"1,600","13,440,913","10,423,513",31.03,"3,017,400","691,821","13,440,913"
015800002010,158,01580000,Littleton,2010,"1,645","14,231,659","10,530,521",35.09,"2,957,052",0,"13,487,573"
015800002011,158,01580000,Littleton,2011,"1,617","13,640,184","10,374,233",32.98,"3,484,917",0,"13,859,150"
015800002012,158,01580000,Littleton,2012,"1,582","13,593,607","10,469,428",28.92,"3,503,626",0,"13,973,054"
015800002013,158,01580000,Littleton,2013,"1,576","14,276,865","10,931,785",29.86,"3,693,488",0,"14,625,273"
015800002014,158,01580000,Littleton,2014,"1,537","14,181,867","11,325,231",24.38,"3,731,913",0,"15,057,144"
015800002015,158,01580000,Littleton,2015,"1,542","14,701,468","11,519,536",24.95,"3,770,463",0,"15,289,999"
015800002016,158,01580000,Littleton,2016,"1,558","15,178,692","11,837,909",24.42,"3,809,413",0,"15,647,322"
015800002017,158,01580000,Littleton,2017,"1,571","14,722,353","11,622,810",21.90,"3,895,818",0,"15,518,628"
015800002018,158,01580000,Littleton,2018,"1,589","15,312,227","12,240,112",18.55,"3,943,488",0,"16,183,600"
015800002019,158,01580000,Littleton,2019,"1,602","15,912,198","12,532,062",21.24,"3,991,548",0,"16,523,610"
015800002020,158,01580000,Littleton,2020,"1,612","16,632,292","13,448,982",17.50,"4,039,908",0,"17,488,890"
015800002021,158,01580000,Littleton,2021,"1,611","16,791,309","13,852,830",17.50,"4,039,908",0,"17,892,738"
015800002022,158,01580000,Littleton,2022,"1,515","16,227,168","13,387,414",17.50,"4,085,358",0,"17,472,772"
015900002007,159,01590000,Longmeadow,2007,"3,152","23,361,828","21,048,279",22.87,"3,906,490",0,"24,954,769"
015900002008,159,01590000,Longmeadow,2008,"3,051","23,686,878","21,094,587",21.18,"4,239,607",0,"25,334,194"
015900002009,159,01590000,Longmeadow,2009,"3,026","24,733,177","21,260,686",18.15,"4,429,510",0,"25,690,196"
015900002010,159,01590000,Longmeadow,2010,"3,022","25,548,586","21,378,942",17.61,"4,340,920",0,"25,719,862"
015900002011,159,01590000,Longmeadow,2011,"2,991","24,685,139","21,321,759",17.50,"4,087,324",0,"25,409,083"
015900002012,159,01590000,Longmeadow,2012,"2,926","24,642,877","21,481,517",18.68,"4,109,266",0,"25,590,783"
015900002013,159,01590000,Longmeadow,2013,"2,893","25,335,233","21,911,262",17.50,"4,224,986",0,"26,136,248"
015900002014,159,01590000,Longmeadow,2014,"2,799","24,962,248","22,263,076",17.50,"4,294,961",0,"26,558,037"
015900002015,159,01590000,Longmeadow,2015,"2,758","24,849,641","21,747,129",17.50,"4,363,911",0,"26,111,040"
015900002016,159,01590000,Longmeadow,2016,"2,811","25,612,986","21,804,274",17.50,"4,434,186",0,"26,238,460"
015900002017,159,01590000,Longmeadow,2017,"2,791","25,829,657","21,477,556",17.50,"4,587,691",0,"26,065,247"
015900002018,159,01590000,Longmeadow,2018,"2,824","26,663,231","22,022,317",17.50,"4,672,411","53,223","26,694,728"
015900002019,159,01590000,Longmeadow,2019,"2,856","27,927,236","22,667,571",17.50,"5,259,665","587,254","27,927,236"
015900002020,159,01590000,Longmeadow,2020,"2,855","29,113,308","23,465,469",17.50,"5,669,282","388,174","29,134,751"
015900002021,159,01590000,Longmeadow,2021,"2,808","29,237,893","24,121,262",17.50,"5,669,282",0,"29,790,544"
015900002022,159,01590000,Longmeadow,2022,"2,705","29,129,978","24,032,232",17.50,"5,750,432",0,"29,782,664"
016000002007,160,01600000,Lowell,2007,"14,704","139,116,838","31,162,657",71.78,"111,660,607",0,"142,823,264"
016000002008,160,01600000,Lowell,2008,"14,664","147,723,630","32,819,557",72.14,"117,869,547","3,243,466","150,689,104"
016000002009,160,01600000,Lowell,2009,"14,350","150,534,733","34,088,424",71.58,"119,881,735",0,"153,970,159"
016000002010,160,01600000,Lowell,2010,"14,277","154,968,735","33,789,587",71.30,"117,484,100",0,"151,273,687"
016000002011,160,01600000,Lowell,2011,"14,263","151,465,732","34,730,786",71.54,"114,495,103","402,964","149,225,889"
016000002012,160,01600000,Lowell,2012,"14,402","157,898,865","36,240,147",72.22,"121,658,718","6,548,955","157,898,865"
016000002013,160,01600000,Lowell,2013,"14,235","163,641,193","37,162,840",72.36,"126,478,353","4,819,635","163,641,193"
016000002014,160,01600000,Lowell,2014,"14,588","168,760,617","38,859,325",71.91,"129,901,292","3,422,939","168,760,617"
016000002015,160,01600000,Lowell,2015,"15,093","176,078,572","40,949,807",73.57,"135,128,765","5,202,207","176,078,572"
016000002016,160,01600000,Lowell,2016,"15,300","177,537,954","43,089,941",73.22,"135,511,265",0,"178,601,206"
016000002017,160,01600000,Lowell,2017,"15,616","183,238,362","44,649,981",73.71,"138,588,381","3,077,116","183,238,362"
016000002018,160,01600000,Lowell,2018,"16,025","189,897,177","45,829,544",74.04,"144,067,633","5,479,252","189,897,177"
016000002019,160,01600000,Lowell,2019,"16,184","198,336,328","47,400,845",73.98,"150,935,483","6,867,850","198,336,328"
016000002020,160,01600000,Lowell,2020,"16,353","212,748,264","49,724,317",73.90,"163,023,947","12,088,464","212,748,264"
016000002021,160,01600000,Lowell,2021,"16,352","218,744,160","51,808,768",73.75,"166,954,483","3,911,445","218,763,251"
016000002022,160,01600000,Lowell,2022,"16,047","232,660,515","54,112,190",74.10,"178,553,488","11,593,842","232,665,678"
016100002007,161,01610000,Ludlow,2007,"3,072","24,089,448","13,513,577",52.68,"10,575,871","960,371","24,089,448"
016100002008,161,01610000,Ludlow,2008,"3,005","25,130,131","13,594,068",52.74,"11,536,063","960,192","25,130,131"
016100002009,161,01610000,Ludlow,2009,"3,025","26,252,079","13,563,370",52.45,"12,688,709","1,152,646","26,252,079"
016100002010,161,01610000,Ludlow,2010,"2,998","27,121,644","13,598,080",51.80,"12,434,935",0,"26,033,015"
016100002011,161,01610000,Ludlow,2011,"2,975","26,588,449","13,600,623",52.26,"12,738,623","5,205","26,339,246"
016100002012,161,01610000,Ludlow,2012,"2,946","26,899,330","13,801,952",50.47,"13,097,378","290,368","26,899,330"
016100002013,161,01610000,Ludlow,2013,"2,855","27,321,399","14,243,896",48.26,"13,211,578",0,"27,455,474"
016100002014,161,01610000,Ludlow,2014,"2,845","27,755,976","14,764,702",46.90,"13,282,703",0,"28,047,405"
016100002015,161,01610000,Ludlow,2015,"2,761","27,236,634","14,951,306",46.51,"13,351,728",0,"28,303,034"
016100002016,161,01610000,Ludlow,2016,"2,680","27,187,439","15,433,886",44.22,"13,418,728",0,"28,852,614"
016100002017,161,01610000,Ludlow,2017,"2,651","27,123,792","15,449,969",43.42,"13,564,533",0,"29,014,502"
016100002018,161,01610000,Ludlow,2018,"2,602","27,107,617","15,438,923",43.50,"13,642,593",0,"29,081,516"
016100002019,161,01610000,Ludlow,2019,"2,570","27,633,671","15,760,434",42.97,"13,719,693",0,"29,480,127"
016100002020,161,01610000,Ludlow,2020,"2,543","29,028,174","16,193,284",44.22,"13,795,983",0,"29,989,267"
016100002021,161,01610000,Ludlow,2021,"2,509","29,294,399","16,443,714",43.87,"13,795,983",0,"30,239,697"
016100002022,161,01610000,Ludlow,2022,"2,381","28,842,661","16,677,575",42.18,"13,867,413",0,"30,544,988"
016200002007,162,01620000,Lunenburg,2007,"1,647","12,276,374","8,871,625",38.00,"3,921,700",0,"12,793,325"
016200002008,162,01620000,Lunenburg,2008,"1,665","13,121,501","8,885,020",39.86,"4,314,259","314,781","13,199,279"
016200002009,162,01620000,Lunenburg,2009,"1,641","13,675,383","9,084,809",38.34,"4,620,790","276,315","13,705,599"
016200002010,162,01620000,Lunenburg,2010,"1,622","13,799,998","9,022,501",38.80,"4,528,374",0,"13,550,875"
016200002011,162,01620000,Lunenburg,2011,"1,605","13,414,483","8,836,567",38.79,"4,498,396",0,"13,334,963"
016200002012,162,01620000,Lunenburg,2012,"1,578","13,457,817","8,981,951",37.71,"4,522,545",0,"13,504,496"
016200002013,162,01620000,Lunenburg,2013,"1,630","14,298,145","9,188,886",38.83,"5,219,937","586,714","14,408,823"
016200002014,162,01620000,Lunenburg,2014,"1,607","14,546,536","9,433,283",39.59,"5,354,696",0,"14,787,979"
016200002015,162,01620000,Lunenburg,2015,"1,627","14,945,463","9,374,156",40.63,"5,605,872","216,611","14,980,028"
016200002016,162,01620000,Lunenburg,2016,"1,647","15,341,250","9,506,767",39.71,"5,834,483","228,611","15,341,250"
016200002017,162,01620000,Lunenburg,2017,"1,632","15,538,425","9,187,168",41.54,"6,351,257","516,774","15,538,425"
016200002018,162,01620000,Lunenburg,2018,"1,705","16,554,528","9,282,023",44.27,"7,272,505","921,248","16,554,528"
016200002019,162,01620000,Lunenburg,2019,"1,716","17,203,378","9,678,671",43.74,"7,538,072","252,202","17,216,743"
016200002020,162,01620000,Lunenburg,2020,"1,705","17,948,505","10,176,765",42.30,"7,771,740","233,668","17,948,505"
016200002021,162,01620000,Lunenburg,2021,"1,705","18,301,715","10,527,777",41.88,"7,773,938","2,198","18,301,715"
016200002022,162,01620000,Lunenburg,2022,"1,656","18,408,485","10,908,378",39.31,"7,823,618",0,"18,731,996"
016300002007,163,01630000,Lynn,2007,"13,762","135,144,696","31,653,289",69.17,"103,751,349","3,316,566","135,404,638"
016300002008,163,01630000,Lynn,2008,"13,995","144,686,832","33,225,614",70.32,"111,461,218","7,709,869","144,686,832"
016300002009,163,01630000,Lynn,2009,"13,966","152,073,058","34,465,340",70.75,"117,607,718","6,146,500","152,073,058"
016300002010,163,01630000,Lynn,2010,"13,795","155,276,011","36,436,147",71.28,"115,255,564",0,"151,691,711"
016300002011,163,01630000,Lynn,2011,"13,902","152,859,295","37,505,365",69.28,"113,140,585","1,267,661","150,645,950"
016300002012,163,01630000,Lynn,2012,"14,106","156,427,178","38,215,898",73.49,"118,211,280","4,463,306","156,427,178"
016300002013,163,01630000,Lynn,2013,"14,382","165,697,522","39,600,037",73.84,"126,107,787","7,886,205","165,707,824"
016300002014,163,01630000,Lynn,2014,"14,898","173,772,186","40,871,553",74.53,"132,900,633","6,792,846","173,772,186"
016300002015,163,01630000,Lynn,2015,"15,431","181,764,115","43,133,574",75.23,"138,630,541","5,258,274","181,764,115"
016300002016,163,01630000,Lynn,2016,"16,036","191,949,857","44,587,175",76.13,"147,362,682","8,732,141","191,949,857"
016300002017,163,01630000,Lynn,2017,"16,463","192,172,423","46,018,423",75.98,"151,448,721",0,"197,467,144"
016300002018,163,01630000,Lynn,2018,"16,852","201,554,687","48,112,261",75.58,"157,028,802","1,993,705","205,141,063"
016300002019,163,01630000,Lynn,2019,"17,197","217,113,703","50,739,190",76.29,"167,691,188","12,932,087","218,430,378"
016300002020,163,01630000,Lynn,2020,"17,598","238,010,020","52,164,961",76.30,"185,845,059","18,153,871","238,010,020"
016300002021,163,01630000,Lynn,2021,"18,087","252,551,048","53,396,054",76.96,"199,154,994","13,309,935","252,551,048"
016300002022,163,01630000,Lynn,2022,"17,156","268,344,427","55,110,068",76.31,"213,234,359","14,079,365","268,344,427"
016400002007,164,01640000,Lynnfield,2007,"2,103","15,771,023","13,495,114",17.50,"2,275,909","515,371","15,771,023"
016400002008,164,01640000,Lynnfield,2008,"2,196","17,356,642","13,944,761",17.50,"3,411,881","1,135,972","17,356,642"
016400002009,164,01640000,Lynnfield,2009,"2,236","18,585,464","14,489,660",17.50,"4,095,804","683,923","18,585,464"
016400002010,164,01640000,Lynnfield,2010,"2,262","19,408,008","16,010,874",17.50,"4,013,888",0,"20,024,762"
016400002011,164,01640000,Lynnfield,2011,"2,271","19,103,918","16,284,477",17.50,"3,779,396",0,"20,063,873"
016400002012,164,01640000,Lynnfield,2012,"2,231","19,086,224","16,630,403",17.50,"3,799,686",0,"20,430,089"
016400002013,164,01640000,Lynnfield,2013,"2,192","19,513,606","17,151,894",17.50,"3,887,366",0,"21,039,260"
016400002014,164,01640000,Lynnfield,2014,"2,176","19,765,823","17,368,045",17.50,"3,941,766",0,"21,309,811"
016400002015,164,01640000,Lynnfield,2015,"2,117","19,490,235","17,091,539",17.50,"4,036,801",0,"21,128,340"
016400002016,164,01640000,Lynnfield,2016,"2,104","19,743,095","17,067,615",17.50,"4,089,401",0,"21,157,016"
016400002017,164,01640000,Lynnfield,2017,"2,126","20,021,616","16,786,039",17.50,"4,206,331",0,"20,992,370"
016400002018,164,01640000,Lynnfield,2018,"2,191","21,073,446","17,422,551",17.50,"4,272,061",0,"21,694,612"
016400002019,164,01640000,Lynnfield,2019,"2,220","22,155,797","18,211,808",17.50,"4,338,661",0,"22,550,469"
016400002020,164,01640000,Lynnfield,2020,"2,199","23,010,167","18,762,401",17.50,"4,404,631",0,"23,167,032"
016400002021,164,01640000,Lynnfield,2021,"2,205","23,513,323","19,317,442",17.50,"4,404,631",0,"23,722,073"
016400002022,164,01640000,Lynnfield,2022,"2,175","23,928,672","19,741,154",17.50,"4,469,881",0,"24,211,035"
016500002007,165,01650000,Malden,2007,"6,654","58,405,248","23,530,624",44.76,"34,874,624","2,411,758","58,405,248"
016500002008,165,01650000,Malden,2008,"6,709","62,297,085","24,505,538",48.04,"37,791,547","2,916,923","62,297,085"
016500002009,165,01650000,Malden,2009,"6,798","66,974,104","25,736,533",49.62,"41,237,571","3,446,024","66,974,104"
016500002010,165,01650000,Malden,2010,"6,883","70,256,110","28,341,018",51.75,"40,412,820",0,"68,753,838"
016500002011,165,01650000,Malden,2011,"6,867","69,445,050","29,256,886",52.00,"39,466,415",0,"68,723,301"
016500002012,165,01650000,Malden,2012,"7,145","74,002,031","29,910,919",54.07,"44,091,112","4,412,824","74,002,031"
016500002013,165,01650000,Malden,2013,"7,207","78,173,570","31,406,125",54.39,"46,767,445","2,676,333","78,173,570"
016500002014,165,01650000,Malden,2014,"7,253","79,552,183","32,589,651",54.51,"46,962,532","195,087","79,552,183"
016500002015,165,01650000,Malden,2015,"7,309","80,737,954","34,410,984",54.54,"47,246,321",0,"81,657,305"
016500002016,165,01650000,Malden,2016,"7,395","84,059,176","35,620,417",54.41,"48,438,759","1,192,438","84,059,176"
016500002017,165,01650000,Malden,2017,"7,412","84,148,786","37,450,081",54.04,"48,846,419",0,"86,296,500"
016500002018,165,01650000,Malden,2018,"7,529","87,320,752","38,872,647",51.77,"49,072,289",0,"87,944,936"
016500002019,165,01650000,Malden,2019,"7,516","90,460,805","41,267,281",51.59,"49,297,769","121,235","90,565,050"
016500002020,165,01650000,Malden,2020,"7,451","95,060,967","43,854,744",48.34,"51,206,223","1,908,454","95,060,967"
016500002021,165,01650000,Malden,2021,"7,268","94,879,630","45,560,692",46.21,"51,206,223",0,"96,766,915"
016500002022,165,01650000,Malden,2022,"6,921","97,816,216","47,782,256",43.44,"51,413,853",0,"99,196,109"
016600002007,166,01660000,Manchester,2007,0,0,0,17.50,0,0,0
016600002008,166,01660000,Manchester,2008,0,0,0,17.50,0,0,0
016600002009,166,01660000,Manchester,2009,0,0,0,17.50,0,0,0
016600002010,166,01660000,Manchester,2010,0,0,0,17.50,0,0,0
016600002011,166,01660000,Manchester,2011,0,0,0,17.50,0,0,0
016600002012,166,01660000,Manchester,2012,0,0,0,17.50,0,0,0
016600002013,166,01660000,Manchester,2013,0,0,0,17.50,0,0,0
016600002014,166,01660000,Manchester,2014,0,0,0,17.50,0,0,0
016600002015,166,01660000,Manchester,2015,0,0,0,17.50,0,0,0
016600002016,166,01660000,Manchester,2016,0,0,0,17.50,0,0,0
016600002017,166,01660000,Manchester,2017,0,0,0,17.50,0,0,0
016600002018,166,01660000,Manchester,2018,0,0,0,17.50,0,0,0
016600002019,166,01660000,Manchester,2019,0,0,0,17.50,0,0,0
016600002020,166,01660000,Manchester,2020,0,0,0,17.50,0,0,0
016600002021,166,01660000,Manchester,2021,0,0,0,17.50,0,0,0
016600002022,166,01660000,Manchester,2022,0,0,0,17.50,0,0,0
016700002007,167,01670000,Mansfield,2007,"4,809","37,066,064","23,186,796",44.58,"13,879,268","2,446,432","37,066,064"
016700002008,167,01670000,Mansfield,2008,"4,838","38,933,172","23,627,132",44.92,"15,306,040","1,426,772","38,933,172"
016700002009,167,01670000,Mansfield,2009,"4,841","41,292,179","24,028,768",45.26,"17,263,411","1,957,371","41,292,179"
016700002010,167,01670000,Mansfield,2010,"4,862","43,173,221","24,399,237",46.40,"16,918,143",0,"41,317,380"
016700002011,167,01670000,Mansfield,2011,"4,874","42,531,300","24,405,336",46.64,"17,778,173","102,939","42,183,509"
016700002012,167,01670000,Mansfield,2012,"4,800","42,752,257","25,008,185",43.70,"17,873,614",0,"42,881,799"
016700002013,167,01670000,Mansfield,2013,"4,665","43,053,921","25,772,728",41.98,"18,060,214",0,"43,832,942"
016700002014,167,01670000,Mansfield,2014,"4,593","43,496,374","26,613,090",42.43,"18,175,039",0,"44,788,129"
016700002015,167,01670000,Mansfield,2015,"4,357","41,985,292","26,566,576",39.12,"18,283,964",0,"44,850,540"
016700002016,167,01670000,Mansfield,2016,"4,171","40,931,632","26,810,067",36.50,"18,388,239",0,"45,198,306"
016700002017,167,01670000,Mansfield,2017,"4,034","40,048,769","26,489,859",34.59,"18,610,109",0,"45,099,968"
016700002018,167,01670000,Mansfield,2018,"3,932","40,453,621","27,314,680",32.69,"18,728,069",0,"46,042,749"
016700002019,167,01670000,Mansfield,2019,"3,942","41,538,658","27,745,189",33.21,"18,846,329",0,"46,591,518"
016700002020,167,01670000,Mansfield,2020,"3,867","42,363,213","28,659,688",32.35,"18,962,339",0,"47,622,027"
016700002021,167,01670000,Mansfield,2021,"3,730","41,671,721","29,709,526",28.71,"18,962,339",0,"48,671,865"
016700002022,167,01670000,Mansfield,2022,"3,599","41,585,192","29,922,569",28.05,"19,070,309",0,"48,992,878"
016800002007,168,01680000,Marblehead,2007,"3,186","23,820,223","19,829,287",17.50,"3,990,936","364,192","23,820,223"
016800002008,168,01680000,Marblehead,2008,"3,190","24,883,006","20,408,599",17.50,"4,474,407","483,471","24,883,006"
016800002009,168,01680000,Marblehead,2009,"3,168","26,084,987","21,181,516",17.50,"4,903,471","429,064","26,084,987"
016800002010,168,01680000,Marblehead,2010,"3,216","27,241,690","22,473,658",17.50,"4,805,402",0,"27,279,060"
016800002011,168,01680000,Marblehead,2011,"3,225","26,691,564","22,521,401",17.50,"4,524,671",0,"27,046,072"
016800002012,168,01680000,Marblehead,2012,"3,238","27,367,247","23,246,510",17.50,"4,548,961",0,"27,795,471"
016800002013,168,01680000,Marblehead,2013,"3,217","28,162,380","24,103,028",17.50,"4,677,641",0,"28,780,669"
016800002014,168,01680000,Marblehead,2014,"3,298","29,501,926","24,213,134",17.50,"5,288,792","611,151","29,501,926"
016800002015,168,01680000,Marblehead,2015,"3,366","30,687,141","25,404,870",17.50,"5,381,364",0,"30,786,234"
016800002016,168,01680000,Marblehead,2016,"3,308","30,592,759","25,878,831",17.50,"5,464,064",0,"31,342,895"
016800002017,168,01680000,Marblehead,2017,"3,283","30,713,624","25,564,980",17.50,"5,644,629",0,"31,209,609"
016800002018,168,01680000,Marblehead,2018,"3,233","30,825,074","25,552,661",17.50,"5,741,619",0,"31,294,280"
016800002019,168,01680000,Marblehead,2019,"3,188","31,517,683","26,002,088",17.50,"5,837,259",0,"31,839,347"
016800002020,168,01680000,Marblehead,2020,"3,144","32,505,639","26,599,814",17.50,"5,952,147","68,566","32,551,961"
016800002021,168,01680000,Marblehead,2021,"3,023","31,915,735","26,330,482",17.50,"5,952,147",0,"32,282,629"
016800002022,168,01680000,Marblehead,2022,"2,772","30,235,711","24,944,462",17.50,"6,035,307",0,"30,979,769"
016900002007,169,01690000,Marion,2007,421,"2,997,167","2,911,376",17.50,"375,835",0,"3,287,211"
016900002008,169,01690000,Marion,2008,404,"3,025,165","2,851,568",17.50,"421,906",0,"3,273,474"
016900002009,169,01690000,Marion,2009,400,"3,162,483","2,895,625",17.50,"465,310",0,"3,360,935"
016900002010,169,01690000,Marion,2010,401,"3,266,374","3,033,215",17.50,"456,004",0,"3,489,219"
016900002011,169,01690000,Marion,2011,394,"3,153,015","2,931,584",17.50,"429,364",0,"3,360,948"
016900002012,169,01690000,Marion,2012,418,"3,339,020","3,088,812",17.50,"431,669",0,"3,520,481"
016900002013,169,01690000,Marion,2013,437,"3,695,948","3,317,639",17.50,"449,149",0,"3,766,788"
016900002014,169,01690000,Marion,2014,430,"3,724,026","3,296,965",17.50,"459,899",0,"3,756,864"
016900002015,169,01690000,Marion,2015,448,"3,955,021","3,359,179",17.50,"595,842","135,943","3,955,021"
016900002016,169,01690000,Marion,2016,439,"4,014,303","3,344,045",17.50,"670,258","74,416","4,014,303"
016900002017,169,01690000,Marion,2017,445,"4,098,862","3,406,086",17.50,"694,733","22,518","4,100,819"
016900002018,169,01690000,Marion,2018,455,"4,343,664","3,510,380",17.50,"833,284","138,551","4,343,664"
016900002019,169,01690000,Marion,2019,452,"4,470,718","3,641,644",17.50,"846,844",0,"4,488,488"
016900002020,169,01690000,Marion,2020,450,"4,612,924","3,799,640",17.50,"860,344",0,"4,659,984"
016900002021,169,01690000,Marion,2021,432,"4,522,672","3,731,204",17.50,"860,344",0,"4,591,548"
016900002022,169,01690000,Marion,2022,403,"4,374,312","3,608,808",17.50,"872,434",0,"4,481,242"
017000002007,170,01700000,Marlborough,2007,"4,623","39,489,889","33,387,418",28.95,"7,207,775",0,"40,595,193"
017000002008,170,01700000,Marlborough,2008,"4,651","41,647,924","33,111,874",32.85,"9,149,845","1,328,275","42,261,719"
017000002009,170,01700000,Marlborough,2009,"4,672","44,383,211","32,757,172",34.83,"11,626,039","2,476,194","44,383,211"
017000002010,170,01700000,Marlborough,2010,"4,653","46,013,474","32,958,768",36.29,"11,393,518",0,"44,352,286"
017000002011,170,01700000,Marlborough,2011,"4,789","46,421,470","33,104,620",37.28,"13,061,334","784,332","46,165,954"
017000002012,170,01700000,Marlborough,2012,"4,752","47,531,357","33,125,854",37.14,"14,405,503","1,274,050","47,531,357"
017000002013,170,01700000,Marlborough,2013,"4,770","50,561,006","33,652,670",38.48,"17,545,221","2,502,833","51,197,891"
017000002014,170,01700000,Marlborough,2014,"4,789","51,938,566","33,591,541",37.88,"18,678,851","801,804","52,270,392"
017000002015,170,01700000,Marlborough,2015,"4,798","52,135,804","32,592,161",39.06,"19,543,643","864,792","52,135,804"
017000002016,170,01700000,Marlborough,2016,"4,976","55,409,405","32,493,304",41.89,"22,916,101","3,372,458","55,409,405"
017000002017,170,01700000,Marlborough,2017,"5,023","54,854,524","31,931,943",41.97,"24,140,701","6,480","56,072,644"
017000002018,170,01700000,Marlborough,2018,"5,081","56,761,910","32,073,087",41.32,"24,972,052","548,122","57,045,139"
017000002019,170,01700000,Marlborough,2019,"5,163","60,815,717","33,579,775",42.11,"27,459,350","2,547,119","61,039,125"
017000002020,170,01700000,Marlborough,2020,"5,213","64,168,256","35,637,847",41.98,"28,530,409","1,071,059","64,168,256"
017000002021,170,01700000,Marlborough,2021,"5,336","67,959,736","36,937,156",43.92,"31,032,674","2,492,171","67,969,830"
017000002022,170,01700000,Marlborough,2022,"5,207","68,784,011","38,142,644",42.28,"31,188,884",0,"69,331,528"
017100002007,171,01710000,Marshfield,2007,"4,561","34,872,556","21,245,140",28.11,"13,627,416","1,570,158","34,872,556"
017100002008,171,01710000,Marshfield,2008,"4,550","36,714,949","22,881,016",27.26,"14,129,652","206,517","37,010,668"
017100002009,171,01710000,Marshfield,2009,"4,564","38,563,639","24,240,148",26.76,"14,624,362","193,839","38,864,510"
017100002010,171,01710000,Marshfield,2010,"4,577","40,253,568","26,140,832",27.37,"14,331,875",0,"40,472,707"
017100002011,171,01710000,Marshfield,2011,"4,565","39,637,274","27,040,077",28.32,"13,494,608",0,"40,534,685"
017100002012,171,01710000,Marshfield,2012,"4,498","39,583,757","27,951,328",27.95,"13,567,053",0,"41,518,381"
017100002013,171,01710000,Marshfield,2013,"4,506","41,137,359","28,739,555",28.53,"13,747,293",0,"42,486,848"
017100002014,171,01710000,Marshfield,2014,"4,344","40,558,279","29,710,952",23.79,"13,855,893",0,"43,566,845"
017100002015,171,01710000,Marshfield,2015,"4,299","40,490,934","31,137,078",21.23,"13,963,368",0,"45,100,446"
017100002016,171,01710000,Marshfield,2016,"4,193","40,254,049","32,113,539",20.60,"14,068,193",0,"46,181,732"
017100002017,171,01710000,Marshfield,2017,"4,166","40,243,211","32,421,451",19.84,"14,297,323",0,"46,718,774"
017100002018,171,01710000,Marshfield,2018,"4,128","41,036,767","33,760,457",17.55,"14,421,163",0,"48,181,620"
017100002019,171,01710000,Marshfield,2019,"4,077","41,808,530","34,492,037",17.50,"14,543,473",0,"49,035,510"
017100002020,171,01710000,Marshfield,2020,"4,046","43,523,658","35,619,824",18.16,"14,664,853",0,"50,284,677"
017100002021,171,01710000,Marshfield,2021,"3,941","43,514,602","35,899,546",17.50,"14,664,853",0,"50,564,399"
017100002022,171,01710000,Marshfield,2022,"3,791","43,275,872","35,702,595",17.50,"14,778,583",0,"50,481,178"
017200002007,172,01720000,Mashpee,2007,"2,007","15,474,024","12,882,004",17.50,"4,145,104",0,"17,027,108"
017200002008,172,01720000,Mashpee,2008,"2,117","17,073,802","13,860,224",17.50,"4,425,065",0,"18,285,289"
017200002009,172,01720000,Mashpee,2009,"2,056","17,636,286","14,142,204",17.50,"4,527,865",0,"18,670,069"
017200002010,172,01720000,Mashpee,2010,"1,857","16,283,467","14,193,190",17.50,"4,437,308",0,"18,630,498"
017200002011,172,01720000,Mashpee,2011,"1,883","16,336,475","14,184,603",17.50,"4,178,081",0,"18,362,684"
017200002012,172,01720000,Mashpee,2012,"1,817","16,170,543","14,364,504",17.50,"4,200,511",0,"18,565,015"
017200002013,172,01720000,Mashpee,2013,"1,780","16,786,403","14,863,230",17.50,"4,271,711",0,"19,134,941"
017200002014,172,01720000,Mashpee,2014,"1,792","17,312,286","15,116,709",17.50,"4,316,511",0,"19,433,220"
017200002015,172,01720000,Mashpee,2015,"1,734","16,847,492","14,820,989",17.50,"4,359,861",0,"19,180,850"
017200002016,172,01720000,Mashpee,2016,"1,688","16,578,175","14,402,235",17.50,"4,402,061",0,"18,804,296"
017200002017,172,01720000,Mashpee,2017,"1,663","16,891,754","14,087,772",17.50,"4,493,526",0,"18,581,298"
017200002018,172,01720000,Mashpee,2018,"1,590","16,431,105","13,722,805",17.50,"4,541,226",0,"18,264,031"
017200002019,172,01720000,Mashpee,2019,"1,651","17,705,538","14,379,434",17.50,"4,590,756",0,"18,970,190"
017200002020,172,01720000,Mashpee,2020,"1,647","18,627,382","15,124,670",17.50,"4,640,166",0,"19,764,836"
017200002021,172,01720000,Mashpee,2021,"1,585","18,424,933","15,200,570",17.50,"4,640,166",0,"19,840,736"
017200002022,172,01720000,Mashpee,2022,"1,510","18,231,112","15,040,667",17.50,"4,685,466",0,"19,726,133"
017300002007,173,01730000,Mattapoisett,2007,476,"3,387,985","3,308,386",17.50,"497,698",0,"3,806,084"
017300002008,173,01730000,Mattapoisett,2008,464,"3,488,043","3,193,722",17.50,"531,511",0,"3,725,233"
017300002009,173,01730000,Mattapoisett,2009,461,"3,669,468","3,252,117",17.50,"568,024",0,"3,820,141"
017300002010,173,01730000,Mattapoisett,2010,479,"3,955,928","3,490,891",17.50,"556,663",0,"4,047,554"
017300002011,173,01730000,Mattapoisett,2011,474,"3,799,147","3,492,437",17.50,"524,142",0,"4,016,579"
017300002012,173,01730000,Mattapoisett,2012,483,"3,951,257","3,548,014",17.50,"526,956",0,"4,074,970"
017300002013,173,01730000,Mattapoisett,2013,482,"4,131,578","3,667,812",17.50,"546,236",0,"4,214,048"
017300002014,173,01730000,Mattapoisett,2014,469,"4,068,141","3,673,844",17.50,"587,658",0,"4,261,502"
017300002015,173,01730000,Mattapoisett,2015,511,"4,564,402","3,935,161",17.50,"661,547","41,583","4,596,708"
017300002016,173,01730000,Mattapoisett,2016,510,"4,686,149","3,913,634",17.50,"772,515","110,968","4,686,149"
017300002017,173,01730000,Mattapoisett,2017,490,"4,517,989","3,760,023",17.50,"799,465",0,"4,559,488"
017300002018,173,01730000,Mattapoisett,2018,451,"4,222,690","3,517,981",17.50,"812,995",0,"4,330,976"
017300002019,173,01730000,Mattapoisett,2019,447,"4,347,489","3,586,679",17.50,"826,405",0,"4,413,084"
017300002020,173,01730000,Mattapoisett,2020,436,"4,426,547","3,651,901",17.50,"839,485",0,"4,491,386"
017300002021,173,01730000,Mattapoisett,2021,437,"4,546,819","3,751,126",17.50,"839,485",0,"4,590,611"
017300002022,173,01730000,Mattapoisett,2022,396,"4,252,682","3,508,463",17.50,"851,365",0,"4,359,828"
017400002007,174,01740000,Maynard,2007,"1,315","10,644,015","8,569,489",28.55,"2,382,686",0,"10,952,175"
017400002008,174,01740000,Maynard,2008,"1,341","11,391,225","8,539,540",32.94,"2,851,685","468,999","11,391,225"
017400002009,174,01740000,Maynard,2009,"1,337","11,937,004","8,673,841",32.51,"3,263,163","411,478","11,937,004"
017400002010,174,01740000,Maynard,2010,"1,335","12,185,553","8,524,586",32.80,"3,197,900",0,"11,722,486"
017400002011,174,01740000,Maynard,2011,"1,352","12,064,503","8,480,324",33.82,"3,515,408","69,651","11,995,732"
017400002012,174,01740000,Maynard,2012,"1,319","12,168,261","8,664,177",32.17,"3,534,280",0,"12,198,457"
017400002013,174,01740000,Maynard,2013,"1,329","12,727,909","8,836,949",33.71,"3,990,865","356,680","12,827,814"
017400002014,174,01740000,Maynard,2014,"1,326","12,848,218","9,277,415",30.56,"4,024,015",0,"13,301,430"
017400002015,174,01740000,Maynard,2015,"1,393","13,617,361","9,450,152",32.83,"4,180,313","143,194","13,630,465"
017400002016,174,01740000,Maynard,2016,"1,384","13,850,824","9,411,919",34.75,"4,438,905","258,592","13,850,824"
017400002017,174,01740000,Maynard,2017,"1,405","14,059,519","9,349,998",34.08,"4,733,058","270,616","14,083,056"
017400002018,174,01740000,Maynard,2018,"1,429","14,745,073","9,744,969",33.66,"5,000,104","267,046","14,745,073"
017400002019,174,01740000,Maynard,2019,"1,412","15,215,995","9,813,974",35.50,"5,402,021","401,917","15,215,995"
017400002020,174,01740000,Maynard,2020,"1,364","15,291,604","10,005,157",34.57,"5,442,941",0,"15,448,098"
017400002021,174,01740000,Maynard,2021,"1,305","14,950,229","10,176,959",31.93,"5,442,941",0,"15,619,900"
017400002022,174,01740000,Maynard,2022,"1,256","14,868,952","10,603,032",26.51,"5,480,621",0,"16,083,653"
017500002007,175,01750000,Medfield,2007,"2,954","22,222,545","17,108,794",24.31,"5,113,751","397,048","22,222,545"
017500002008,175,01750000,Medfield,2008,"2,967","23,437,455","17,719,122",23.16,"5,718,333","604,582","23,437,455"
017500002009,175,01750000,Medfield,2009,"2,940","24,405,492","18,347,283",22.55,"6,058,209","339,876","24,405,492"
017500002010,175,01750000,Medfield,2010,"2,919","24,887,882","19,908,771",20.01,"5,937,045",0,"25,845,816"
017500002011,175,01750000,Medfield,2011,"2,916","24,403,977","20,304,518",18.66,"5,590,203",0,"25,894,721"
017500002012,175,01750000,Medfield,2012,"2,860","24,263,808","20,679,989",19.22,"5,620,214",0,"26,300,203"
017500002013,175,01750000,Medfield,2013,"2,758","24,324,023","21,208,313",17.50,"5,730,534",0,"26,938,847"
017500002014,175,01750000,Medfield,2014,"2,697","24,155,267","21,603,285",17.50,"5,797,959",0,"27,401,244"
017500002015,175,01750000,Medfield,2015,"2,578","23,366,472","20,811,592",17.50,"5,862,409",0,"26,674,001"
017500002016,175,01750000,Medfield,2016,"2,538","23,395,043","20,516,702",17.50,"5,925,859",0,"26,442,561"
017500002017,175,01750000,Medfield,2017,"2,495","23,253,777","19,507,465",17.50,"6,063,084",0,"25,570,549"
017500002018,175,01750000,Medfield,2018,"2,490","23,865,982","19,763,909",17.50,"6,137,784",0,"25,901,693"
017500002019,175,01750000,Medfield,2019,"2,512","24,827,316","20,482,536",17.50,"6,213,144",0,"26,695,680"
017500002020,175,01750000,Medfield,2020,"2,520","26,032,949","21,176,396",17.50,"6,288,744",0,"27,465,140"
017500002021,175,01750000,Medfield,2021,"2,513","26,552,099","21,905,481",17.50,"6,288,744",0,"28,194,225"
017500002022,175,01750000,Medfield,2022,"2,433","26,424,181","21,799,950",17.50,"6,361,734",0,"28,161,684"
017600002007,176,01760000,Medford,2007,"5,031","43,002,390","34,340,915",17.50,"10,733,287",0,"45,074,202"
017600002008,176,01760000,Medford,2008,"5,202","46,366,010","35,851,875",17.50,"11,321,921",0,"47,173,796"
017600002009,176,01760000,Medford,2009,"5,161","48,419,758","37,389,566",17.50,"11,681,327",0,"49,070,893"
017600002010,176,01760000,Medford,2010,"5,172","50,459,876","41,624,962",17.50,"11,447,701",0,"53,072,663"
017600002011,176,01760000,Medford,2011,"5,213","49,632,982","42,205,952",17.50,"10,778,927",0,"52,984,879"
017600002012,176,01760000,Medford,2012,"5,243","51,296,238","42,820,019",17.50,"10,836,793",0,"53,656,812"
017600002013,176,01760000,Medford,2013,"5,256","53,745,485","44,080,589",17.50,"11,047,553",0,"55,128,142"
017600002014,176,01760000,Medford,2014,"5,042","52,242,343","45,112,884",17.50,"11,173,603",0,"56,286,487"
017600002015,176,01760000,Medford,2015,"4,990","52,268,719","45,014,043",17.50,"11,332,041",0,"56,346,084"
017600002016,176,01760000,Medford,2016,"4,896","52,826,960","45,090,390",17.50,"11,454,441",0,"56,544,831"
017600002017,176,01760000,Medford,2017,"4,817","53,575,422","44,545,699",17.50,"11,719,376",0,"56,265,075"
017600002018,176,01760000,Medford,2018,"4,847","54,710,624","45,337,673",17.50,"11,864,786",0,"57,202,459"
017600002019,176,01760000,Medford,2019,"4,665","55,510,529","45,796,187",17.50,"12,004,766",0,"57,800,953"
017600002020,176,01760000,Medford,2020,"4,618","58,384,770","48,076,837",17.50,"12,143,306",0,"60,220,143"
017600002021,176,01760000,Medford,2021,"4,622","59,524,341","49,107,581",17.50,"12,143,306",0,"61,250,887"
017600002022,176,01760000,Medford,2022,"4,414","59,164,566","48,810,767",17.50,"12,275,726",0,"61,086,493"
017700002007,177,01770000,Medway,2007,"2,770","20,747,660","13,372,805",45.37,"7,374,855","1,081,992","20,747,660"
017700002008,177,01770000,Medway,2008,"2,759","21,605,016","13,383,579",44.76,"8,221,437","846,582","21,605,016"
017700002009,177,01770000,Medway,2009,"2,699","22,347,779","13,117,342",45.51,"9,230,437","1,009,000","22,347,779"
017700002010,177,01770000,Medway,2010,"2,709","23,324,796","12,868,279",48.84,"9,045,828",0,"21,914,107"
017700002011,177,01770000,Medway,2011,"2,652","22,310,016","12,851,891",46.32,"9,845,648",0,"22,697,539"
017700002012,177,01770000,Medway,2012,"2,577","22,260,938","13,120,301",45.11,"9,898,504",0,"23,018,805"
017700002013,177,01770000,Medway,2013,"2,486","22,211,261","13,680,191",39.13,"9,997,944",0,"23,678,135"
017700002014,177,01770000,Medway,2014,"2,421","22,149,988","14,085,853",37.43,"10,058,469",0,"24,144,322"
017700002015,177,01770000,Medway,2015,"2,351","21,554,025","14,114,067",36.56,"10,117,244",0,"24,231,311"
017700002016,177,01770000,Medway,2016,"2,331","21,958,660","14,480,057",35.40,"10,175,519",0,"24,655,576"
017700002017,177,01770000,Medway,2017,"2,290","21,801,549","14,412,519",34.32,"10,301,469",0,"24,713,988"
017700002018,177,01770000,Medway,2018,"2,248","22,011,642","14,975,709",32.17,"10,368,909",0,"25,344,618"
017700002019,177,01770000,Medway,2019,"2,198","22,271,105","15,492,710",30.44,"10,434,849",0,"25,927,559"
017700002020,177,01770000,Medway,2020,"2,219","23,515,724","16,195,477",30.28,"10,501,419",0,"26,696,896"
017700002021,177,01770000,Medway,2021,"2,186","23,623,581","16,885,292",28.52,"10,501,419",0,"27,386,711"
017700002022,177,01770000,Medway,2022,"2,089","23,134,189","17,421,552",22.92,"10,564,089",0,"27,985,641"
017800002007,178,01780000,Melrose,2007,"3,420","26,011,916","21,369,417",17.50,"5,380,591",0,"26,750,008"
017800002008,178,01780000,Melrose,2008,"3,461","27,602,186","21,907,581",17.50,"5,694,605","314,014","27,602,186"
017800002009,178,01780000,Melrose,2009,"3,553","30,260,569","22,718,830",18.49,"7,541,739","1,847,134","30,260,569"
017800002010,178,01780000,Melrose,2010,"3,698","32,562,555","24,854,305",22.81,"7,390,904",0,"32,245,209"
017800002011,178,01780000,Melrose,2011,"3,727","32,186,377","25,348,596",22.37,"7,257,935",0,"32,606,531"
017800002012,178,01780000,Melrose,2012,"3,756","33,172,689","25,849,124",21.96,"7,323,565","26,666","33,172,689"
017800002013,178,01780000,Melrose,2013,"3,725","34,237,368","26,657,847",22.11,"7,672,924","255,956","34,330,771"
017800002014,178,01780000,Melrose,2014,"3,711","34,787,746","27,402,853",19.43,"7,765,699",0,"35,168,552"
017800002015,178,01780000,Melrose,2015,"3,727","35,264,712","28,117,748",19.02,"7,867,296",0,"35,985,044"
017800002016,178,01780000,Melrose,2016,"3,732","36,086,251","29,102,972",17.50,"7,960,596",0,"37,063,568"
017800002017,178,01780000,Melrose,2017,"3,736","36,017,412","29,811,821",17.50,"8,166,076",0,"37,977,897"
017800002018,178,01780000,Melrose,2018,"3,799","37,544,107","31,014,280",17.50,"8,280,046",0,"39,294,326"
017800002019,178,01780000,Melrose,2019,"3,872","39,714,035","32,332,045",17.50,"8,396,206",0,"40,728,251"
017800002020,178,01780000,Melrose,2020,"3,943","42,022,188","33,686,027",17.50,"8,514,496",0,"42,200,523"
017800002021,178,01780000,Melrose,2021,"4,013","43,519,030","35,108,451",17.50,"8,514,496",0,"43,622,947"
017800002022,178,01780000,Melrose,2022,"3,914","44,344,391","36,147,679",17.50,"8,631,916",0,"44,779,595"
017900002007,179,01790000,Mendon,2007,1,"11,108","4,683",35.14,"6,425","6,425","11,108"
017900002008,179,01790000,Mendon,2008,2,"23,065","9,814",40.77,"13,251","6,826","23,065"
017900002009,179,01790000,Mendon,2009,4,"48,402","20,739",39.96,"27,663","14,412","48,402"
017900002010,179,01790000,Mendon,2010,4,"49,955","22,735",40.62,"27,110",0,"49,845"
017900002011,179,01790000,Mendon,2011,3,"36,523","17,440",40.78,"26,131",0,"43,571"
017900002012,179,01790000,Mendon,2012,2,"24,883","12,459",40.32,"24,883",0,"37,342"
017900002013,179,01790000,Mendon,2013,0,0,0,39.69,0,0,0
017900002014,179,01790000,Mendon,2014,2,"26,488","14,438",36.46,"12,050","12,050","26,488"
017900002015,179,01790000,Mendon,2015,2,"26,544","15,491",33.95,"12,050",0,"27,541"
017900002016,179,01790000,Mendon,2016,2,"26,877","16,445",34.40,"12,050",0,"28,495"
017900002017,179,01790000,Mendon,2017,4,"53,507","35,758",31.12,"17,749","5,699","53,507"
017900002018,179,01790000,Mendon,2018,7,"94,454","67,071",26.61,"27,383","9,634","94,454"
017900002019,179,01790000,Mendon,2019,9,"125,951","90,115",24.69,"35,836","8,453","125,951"
017900002020,179,01790000,Mendon,2020,8,"114,974","83,426",24.55,"35,836",0,"119,262"
017900002021,179,01790000,Mendon,2021,7,"102,605","77,719",23.10,"35,836",0,"113,555"
017900002022,179,01790000,Mendon,2022,6,"89,717","68,581",23.56,"36,016",0,"104,597"
018000002007,180,01800000,Merrimac,2007,0,0,0,53.38,0,0,0
018000002008,180,01800000,Merrimac,2008,0,0,0,51.79,0,0,0
018000002009,180,01800000,Merrimac,2009,0,0,0,50.93,0,0,0
018000002010,180,01800000,Merrimac,2010,0,0,0,50.17,0,0,0
018000002011,180,01800000,Merrimac,2011,0,0,0,52.60,0,0,0
018000002012,180,01800000,Merrimac,2012,0,0,0,48.80,0,0,0
018000002013,180,01800000,Merrimac,2013,0,0,0,46.41,0,0,0
018000002014,180,01800000,Merrimac,2014,0,0,0,43.84,0,0,0
018000002015,180,01800000,Merrimac,2015,3,"39,015","23,081",42.59,"39,015",0,"62,096"
018000002016,180,01800000,Merrimac,2016,3,"39,600","24,335",40.76,"39,015",0,"63,350"
018000002017,180,01800000,Merrimac,2017,4,"52,684","33,389",37.03,"39,015",0,"72,404"
018000002018,180,01800000,Merrimac,2018,6,"80,501","51,057",36.99,"39,015",0,"90,072"
018000002019,180,01800000,Merrimac,2019,7,"96,860","61,806",36.19,"39,015",0,"100,821"
018000002020,180,01800000,Merrimac,2020,8,"114,974","73,617",33.12,"41,368","2,342","114,985"
018000002021,180,01800000,Merrimac,2021,10,"146,578","99,096",31.00,"47,504","6,114","146,600"
018000002022,180,01800000,Merrimac,2022,9,"134,575","96,496",26.43,"47,774",0,"144,270"
018100002007,181,01810000,Methuen,2007,"7,477","60,543,616","27,289,639",53.47,"33,253,977","2,782,091","60,543,616"
018100002008,181,01810000,Methuen,2008,"7,514","64,593,405","28,479,615",54.19,"36,113,790","2,859,813","64,593,405"
018100002009,181,01810000,Methuen,2009,"7,481","66,932,259","29,640,305",53.71,"37,369,988","1,178,164","67,010,293"
018100002010,181,01810000,Methuen,2010,"7,455","70,754,596","29,742,140",55.83,"36,622,588",0,"66,364,728"
018100002011,181,01810000,Methuen,2011,"7,287","67,174,267","30,293,532",54.61,"38,616,511",0,"68,910,043"
018100002012,181,01810000,Methuen,2012,"7,169","66,167,336","30,557,302",54.02,"38,823,822",0,"69,381,124"
018100002013,181,01810000,Methuen,2013,"7,177","68,082,308","31,301,841",53.35,"39,110,902",0,"70,412,743"
018100002014,181,01810000,Methuen,2014,"7,132","72,821,269","32,658,088",55.58,"40,240,901","1,052,279","72,898,989"
018100002015,181,01810000,Methuen,2015,"7,098","73,674,474","33,532,493",55.68,"40,839,452",0,"74,371,945"
018100002016,181,01810000,Methuen,2016,"7,112","75,476,679","34,357,316",55.37,"41,119,363","279,911","75,476,679"
018100002017,181,01810000,Methuen,2017,"7,155","76,096,299","34,166,160",55.43,"42,147,523","810,776","76,313,683"
018100002018,181,01810000,Methuen,2018,"7,088","76,802,334","35,661,626",53.64,"42,360,163",0,"78,021,789"
018100002019,181,01810000,Methuen,2019,"7,169","81,561,883","37,125,698",54.39,"44,704,725","2,076,022","81,830,423"
018100002020,181,01810000,Methuen,2020,"7,164","86,487,501","38,919,879",54.10,"47,567,622","2,862,897","86,487,501"
018100002021,181,01810000,Methuen,2021,"7,124","88,769,466","40,325,303",53.97,"48,444,163","876,541","88,769,466"
018100002022,181,01810000,Methuen,2022,"6,767","89,379,135","40,893,031",53.02,"48,647,173","41,941","89,540,204"
018200002007,182,01820000,Middleborough,2007,"3,701","28,711,249","13,593,641",53.46,"16,271,963","45,269","29,865,604"
018200002008,182,01820000,Middleborough,2008,"3,599","29,349,176","13,995,503",50.09,"16,591,501",0,"30,587,004"
018200002009,182,01820000,Middleborough,2009,"3,562","30,535,052","14,305,024",50.08,"17,185,388",0,"31,490,412"
018200002010,182,01820000,Middleborough,2010,"3,611","32,049,947","14,608,790",50.82,"16,841,680",0,"31,450,470"
018200002011,182,01820000,Middleborough,2011,"3,574","31,398,533","14,805,660",50.37,"16,422,246",0,"31,227,906"
018200002012,182,01820000,Middleborough,2012,"3,529","32,141,290","15,132,961",51.81,"17,008,329","497,921","32,141,290"
018200002013,182,01820000,Middleborough,2013,"3,453","32,752,133","15,459,649",51.89,"17,292,484","284,155","32,752,133"
018200002014,182,01820000,Middleborough,2014,"3,373","32,588,659","15,715,800",52.74,"17,376,809",0,"33,092,609"
018200002015,182,01820000,Middleborough,2015,"3,299","32,073,963","15,945,136",50.85,"17,459,284",0,"33,404,420"
018200002016,182,01820000,Middleborough,2016,"3,217","32,000,343","16,053,881",51.22,"17,539,709",0,"33,593,590"
018200002017,182,01820000,Middleborough,2017,"3,096","31,055,482","15,735,683",49.77,"17,709,989",0,"33,445,672"
018200002018,182,01820000,Middleborough,2018,"2,870","29,289,460","15,577,573",47.20,"17,796,089",0,"33,373,662"
018200002019,182,01820000,Middleborough,2019,"3,031","32,018,438","16,144,274",49.58,"17,887,019",0,"34,031,293"
018200002020,182,01820000,Middleborough,2020,"3,053","34,113,306","16,968,154",48.89,"17,978,609",0,"34,946,763"
018200002021,182,01820000,Middleborough,2021,"3,073","35,057,531","18,220,402",47.96,"17,978,609",0,"36,199,011"
018200002022,182,01820000,Middleborough,2022,"3,021","35,767,383","19,089,621",46.63,"18,069,239",0,"37,158,860"
018300002007,183,01830000,Middlefield,2007,0,0,746,64.10,0,0,746
018300002008,183,01830000,Middlefield,2008,0,0,0,59.66,0,0,0
018300002009,183,01830000,Middlefield,2009,3,"35,830","21,223",49.26,"17,650","14,607","38,873"
018300002010,183,01830000,Middlefield,2010,3,"36,920","21,121",47.50,"17,297",0,"38,418"
018300002011,183,01830000,Middlefield,2011,3,"36,107","18,057",54.30,"18,050","1,445","36,107"
018300002012,183,01830000,Middlefield,2012,3,"36,750","21,942",44.11,"18,050",0,"39,992"
018300002013,183,01830000,Middlefield,2013,3,"38,092","24,466",38.74,"18,050",0,"42,516"
018300002014,183,01830000,Middlefield,2014,4,"51,576","33,824",36.49,"18,050",0,"51,874"
018300002015,183,01830000,Middlefield,2015,4,"52,020","39,422",26.26,"18,050",0,"57,472"
018300002016,183,01830000,Middlefield,2016,1,"13,200","11,856",17.50,"13,200",0,"25,056"
018300002017,183,01830000,Middlefield,2017,2,"26,342","21,863",17.50,"13,200",0,"35,063"
018300002018,183,01830000,Middlefield,2018,4,"53,667","44,587",17.50,"13,200",0,"57,787"
018300002019,183,01830000,Middlefield,2019,4,"55,349","44,006",17.50,"13,200",0,"57,206"
018300002020,183,01830000,Middlefield,2020,3,"43,115","34,267",17.50,"13,200",0,"47,467"
018300002021,183,01830000,Middlefield,2021,3,"43,973","36,278",17.50,"13,200",0,"49,478"
018300002022,183,01830000,Middlefield,2022,3,"44,858","37,008",17.50,"13,290",0,"50,298"
018400002007,184,01840000,Middleton,2007,755,"5,471,811","4,145,862",21.68,"1,325,949","253,647","5,471,811"
018400002008,184,01840000,Middleton,2008,764,"5,832,959","4,345,126",22.09,"1,487,833","161,884","5,832,959"
018400002009,184,01840000,Middleton,2009,791,"6,321,847","4,793,498",22.73,"1,598,957","40,516","6,392,455"
018400002010,184,01840000,Middleton,2010,779,"6,442,873","5,100,614",20.81,"1,566,978",0,"6,667,592"
018400002011,184,01840000,Middleton,2011,764,"6,158,787","5,254,874",17.98,"1,475,435",0,"6,730,309"
018400002012,184,01840000,Middleton,2012,729,"6,001,242","5,162,532",18.76,"1,483,356",0,"6,645,888"
018400002013,184,01840000,Middleton,2013,748,"6,436,172","5,445,815",19.26,"1,513,276",0,"6,959,091"
018400002014,184,01840000,Middleton,2014,747,"6,537,211","5,536,081",17.88,"1,531,951",0,"7,068,032"
018400002015,184,01840000,Middleton,2015,743,"6,500,382","5,534,548",17.50,"1,550,526",0,"7,085,074"
018400002016,184,01840000,Middleton,2016,729,"6,509,298","5,617,606",17.50,"1,568,751",0,"7,186,357"
018400002017,184,01840000,Middleton,2017,686,"6,306,838","5,269,521",17.50,"1,606,481",0,"6,876,002"
018400002018,184,01840000,Middleton,2018,666,"6,172,361","5,171,627",17.50,"1,626,461",0,"6,798,088"
018400002019,184,01840000,Middleton,2019,653,"6,287,831","5,187,460",17.50,"1,646,051",0,"6,833,511"
018400002020,184,01840000,Middleton,2020,670,"6,689,182","5,513,538",17.50,"1,666,151",0,"7,179,689"
018400002021,184,01840000,Middleton,2021,686,"7,013,290","5,785,964",17.50,"1,666,151",0,"7,452,115"
018400002022,184,01840000,Middleton,2022,658,"6,927,207","5,714,946",17.50,"1,685,891",0,"7,400,837"
018500002007,185,01850000,Milford,2007,"4,058","33,490,001","22,721,351",41.80,"10,882,700","1,254,426","33,604,051"
018500002008,185,01850000,Milford,2008,"4,069","34,771,548","22,716,028",43.40,"12,145,146","1,172,820","34,861,174"
018500002009,185,01850000,Milford,2009,"4,092","36,857,353","22,611,874",44.53,"14,245,479","2,100,333","36,857,353"
018500002010,185,01850000,Milford,2010,"4,103","38,573,247","22,694,316",45.38,"13,960,569",0,"36,654,885"
018500002011,185,01850000,Milford,2011,"4,099","37,839,983","22,556,065",45.14,"14,990,659","40,144","37,546,724"
018500002012,185,01850000,Milford,2012,"4,155","39,488,612","22,785,673",46.93,"16,702,939","1,631,804","39,488,612"
018500002013,185,01850000,Milford,2013,"4,143","41,626,385","23,315,453",48.06,"18,734,609","1,607,993","42,050,062"
018500002014,185,01850000,Milford,2014,"4,172","42,774,604","23,819,112",49.01,"19,457,577","220,883","43,276,689"
018500002015,185,01850000,Milford,2015,"4,207","43,366,942","23,509,175",48.59,"20,022,624","400,190","43,531,799"
018500002016,185,01850000,Milford,2016,"4,221","44,418,717","23,574,280",48.85,"20,844,437","821,813","44,418,717"
018500002017,185,01850000,Milford,2017,"4,187","45,013,216","22,766,643",50.11,"22,246,573","1,402,136","45,013,216"
018500002018,185,01850000,Milford,2018,"4,244","46,388,901","23,243,232",50.11,"23,145,669","899,096","46,388,901"
018500002019,185,01850000,Milford,2019,"4,256","48,944,312","24,011,188",50.94,"24,933,124","1,787,455","48,944,312"
018500002020,185,01850000,Milford,2020,"4,317","52,148,898","24,846,959",51.73,"27,301,939","2,368,815","52,148,898"
018500002021,185,01850000,Milford,2021,"4,482","56,604,614","25,435,714",55.06,"31,168,900","3,866,961","56,604,614"
018500002022,185,01850000,Milford,2022,"4,422","58,526,188","26,079,517",55.29,"32,446,671","1,277,771","58,526,188"
018600002007,186,01860000,Millbury,2007,"1,985","15,323,374","9,000,628",48.57,"6,392,219","433,632","15,392,847"
018600002008,186,01860000,Millbury,2008,"1,962","15,891,804","9,533,703",44.13,"6,643,067",0,"16,176,770"
018600002009,186,01860000,Millbury,2009,"1,935","16,607,444","9,835,784",43.82,"6,956,660","128,593","16,792,444"
018600002010,186,01860000,Millbury,2010,"1,933","17,069,156","10,132,004",44.40,"6,817,527",0,"16,949,531"
018600002011,186,01860000,Millbury,2011,"1,866","16,354,316","10,084,315",43.38,"6,531,884",0,"16,616,199"
018600002012,186,01860000,Millbury,2012,"1,836","16,266,575","10,291,233",41.70,"6,566,950",0,"16,858,183"
018600002013,186,01860000,Millbury,2013,"1,798","16,716,298","10,391,532",40.94,"6,638,870",0,"17,030,402"
018600002014,186,01860000,Millbury,2014,"1,801","16,935,436","10,537,672",41.73,"6,745,942",0,"17,283,614"
018600002015,186,01860000,Millbury,2015,"1,781","17,048,501","10,443,623",41.80,"6,879,058",0,"17,322,681"
018600002016,186,01860000,Millbury,2016,"1,757","17,130,949","10,531,645",40.04,"6,922,983",0,"17,454,628"
018600002017,186,01860000,Millbury,2017,"1,753","17,429,845","10,473,626",40.47,"7,019,398","33,236","17,493,024"
018600002018,186,01860000,Millbury,2018,"1,748","17,780,962","10,630,390",40.47,"7,150,572","131,174","17,780,962"
018600002019,186,01860000,Millbury,2019,"1,763","18,494,290","11,140,779",39.73,"7,371,495","202,939","18,512,274"
018600002020,186,01860000,Millbury,2020,"1,729","19,134,295","11,458,671",40.05,"7,675,624","304,129","19,134,295"
018600002021,186,01860000,Millbury,2021,"1,743","19,675,592","11,797,270",40.04,"7,878,322","202,698","19,675,592"
018600002022,186,01860000,Millbury,2022,"1,633","19,104,093","12,049,555",34.94,"7,927,312",0,"19,976,867"
018700002007,187,01870000,Millis,2007,"1,248","9,483,892","7,426,472",31.37,"2,102,688","172,834","9,529,160"
018700002008,187,01870000,Millis,2008,"1,258","10,117,123","7,330,284",34.47,"2,786,839","684,151","10,117,123"
018700002009,187,01870000,Millis,2009,"1,301","11,000,974","7,435,813",34.42,"3,565,161","778,322","11,000,974"
018700002010,187,01870000,Millis,2010,"1,335","11,653,274","7,440,876",39.72,"3,493,858",0,"10,934,734"
018700002011,187,01870000,Millis,2011,"1,306","11,328,954","7,432,660",38.30,"3,966,310",0,"11,398,970"
018700002012,187,01870000,Millis,2012,"1,340","11,812,389","7,564,328",39.69,"4,248,061","260,458","11,812,389"
018700002013,187,01870000,Millis,2013,"1,348","12,313,171","7,862,256",38.86,"4,534,411","202,854","12,396,667"
018700002014,187,01870000,Millis,2014,"1,339","12,451,955","8,164,569",38.29,"4,592,772",0,"12,757,341"
018700002015,187,01870000,Millis,2015,"1,308","12,356,474","8,219,727",36.22,"4,625,472",0,"12,845,199"
018700002016,187,01870000,Millis,2016,"1,277","12,205,626","8,273,796",34.00,"4,657,397",0,"12,931,193"
018700002017,187,01870000,Millis,2017,"1,241","11,856,222","8,128,057",32.14,"4,725,652",0,"12,853,709"
018700002018,187,01870000,Millis,2018,"1,199","11,737,005","8,397,650",28.59,"4,761,622",0,"13,159,272"
018700002019,187,01870000,Millis,2019,"1,177","11,946,580","8,451,032",29.26,"4,796,932",0,"13,247,964"
018700002020,187,01870000,Millis,2020,"1,146","12,179,710","8,612,588",29.29,"4,831,312",0,"13,443,900"
018700002021,187,01870000,Millis,2021,"1,088","11,739,340","8,676,571",26.09,"4,831,312",0,"13,507,883"
018700002022,187,01870000,Millis,2022,"1,051","11,844,886","9,095,464",22.47,"4,862,842",0,"13,958,306"
018800002007,188,01880000,Millville,2007,1,"10,850","3,214",61.93,"7,636","7,636","10,850"
018800002008,188,01880000,Millville,2008,2,"22,711","6,563",61.35,"16,148","8,512","22,711"
018800002009,188,01880000,Millville,2009,5,"59,717","16,523",62.60,"43,194","27,046","59,717"
018800002010,188,01880000,Millville,2010,4,"49,226","15,127",62.43,"42,330",0,"57,457"
018800002011,188,01880000,Millville,2011,5,"60,179","19,123",62.71,"41,056",419,"60,179"
018800002012,188,01880000,Millville,2012,7,"85,750","27,251",63.12,"58,499","17,443","85,750"
018800002013,188,01880000,Millville,2013,4,"50,789","16,406",62.23,"50,789",0,"67,195"
018800002014,188,01880000,Millville,2014,6,"77,364","26,377",60.51,"50,987",198,"77,364"
018800002015,188,01880000,Millville,2015,2,"26,010","9,583",58.39,"26,010",0,"35,593"
018800002016,188,01880000,Millville,2016,6,"79,200","30,473",59.92,"48,727","22,717","79,200"
018800002017,188,01880000,Millville,2017,9,"118,538","48,101",58.60,"70,899","21,710","119,000"
018800002018,188,01880000,Millville,2018,7,"93,918","39,748",56.71,"70,899",0,"110,647"
018800002019,188,01880000,Millville,2019,9,"124,534","52,967",57.21,"71,567",668,"124,534"
018800002020,188,01880000,Millville,2020,8,"114,974","48,557",56.53,"71,567",0,"120,124"
018800002021,188,01880000,Millville,2021,5,"73,289","33,038",53.97,"71,567",0,"104,605"
018800002022,188,01880000,Millville,2022,8,"119,622","56,307",52.93,"71,807",0,"128,114"
018900002007,189,01890000,Milton,2007,"3,552","27,293,509","25,682,096",17.50,"3,770,098",0,"29,452,194"
018900002008,189,01890000,Milton,2008,"3,618","29,370,008","26,209,746",17.50,"4,180,994",0,"30,390,740"
018900002009,189,01890000,Milton,2009,"3,667","31,229,187","26,442,315",17.50,"4,786,872","605,878","31,229,187"
018900002010,189,01890000,Milton,2010,"3,738","33,226,180","27,411,598",17.50,"4,691,135",0,"32,102,733"
018900002011,189,01890000,Milton,2011,"3,804","33,177,678","27,962,065",17.50,"5,474,895",0,"33,436,960"
018900002012,189,01890000,Milton,2012,"3,792","33,445,351","28,316,699",17.50,"5,504,287",0,"33,820,986"
018900002013,189,01890000,Milton,2013,"3,760","34,576,600","28,905,665",17.50,"5,765,928","166,648","34,671,593"
018900002014,189,01890000,Milton,2014,"3,792","35,318,012","29,777,694",17.50,"5,869,609",0,"35,647,303"
018900002015,189,01890000,Milton,2015,"3,762","35,082,061","29,715,046",17.50,"5,964,022",0,"35,679,068"
018900002016,189,01890000,Milton,2016,"3,860","36,501,505","30,504,862",17.50,"6,060,522","32,621","36,565,384"
018900002017,189,01890000,Milton,2017,"3,917","37,238,061","30,828,228",17.50,"6,409,833","349,311","37,238,061"
018900002018,189,01890000,Milton,2018,"4,093","39,699,383","32,142,381",17.50,"7,557,002","1,147,169","39,699,383"
018900002019,189,01890000,Milton,2019,"4,161","41,890,853","33,540,779",17.50,"8,350,074","793,072","41,890,853"
018900002020,189,01890000,Milton,2020,"4,220","44,445,618","35,446,365",17.50,"9,033,561","649,179","44,479,926"
018900002021,189,01890000,Milton,2021,"4,374","46,912,230","37,346,878",17.50,"9,567,275","531,791","46,914,153"
018900002022,189,01890000,Milton,2022,"4,340","48,097,216","38,757,408",17.50,"9,697,475",0,"48,454,883"
019000002007,190,01900000,Monroe,2007,11,"67,150","77,281",30.75,"67,150",0,"144,431"
019000002008,190,01900000,Monroe,2008,9,"56,860","50,042",40.07,"56,860",0,"106,902"
019000002009,190,01900000,Monroe,2009,14,"117,806","70,637",53.66,"89,564",0,"160,201"
019000002010,190,01900000,Monroe,2010,15,"128,296","75,685",47.43,"87,773",0,"163,458"
019000002011,190,01900000,Monroe,2011,13,"87,282","71,027",28.45,"84,262",0,"155,289"
019000002012,190,01900000,Monroe,2012,12,"79,784","68,985",17.50,"79,784",0,"148,769"
019000002013,190,01900000,Monroe,2013,11,"75,976","45,544",38.41,"75,976",0,"121,520"
019000002014,190,01900000,Monroe,2014,12,"84,307","69,217",17.50,"75,976",0,"145,193"
019000002015,190,01900000,Monroe,2015,7,"49,377","41,572",17.50,"49,377",0,"90,949"
019000002016,190,01900000,Monroe,2016,8,"57,397","39,279",19.18,"49,377",0,"88,656"
019000002017,190,01900000,Monroe,2017,9,"64,198","43,424",23.39,"49,377",0,"92,801"
019000002018,190,01900000,Monroe,2018,10,"70,058","39,434",38.55,"49,377",0,"88,811"
019000002019,190,01900000,Monroe,2019,11,"85,324","62,999",19.39,"49,377",0,"112,376"
019000002020,190,01900000,Monroe,2020,13,"101,470","74,699",25.62,"49,377",0,"124,076"
019000002021,190,01900000,Monroe,2021,15,"149,215","79,783",42.45,"69,432","20,055","149,215"
019000002022,190,01900000,Monroe,2022,14,"147,610","75,426",44.87,"75,502","2,752","150,928"
019100002007,191,01910000,Monson,2007,"1,559","11,949,571","4,838,959",63.39,"7,111,941","494,625","11,950,900"
019100002008,191,01910000,Monson,2008,"1,526","12,159,309","4,984,969",61.71,"7,241,370","62,399","12,226,339"
019100002009,191,01910000,Monson,2009,"1,512","12,797,798","5,089,158",61.83,"7,708,640","467,270","12,797,798"
019100002010,191,01910000,Monson,2010,"1,462","12,822,835","5,153,721",59.78,"7,554,467",0,"12,708,188"
019100002011,191,01910000,Monson,2011,"1,408","12,214,501","5,102,395",59.67,"7,221,084",0,"12,323,479"
019100002012,191,01910000,Monson,2012,"1,365","12,125,247","5,200,769",57.88,"7,259,850",0,"12,460,619"
019100002013,191,01910000,Monson,2013,"1,305","12,141,056","5,290,215",56.72,"7,312,050",0,"12,602,265"
019100002014,191,01910000,Monson,2014,"1,227","11,640,741","5,397,705",54.13,"7,342,725",0,"12,740,430"
019100002015,191,01910000,Monson,2015,"1,172","11,227,560","5,516,259",51.86,"7,372,025",0,"12,888,284"
019100002016,191,01910000,Monson,2016,"1,096","10,642,913","5,415,578",49.65,"7,399,425",0,"12,815,003"
019100002017,191,01910000,Monson,2017,"1,028","10,115,063","5,426,446",46.75,"7,455,965",0,"12,882,411"
019100002018,191,01910000,Monson,2018,967,"9,765,311","5,261,486",46.75,"7,484,975",0,"12,746,461"
019100002019,191,01910000,Monson,2019,934,"9,770,916","5,525,534",43.10,"7,512,995",0,"13,038,529"
019100002020,191,01910000,Monson,2020,936,"10,353,120","5,746,939",44.49,"7,541,075",0,"13,288,014"
019100002021,191,01910000,Monson,2021,934,"10,603,017","5,893,568",44.42,"7,541,075",0,"13,434,643"
019100002022,191,01910000,Monson,2022,883,"10,403,183","6,007,448",42.25,"7,567,565",0,"13,575,013"
019200002007,192,01920000,Montague,2007,0,0,"1,165",55.39,0,0,"1,165"
019200002008,192,01920000,Montague,2008,0,0,0,55.54,0,0,0
019200002009,192,01920000,Montague,2009,1,"11,943","5,779",54.48,"6,507","6,164","12,286"
019200002010,192,01920000,Montague,2010,1,"12,307","5,964",51.99,"6,377",0,"12,341"
019200002011,192,01920000,Montague,2011,0,0,0,54.59,0,0,0
019200002012,192,01920000,Montague,2012,0,0,0,52.89,0,0,0
019200002013,192,01920000,Montague,2013,0,0,0,50.22,0,0,0
019200002014,192,01920000,Montague,2014,0,0,0,51.25,0,0,0
019200002015,192,01920000,Montague,2015,0,0,0,51.80,0,0,0
019200002016,192,01920000,Montague,2016,0,0,0,48.29,0,0,0
019200002017,192,01920000,Montague,2017,0,0,0,47.94,0,0,0
019200002018,192,01920000,Montague,2018,0,0,0,49.71,0,0,0
019200002019,192,01920000,Montague,2019,0,0,0,51.60,0,0,0
019200002020,192,01920000,Montague,2020,0,0,0,53.72,0,0,0
019200002021,192,01920000,Montague,2021,0,0,0,56.26,0,0,0
019200002022,192,01920000,Montague,2022,0,0,0,53.20,0,0,0
019300002007,193,01930000,Monterey,2007,0,0,0,17.50,0,0,0
019300002008,193,01930000,Monterey,2008,0,0,0,17.50,0,0,0
019300002009,193,01930000,Monterey,2009,0,0,0,17.50,0,0,0
019300002010,193,01930000,Monterey,2010,0,0,0,17.50,0,0,0
019300002011,193,01930000,Monterey,2011,0,0,0,17.50,0,0,0
019300002012,193,01930000,Monterey,2012,0,0,0,17.50,0,0,0
019300002013,193,01930000,Monterey,2013,0,0,0,17.50,0,0,0
019300002014,193,01930000,Monterey,2014,0,0,0,17.50,0,0,0
019300002015,193,01930000,Monterey,2015,0,0,0,17.50,0,0,0
019300002016,193,01930000,Monterey,2016,0,0,0,17.50,0,0,0
019300002017,193,01930000,Monterey,2017,0,0,0,17.50,0,0,0
019300002018,193,01930000,Monterey,2018,0,0,0,17.50,0,0,0
019300002019,193,01930000,Monterey,2019,0,0,0,17.50,0,0,0
019300002020,193,01930000,Monterey,2020,0,0,0,17.50,0,0,0
019300002021,193,01930000,Monterey,2021,0,0,0,17.50,0,0,0
019300002022,193,01930000,Monterey,2022,0,0,0,17.50,0,0,0
019400002007,194,01940000,Montgomery,2007,3,"32,549","24,028",30.56,"15,666",0,"39,694"
019400002008,194,01940000,Montgomery,2008,4,"45,421","32,646",28.20,"19,296",0,"51,942"
019400002009,194,01940000,Montgomery,2009,3,"35,830","26,083",27.95,"19,446",0,"45,529"
019400002010,194,01940000,Montgomery,2010,5,"61,533","39,614",35.75,"19,057",0,"58,671"
019400002011,194,01940000,Montgomery,2011,3,"36,107","25,001",33.39,"21,042",0,"46,043"
019400002012,194,01940000,Montgomery,2012,3,"36,750","25,778",25.97,"21,042",0,"46,820"
019400002013,194,01940000,Montgomery,2013,2,"25,394","18,584",21.80,"21,042",0,"39,626"
019400002014,194,01940000,Montgomery,2014,2,"25,788","20,780",17.50,"21,042",0,"41,822"
019400002015,194,01940000,Montgomery,2015,2,"26,010","21,585",17.50,"21,042",0,"42,627"
019400002016,194,01940000,Montgomery,2016,3,"39,600","35,467",17.50,"21,042",0,"56,509"
019400002017,194,01940000,Montgomery,2017,5,"65,855","55,442",17.50,"21,042",0,"76,484"
019400002018,194,01940000,Montgomery,2018,6,"80,501","67,534",17.50,"21,042",0,"88,576"
019400002019,194,01940000,Montgomery,2019,6,"83,023","68,494",17.50,"21,042",0,"89,536"
019400002020,194,01940000,Montgomery,2020,8,"114,974","94,854",17.50,"21,042",0,"115,896"
019400002021,194,01940000,Montgomery,2021,6,"87,947","68,444",17.50,"21,042",0,"89,486"
019400002022,194,01940000,Montgomery,2022,4,"59,811","49,337",17.50,"21,162",0,"70,499"
019500002007,195,01950000,Mount Washington,2007,20,"144,190","111,238",17.50,"32,952","13,094","144,190"
019500002008,195,01950000,Mount Washington,2008,16,"126,517","115,279",17.50,"33,752",0,"149,031"
019500002009,195,01950000,Mount Washington,2009,16,"132,727","118,261",17.50,"34,839",0,"153,100"
019500002010,195,01950000,Mount Washington,2010,15,"129,580","116,497",17.50,"34,142",0,"150,639"
019500002011,195,01950000,Mount Washington,2011,15,"126,343","112,337",17.50,"32,776",0,"145,113"
019500002012,195,01950000,Mount Washington,2012,14,"120,558","108,747",17.50,"32,776",0,"141,523"
019500002013,195,01950000,Mount Washington,2013,14,"128,119","110,906",17.50,"32,776",0,"143,682"
019500002014,195,01950000,Mount Washington,2014,12,"91,796","91,796",17.50,"32,776",0,"124,572"
019500002015,195,01950000,Mount Washington,2015,12,"92,960","83,664",17.50,"32,776",0,"116,440"
019500002016,195,01950000,Mount Washington,2016,11,"89,843","79,980",17.50,"32,776",0,"112,756"
019500002017,195,01950000,Mount Washington,2017,7,"57,422","51,679",17.50,"32,776",0,"84,455"
019500002018,195,01950000,Mount Washington,2018,4,"32,643","29,379",17.50,"32,643",0,"62,022"
019500002019,195,01950000,Mount Washington,2019,3,"25,706","21,207",17.50,"25,706",0,"46,913"
019500002020,195,01950000,Mount Washington,2020,1,"7,756","6,399",17.49,"7,771",0,"14,170"
019500002021,195,01950000,Mount Washington,2021,2,"17,626","14,541",17.50,"7,771",0,"22,312"
019500002022,195,01950000,Mount Washington,2022,5,"43,505","35,892",17.50,"7,921",0,"43,813"
019600002007,196,01960000,Nahant,2007,393,"2,885,509","2,876,891",17.50,"408,985",0,"3,285,876"
019600002008,196,01960000,Nahant,2008,384,"2,958,071","2,848,361",17.50,"441,588",0,"3,289,949"
019600002009,196,01960000,Nahant,2009,384,"3,103,459","2,795,562",17.50,"475,089",0,"3,270,651"
019600002010,196,01960000,Nahant,2010,377,"3,140,215","2,769,683",17.50,"465,587",0,"3,235,270"
019600002011,196,01960000,Nahant,2011,367,"3,009,436","2,673,399",17.50,"438,388",0,"3,111,787"
019600002012,196,01960000,Nahant,2012,358,"2,959,458","2,711,123",17.50,"440,741",0,"3,151,864"
019600002013,196,01960000,Nahant,2013,332,"2,836,358","2,696,296",17.50,"454,021",0,"3,150,317"
019600002014,196,01960000,Nahant,2014,320,"2,809,900","2,700,890",17.50,"462,021",0,"3,162,911"
019600002015,196,01960000,Nahant,2015,298,"2,670,798","2,403,719",17.50,"477,893",0,"2,881,612"
019600002016,196,01960000,Nahant,2016,282,"2,552,658","2,291,916",17.50,"484,943",0,"2,776,859"
019600002017,196,01960000,Nahant,2017,272,"2,541,982","2,138,805",17.50,"499,903",0,"2,638,708"
019600002018,196,01960000,Nahant,2018,270,"2,576,635","2,132,494",17.50,"508,003",0,"2,640,497"
019600002019,196,01960000,Nahant,2019,260,"2,540,955","2,096,288",17.50,"515,803",0,"2,612,091"
019600002020,196,01960000,Nahant,2020,257,"2,602,347","2,146,936",17.50,"523,513",0,"2,670,449"
019600002021,196,01960000,Nahant,2021,266,"2,739,285","2,259,910",17.50,"523,513",0,"2,783,423"
019600002022,196,01960000,Nahant,2022,263,"2,845,522","2,347,555",17.50,"531,403",0,"2,878,958"
019700002007,197,01970000,Nantucket,2007,"1,220","9,230,081","12,823,739",17.50,"991,187",0,"13,814,926"
019700002008,197,01970000,Nantucket,2008,"1,288","10,186,788","12,276,662",17.50,"1,228,637",0,"13,505,299"
019700002009,197,01970000,Nantucket,2009,"1,294","10,648,680","11,576,039",17.50,"1,438,148",0,"13,014,187"
019700002010,197,01970000,Nantucket,2010,"1,255","10,683,424","11,534,629",17.50,"1,409,385",0,"12,944,014"
019700002011,197,01970000,Nantucket,2011,"1,230","10,295,374","10,871,032",17.50,"1,327,049",0,"12,198,081"
019700002012,197,01970000,Nantucket,2012,"1,282","11,144,212","10,901,757",17.50,"1,334,173",0,"12,235,930"
019700002013,197,01970000,Nantucket,2013,"1,322","11,866,374","11,286,314",17.50,"1,387,053",0,"12,673,367"
019700002014,197,01970000,Nantucket,2014,"1,378","12,800,411","11,568,827",17.50,"1,421,503",0,"12,990,330"
019700002015,197,01970000,Nantucket,2015,"1,480","13,869,821","11,742,876",17.50,"2,126,945","705,442","13,869,821"
019700002016,197,01970000,Nantucket,2016,"1,552","15,206,452","12,225,508",17.50,"2,980,944","853,999","15,206,452"
019700002017,197,01970000,Nantucket,2017,"1,566","15,743,716","12,702,303",17.50,"3,067,074","60,469","15,769,377"
019700002018,197,01970000,Nantucket,2018,"1,583","16,351,990","13,342,499",17.50,"3,114,564",0,"16,457,063"
019700002019,197,01970000,Nantucket,2019,"1,618","17,684,068","14,133,709",17.50,"3,550,359","435,795","17,684,068"
019700002020,197,01970000,Nantucket,2020,"1,663","19,008,237","15,681,795",17.50,"3,600,249",0,"19,282,044"
019700002021,197,01970000,Nantucket,2021,"1,664","19,472,350","16,064,689",17.50,"3,600,249",0,"19,664,938"
019700002022,197,01970000,Nantucket,2022,"1,663","20,100,925","16,583,263",17.50,"3,650,139",0,"20,233,402"
019800002007,198,01980000,Natick,2007,"4,668","36,447,203","34,581,099",17.50,"4,657,789",0,"39,238,888"
019800002008,198,01980000,Natick,2008,"4,625","37,564,404","34,454,333",17.50,"5,232,584",0,"39,686,917"
019800002009,198,01980000,Natick,2009,"4,762","40,487,601","35,263,961",17.50,"5,843,990",0,"41,107,951"
019800002010,198,01980000,Natick,2010,"4,840","42,629,277","35,169,154",17.50,"5,727,110",0,"40,896,264"
019800002011,198,01980000,Natick,2011,"4,819","41,207,447","35,490,451",17.50,"7,024,303",0,"42,514,754"
019800002012,198,01980000,Natick,2012,"4,905","43,072,104","36,948,274",17.50,"7,062,013",0,"44,010,287"
019800002013,198,01980000,Natick,2013,"5,009","45,906,950","38,397,808",17.50,"7,640,286","447,129","46,038,094"
019800002014,198,01980000,Natick,2014,"5,129","47,764,103","39,466,673",17.50,"8,312,752","657,144","47,779,425"
019800002015,198,01980000,Natick,2015,"5,333","49,956,678","41,275,438",17.50,"8,681,240","368,488","49,956,678"
019800002016,198,01980000,Natick,2016,"5,417","51,546,022","42,809,644",17.50,"8,816,665","55,138","51,626,309"
019800002017,198,01980000,Natick,2017,"5,476","52,558,195","43,516,697",17.50,"9,117,845","224,833","52,634,542"
019800002018,198,01980000,Natick,2018,"5,466","53,048,543","43,988,233",17.50,"9,281,825",0,"53,270,058"
019800002019,198,01980000,Natick,2019,"5,493","55,788,455","46,025,476",17.50,"9,762,979","481,154","55,788,455"
019800002020,198,01980000,Natick,2020,"5,508","57,774,437","47,663,911",17.50,"10,120,767","347,547","57,784,678"
019800002021,198,01980000,Natick,2021,"5,484","58,312,471","48,107,789",17.50,"10,204,682","83,915","58,312,471"
019800002022,198,01980000,Natick,2022,"5,270","57,529,966","47,462,222",17.50,"10,362,782",0,"57,825,004"
019900002007,199,01990000,Needham,2007,"4,752","37,003,281","33,919,990",17.50,"4,366,273",0,"38,286,263"
019900002008,199,01990000,Needham,2008,"4,822","39,386,972","34,874,779",17.50,"5,124,207","145,920","39,998,986"
019900002009,199,01990000,Needham,2009,"4,872","42,028,556","35,909,710",17.50,"6,118,846","994,639","42,028,556"
019900002010,199,01990000,Needham,2010,"4,936","43,829,318","36,829,428",17.50,"5,996,469",0,"42,825,897"
019900002011,199,01990000,Needham,2011,"5,094","44,582,496","37,987,380",17.50,"6,590,957",0,"44,578,337"
019900002012,199,01990000,Needham,2012,"5,184","46,025,846","39,034,126",17.50,"6,991,720","365,380","46,025,846"
019900002013,199,01990000,Needham,2013,"5,219","48,336,043","40,702,053",17.50,"7,633,990","642,270","48,336,043"
019900002014,199,01990000,Needham,2014,"5,279","49,744,212","42,426,414",17.50,"7,901,802",0,"50,328,216"
019900002015,199,01990000,Needham,2015,"5,327","50,670,510","43,099,948",17.50,"8,239,740",0,"51,339,688"
019900002016,199,01990000,Needham,2016,"5,362","51,969,545","44,250,723",17.50,"8,373,790",0,"52,624,513"
019900002017,199,01990000,Needham,2017,"5,411","52,228,571","43,661,684",17.50,"8,671,395","193,097","52,333,079"
019900002018,199,01990000,Needham,2018,"5,447","54,000,177","44,833,817",17.50,"9,166,360","494,965","54,000,177"
019900002019,199,01990000,Needham,2019,"5,495","56,435,154","46,559,002",17.50,"9,876,152","709,792","56,435,154"
019900002020,199,01990000,Needham,2020,"5,556","59,693,732","49,247,329",17.50,"10,451,715","570,251","59,699,044"
019900002021,199,01990000,Needham,2021,"5,754","63,004,476","51,978,693",17.50,"11,025,783","574,068","63,004,476"
019900002022,199,01990000,Needham,2022,"5,561","62,757,966","51,775,322",17.50,"11,192,613",0,"62,967,935"
020000002007,200,02000000,New Ashford,2007,43,"313,210","163,541",56.16,"154,825",113,"318,366"
020000002008,200,02000000,New Ashford,2008,42,"331,314","168,568",50.21,"163,915","7,921","332,483"
020000002009,200,02000000,New Ashford,2009,42,"321,985","171,991",48.45,"166,015",0,"338,006"
020000002010,200,02000000,New Ashford,2010,40,"311,595","178,509",41.38,"162,695",0,"341,204"
020000002011,200,02000000,New Ashford,2011,44,"360,382","180,785",50.00,"179,597","23,410","360,382"
020000002012,200,02000000,New Ashford,2012,40,"334,160","188,252",28.85,"179,597",0,"367,849"
020000002013,200,02000000,New Ashford,2013,40,"346,723","196,667",31.05,"179,597",0,"376,264"
020000002014,200,02000000,New Ashford,2014,33,"273,043","204,082",18.57,"179,597",0,"383,679"
020000002015,200,02000000,New Ashford,2015,32,"266,776","209,694",17.50,"179,597",0,"389,291"
020000002016,200,02000000,New Ashford,2016,26,"217,954","196,158",17.50,"179,597",0,"375,755"
020000002017,200,02000000,New Ashford,2017,27,"232,406","193,546",17.50,"179,597",0,"373,143"
020000002018,200,02000000,New Ashford,2018,33,"288,557","204,578",21.77,"179,597",0,"384,175"
020000002019,200,02000000,New Ashford,2019,29,"269,905","214,173",17.50,"179,597",0,"393,770"
020000002020,200,02000000,New Ashford,2020,29,"289,597","220,898",19.08,"179,597",0,"400,495"
020000002021,200,02000000,New Ashford,2021,28,"278,897","226,155",17.50,"179,597",0,"405,752"
020000002022,200,02000000,New Ashford,2022,22,"234,545","193,500",17.50,"180,257",0,"373,757"
020100002007,201,02010000,New Bedford,2007,"13,422","120,904,310","17,009,241",74.57,"104,762,165",0,"121,771,406"
020100002008,201,02010000,New Bedford,2008,"13,164","124,529,301","17,999,927",73.16,"107,414,208","1,767,209","125,414,135"
020100002009,201,02010000,New Bedford,2009,"13,013","129,350,707","18,772,687",73.45,"110,955,531","3,163,812","129,728,218"
020100002010,201,02010000,New Bedford,2010,"12,677","131,101,527","18,393,495",73.10,"108,736,420",0,"127,129,915"
020100002011,201,02010000,New Bedford,2011,"12,736","126,977,747","18,868,260",73.10,"106,123,637",0,"124,991,897"
020100002012,201,02010000,New Bedford,2012,"12,737","131,413,255","19,608,717",73.74,"111,804,538","5,111,182","131,413,255"
020100002013,201,02010000,New Bedford,2013,"12,814","134,200,122","20,555,694",73.67,"113,644,428","1,839,890","134,200,122"
020100002014,201,02010000,New Bedford,2014,"12,974","141,486,159","21,429,480",75.06,"120,056,679","3,959,598","141,486,159"
020100002015,201,02010000,New Bedford,2015,"13,193","146,174,510","22,672,562",75.44,"123,501,948","3,445,269","146,174,510"
020100002016,201,02010000,New Bedford,2016,"13,211","149,495,330","24,366,967",76.23,"125,128,363","1,626,415","149,495,330"
020100002017,201,02010000,New Bedford,2017,"13,469","157,744,522","25,358,897",77.39,"132,385,625","7,257,262","157,744,522"
020100002018,201,02010000,New Bedford,2018,"13,624","165,003,222","27,078,190",78.31,"137,925,032","5,539,407","165,003,222"
020100002019,201,02010000,New Bedford,2019,"13,752","173,832,434","28,522,973",78.49,"145,309,461","7,384,429","173,832,434"
020100002020,201,02010000,New Bedford,2020,"14,042","189,742,060","29,911,096",79.23,"159,830,964","14,521,503","189,742,060"
020100002021,201,02010000,New Bedford,2021,"14,257","197,388,756","31,307,615",79.46,"166,091,904","6,250,177","197,399,519"
020100002022,201,02010000,New Bedford,2022,"14,010","206,188,928","32,442,344",79.42,"173,746,584","7,654,680","206,188,928"
020200002007,202,02020000,New Braintree,2007,0,0,0,53.32,0,0,0
020200002008,202,02020000,New Braintree,2008,0,0,0,50.05,0,0,0
020200002009,202,02020000,New Braintree,2009,0,0,0,49.11,0,0,0
020200002010,202,02020000,New Braintree,2010,0,0,0,42.97,0,0,0
020200002011,202,02020000,New Braintree,2011,0,0,0,43.14,0,0,0
020200002012,202,02020000,New Braintree,2012,0,0,0,40.78,0,0,0
020200002013,202,02020000,New Braintree,2013,0,0,0,45.65,0,0,0
020200002014,202,02020000,New Braintree,2014,0,0,0,45.53,0,0,0
020200002015,202,02020000,New Braintree,2015,1,"13,005","7,410",43.61,"5,595","5,595","13,005"
020200002016,202,02020000,New Braintree,2016,1,"13,200","7,496",44.59,"5,704",109,"13,200"
020200002017,202,02020000,New Braintree,2017,0,0,0,42.54,0,0,0
020200002018,202,02020000,New Braintree,2018,0,0,0,44.27,0,0,0
020200002019,202,02020000,New Braintree,2019,2,"27,674","14,896",46.17,"12,778","12,778","27,674"
020200002020,202,02020000,New Braintree,2020,2,"28,744","16,002",43.80,"12,778",0,"28,780"
020200002021,202,02020000,New Braintree,2021,3,"43,973","26,677",39.33,"17,296","4,518","43,973"
020200002022,202,02020000,New Braintree,2022,3,"44,858","28,827",35.74,"17,386",0,"46,213"
020300002007,203,02030000,Newbury,2007,0,0,0,17.50,0,0,0
020300002008,203,02030000,Newbury,2008,0,0,0,17.50,0,0,0
020300002009,203,02030000,Newbury,2009,0,0,0,17.50,0,0,0
020300002010,203,02030000,Newbury,2010,0,0,0,17.50,0,0,0
020300002011,203,02030000,Newbury,2011,0,0,0,17.50,0,0,0
020300002012,203,02030000,Newbury,2012,0,0,0,17.50,0,0,0
020300002013,203,02030000,Newbury,2013,0,0,0,17.50,0,0,0
020300002014,203,02030000,Newbury,2014,0,0,0,17.50,0,0,0
020300002015,203,02030000,Newbury,2015,3,"39,849","35,337",17.50,"16,844",0,"52,181"
020300002016,203,02030000,Newbury,2016,2,"26,986","23,796",17.50,"16,844",0,"40,640"
020300002017,203,02030000,Newbury,2017,4,"53,983","45,708",17.50,"16,844",0,"62,552"
020300002018,203,02030000,Newbury,2018,6,"82,603","69,230",17.50,"16,844",0,"86,074"
020300002019,203,02030000,Newbury,2019,5,"70,872","58,469",17.50,"16,844",0,"75,313"
020300002020,203,02030000,Newbury,2020,6,"88,470","72,987",17.50,"16,844",0,"89,831"
020300002021,203,02030000,Newbury,2021,3,"45,293","37,367",17.50,"16,844",0,"54,211"
020300002022,203,02030000,Newbury,2022,3,"46,161","38,083",17.50,"16,934",0,"55,017"
020400002007,204,02040000,Newburyport,2007,"2,266","17,369,388","18,382,676",17.50,"3,094,664",0,"21,477,340"
020400002008,204,02040000,Newburyport,2008,"2,270","18,138,185","18,210,192",17.50,"3,229,204",0,"21,439,396"
020400002009,204,02040000,Newburyport,2009,"2,257","19,046,240","17,810,116",17.50,"3,388,114",0,"21,198,230"
020400002010,204,02040000,Newburyport,2010,"2,216","19,278,084","17,751,548",17.50,"3,320,352",0,"21,071,900"
020400002011,204,02040000,Newburyport,2011,"2,218","18,957,047","17,434,050",17.50,"3,126,377",0,"20,560,427"
020400002012,204,02040000,Newburyport,2012,"2,258","19,604,539","17,669,920",17.50,"3,143,161",0,"20,813,081"
020400002013,204,02040000,Newburyport,2013,"2,329","20,981,094","18,161,476",17.50,"3,236,321",0,"21,397,797"
020400002014,204,02040000,Newburyport,2014,"2,418","22,075,535","18,717,331",17.50,"3,484,458","121,883","22,201,789"
020400002015,204,02040000,Newburyport,2015,"2,420","22,313,845","18,921,662",17.50,"3,658,992",0,"22,580,654"
020400002016,204,02040000,Newburyport,2016,"2,445","22,958,153","19,326,232",17.50,"3,720,117",0,"23,046,349"
020400002017,204,02040000,Newburyport,2017,"2,385","22,075,388","18,475,881",17.50,"3,851,292",0,"22,327,173"
020400002018,204,02040000,Newburyport,2018,"2,395","22,572,192","18,688,498",17.50,"3,923,142","32,402","22,611,640"
020400002019,204,02040000,Newburyport,2019,"2,390","23,394,063","19,300,102",17.50,"4,093,961","170,819","23,394,063"
020400002020,204,02040000,Newburyport,2020,"2,341","23,879,061","19,700,226",17.50,"4,182,944","84,874","23,883,170"
020400002021,204,02040000,Newburyport,2021,"2,308","24,204,979","19,969,107",17.50,"4,235,872","52,928","24,204,979"
020400002022,204,02040000,Newburyport,2022,"2,211","24,047,193","19,838,934",17.50,"4,302,202",0,"24,141,136"
020500002007,205,02050000,New Marlborough,2007,0,0,0,17.50,0,0,0
020500002008,205,02050000,New Marlborough,2008,0,0,0,17.50,0,0,0
020500002009,205,02050000,New Marlborough,2009,0,0,0,17.50,0,0,0
020500002010,205,02050000,New Marlborough,2010,0,0,0,17.50,0,0,0
020500002011,205,02050000,New Marlborough,2011,0,0,0,17.50,0,0,0
020500002012,205,02050000,New Marlborough,2012,0,0,0,17.50,0,0,0
020500002013,205,02050000,New Marlborough,2013,0,0,0,17.50,0,0,0
020500002014,205,02050000,New Marlborough,2014,0,0,0,17.50,0,0,0
020500002015,205,02050000,New Marlborough,2015,0,0,0,17.50,0,0,0
020500002016,205,02050000,New Marlborough,2016,0,0,0,17.50,0,0,0
020500002017,205,02050000,New Marlborough,2017,1,"13,171","10,884",17.50,"2,287","2,287","13,171"
020500002018,205,02050000,New Marlborough,2018,0,0,0,17.50,0,0,0
020500002019,205,02050000,New Marlborough,2019,0,0,0,17.50,0,0,0
020500002020,205,02050000,New Marlborough,2020,0,0,0,17.50,0,0,0
020500002021,205,02050000,New Marlborough,2021,0,0,0,17.50,0,0,0
020500002022,205,02050000,New Marlborough,2022,0,0,0,17.50,0,0,0
020600002007,206,02060000,New Salem,2007,0,0,0,57.18,0,0,0
020600002008,206,02060000,New Salem,2008,0,0,0,56.04,0,0,0
020600002009,206,02060000,New Salem,2009,0,0,0,53.51,0,0,0
020600002010,206,02060000,New Salem,2010,0,0,0,56.43,0,0,0
020600002011,206,02060000,New Salem,2011,0,0,0,50.17,0,0,0
020600002012,206,02060000,New Salem,2012,0,0,0,44.14,0,0,0
020600002013,206,02060000,New Salem,2013,0,0,0,49.48,0,0,0
020600002014,206,02060000,New Salem,2014,0,0,0,50.23,0,0,0
020600002015,206,02060000,New Salem,2015,0,0,0,51.30,0,0,0
020600002016,206,02060000,New Salem,2016,0,0,0,49.48,0,0,0
020600002017,206,02060000,New Salem,2017,0,0,0,47.73,0,0,0
020600002018,206,02060000,New Salem,2018,1,"13,417","7,366",45.72,"6,051","6,051","13,417"
020600002019,206,02060000,New Salem,2019,1,"13,837","7,670",43.32,"6,167",116,"13,837"
020600002020,206,02060000,New Salem,2020,0,0,0,41.65,0,0,0
020600002021,206,02060000,New Salem,2021,0,0,0,35.01,0,0,0
020600002022,206,02060000,New Salem,2022,0,0,0,39.54,0,0,0
020700002007,207,02070000,Newton,2007,"11,612","91,783,005","95,493,364",17.50,"10,966,835",0,"106,460,199"
020700002008,207,02070000,Newton,2008,"11,688","96,710,790","94,016,028",17.50,"12,754,101",0,"106,770,129"
020700002009,207,02070000,Newton,2009,"11,762","102,430,486","93,680,526",17.50,"14,460,608",0,"108,141,134"
020700002010,207,02070000,Newton,2010,"11,745","106,034,165","94,358,670",17.50,"14,171,395",0,"108,530,065"
020700002011,207,02070000,Newton,2011,"11,805","105,360,169","93,963,930",17.50,"13,343,503",0,"107,307,433"
020700002012,207,02070000,Newton,2012,"11,991","109,411,945","95,907,724",17.50,"13,504,221","89,084","109,411,945"
020700002013,207,02070000,Newton,2013,"12,150","114,655,008","98,481,856",17.50,"16,173,152","2,668,931","114,655,008"
020700002014,207,02070000,Newton,2014,"12,387","119,052,135","101,648,356",17.50,"17,403,779","1,230,627","119,052,135"
020700002015,207,02070000,Newton,2015,"12,650","123,275,321","103,657,391",17.50,"19,617,930","2,214,151","123,275,321"
020700002016,207,02070000,Newton,2016,"12,711","126,316,299","106,090,242",17.50,"20,226,057","608,127","126,316,299"
020700002017,207,02070000,Newton,2017,"12,730","126,430,398","105,306,467",17.50,"21,180,365","897,874","126,486,832"
020700002018,207,02070000,Newton,2018,"12,857","131,452,274","108,662,422",17.50,"22,789,852","1,609,487","131,452,274"
020700002019,207,02070000,Newton,2019,"12,948","137,300,637","113,273,026",17.50,"24,027,611","1,237,759","137,300,637"
020700002020,207,02070000,Newton,2020,"12,889","141,578,979","116,802,658",17.50,"24,814,496","748,710","141,617,154"
020700002021,207,02070000,Newton,2021,"12,831","143,592,665","118,463,949",17.50,"25,128,716","314,220","143,592,665"
020700002022,207,02070000,Newton,2022,"12,113","140,792,530","116,153,837",17.50,"25,492,106",0,"141,645,943"
020800002007,208,02080000,Norfolk,2007,"1,038","7,514,190","4,696,531",27.05,"3,342,421",0,"8,038,952"
020800002008,208,02080000,Norfolk,2008,999,"7,568,629","4,835,814",26.20,"3,392,371",0,"8,228,185"
020800002009,208,02080000,Norfolk,2009,996,"7,931,793","5,010,638",26.05,"3,486,975",0,"8,497,613"
020800002010,208,02080000,Norfolk,2010,979,"8,090,406","5,856,554",27.61,"3,417,236",0,"9,273,790"
020800002011,208,02080000,Norfolk,2011,985,"7,969,865","6,096,820",24.13,"3,217,602",0,"9,314,422"
020800002012,208,02080000,Norfolk,2012,926,"7,607,426","5,982,259",22.04,"3,234,875",0,"9,217,134"
020800002013,208,02080000,Norfolk,2013,887,"7,567,558","6,205,265",18.05,"3,270,355",0,"9,475,620"
020800002014,208,02080000,Norfolk,2014,847,"7,354,058","6,196,881",17.50,"3,291,530",0,"9,488,411"
020800002015,208,02080000,Norfolk,2015,835,"7,315,213","6,240,752",17.50,"3,312,405",0,"9,553,157"
020800002016,208,02080000,Norfolk,2016,803,"7,167,206","6,157,870",17.50,"3,332,480",0,"9,490,350"
020800002017,208,02080000,Norfolk,2017,865,"7,797,859","6,475,611",17.50,"3,380,055",0,"9,855,666"
020800002018,208,02080000,Norfolk,2018,892,"8,254,868","6,844,844",17.50,"3,406,815",0,"10,251,659"
020800002019,208,02080000,Norfolk,2019,903,"8,641,113","7,128,918",17.50,"3,433,905",0,"10,562,823"
020800002020,208,02080000,Norfolk,2020,916,"9,114,958","7,519,840",17.50,"3,461,385",0,"10,981,225"
020800002021,208,02080000,Norfolk,2021,944,"9,555,961","7,883,668",17.50,"3,461,385",0,"11,345,053"
020800002022,208,02080000,Norfolk,2022,968,"10,190,817","8,337,473",17.50,"3,490,425",0,"11,827,898"
020900002007,209,02090000,North Adams,2007,"1,833","15,487,886","2,982,732",73.89,"13,921,926",0,"16,904,658"
020900002008,209,02090000,North Adams,2008,"1,798","16,104,425","3,199,929",74.18,"14,379,275",0,"17,579,204"
020900002009,209,02090000,North Adams,2009,"1,709","16,069,534","3,273,841",73.95,"14,464,725",0,"17,738,566"
020900002010,209,02090000,North Adams,2010,"1,613","15,683,926","4,425,733",71.78,"14,175,431",0,"18,601,164"
020900002011,209,02090000,North Adams,2011,"1,574","15,476,062","4,393,858",72.28,"13,347,304",0,"17,741,162"
020900002012,209,02090000,North Adams,2012,"1,545","15,392,111","4,489,714",70.24,"13,418,958",0,"17,908,672"
020900002013,209,02090000,North Adams,2013,"1,534","15,076,473","4,662,123",68.03,"13,480,318",0,"18,142,441"
020900002014,209,02090000,North Adams,2014,"1,505","15,891,429","4,776,899",68.78,"13,517,943",0,"18,294,842"
020900002015,209,02090000,North Adams,2015,"1,554","16,417,451","4,941,966",69.87,"13,556,793",0,"18,498,759"
020900002016,209,02090000,North Adams,2016,"1,545","16,664,714","5,074,150",69.86,"13,595,418",0,"18,669,568"
020900002017,209,02090000,North Adams,2017,"1,477","16,484,835","5,063,315",69.53,"13,676,653",0,"18,739,968"
020900002018,209,02090000,North Adams,2018,"1,506","17,145,310","5,100,302",70.55,"13,721,833",0,"18,822,135"
020900002019,209,02090000,North Adams,2019,"1,485","17,356,232","5,097,649",70.63,"13,766,383",0,"18,864,032"
020900002020,209,02090000,North Adams,2020,"1,444","17,859,475","5,053,318",71.71,"13,809,703",0,"18,863,021"
020900002021,209,02090000,North Adams,2021,"1,424","18,178,355","5,057,245",71.69,"13,809,703",0,"18,866,948"
020900002022,209,02090000,North Adams,2022,"1,308","17,897,202","5,027,520",71.83,"13,848,943",0,"18,876,463"
021000002007,210,02100000,Northampton,2007,"2,928","23,515,503","17,537,821",29.91,"6,925,716",0,"24,463,537"
021000002008,210,02100000,Northampton,2008,"2,858","23,897,225","17,925,565",28.68,"7,068,616",0,"24,994,181"
021000002009,210,02100000,Northampton,2009,"2,828","25,081,307","18,789,705",25.99,"7,376,359",0,"26,166,064"
021000002010,210,02100000,Northampton,2010,"2,799","25,514,472","19,225,734",24.65,"7,228,831",0,"26,454,565"
021000002011,210,02100000,Northampton,2011,"2,740","24,684,605","19,535,341",22.19,"6,806,523",0,"26,341,864"
021000002012,210,02100000,Northampton,2012,"2,741","25,014,295","20,035,749",18.80,"6,843,064",0,"26,878,813"
021000002013,210,02100000,Northampton,2013,"2,776","26,386,689","20,803,896",21.30,"6,954,104",0,"27,758,000"
021000002014,210,02100000,Northampton,2014,"2,773","26,834,027","21,624,168",18.31,"7,023,429",0,"28,647,597"
021000002015,210,02100000,Northampton,2015,"2,805","27,395,101","22,476,877",18.49,"7,093,554",0,"29,570,431"
021000002016,210,02100000,Northampton,2016,"2,767","27,323,757","22,846,792",17.50,"7,162,729",0,"30,009,521"
021000002017,210,02100000,Northampton,2017,"2,742","27,410,585","22,747,409",17.50,"7,313,539",0,"30,060,948"
021000002018,210,02100000,Northampton,2018,"2,746","27,919,380","23,143,930",17.50,"7,395,919",0,"30,539,849"
021000002019,210,02100000,Northampton,2019,"2,713","28,576,805","23,575,863",17.50,"7,477,309",0,"31,053,172"
021000002020,210,02100000,Northampton,2020,"2,702","30,030,364","24,547,028",17.50,"7,558,369",0,"32,105,397"
021000002021,210,02100000,Northampton,2021,"2,745","31,063,339","25,627,255",17.50,"7,558,369",0,"33,185,624"
021000002022,210,02100000,Northampton,2022,"2,656","30,678,559","25,309,811",17.50,"7,638,049",0,"32,947,860"
021100002007,211,02110000,North Andover,2007,"4,525","33,510,013","29,846,221",17.50,"4,649,317",0,"34,495,538"
021100002008,211,02110000,North Andover,2008,"4,492","34,908,316","30,883,606",17.50,"5,087,208",0,"35,970,814"
021100002009,211,02110000,North Andover,2009,"4,516","37,117,714","31,904,083",17.50,"5,551,977","126,423","37,456,060"
021100002010,211,02110000,North Andover,2010,"4,547","38,689,088","32,219,076",17.50,"5,440,937",0,"37,660,013"
021100002011,211,02110000,North Andover,2011,"4,514","37,806,576","32,564,460",17.50,"6,092,035",0,"38,656,495"
021100002012,211,02110000,North Andover,2012,"4,550","38,936,234","33,092,191",17.50,"6,124,740",0,"39,216,931"
021100002013,211,02110000,North Andover,2013,"4,562","40,712,824","34,010,095",17.50,"6,808,233","577,989","40,818,328"
021100002014,211,02110000,North Andover,2014,"4,658","42,340,330","35,385,415",17.50,"7,068,576","146,682","42,453,991"
021100002015,211,02110000,North Andover,2015,"4,687","43,286,349","36,224,040",17.50,"7,262,286",0,"43,486,326"
021100002016,211,02110000,North Andover,2016,"4,834","45,462,874","37,541,377",17.50,"7,921,497","659,211","45,462,874"
021100002017,211,02110000,North Andover,2017,"4,736","44,605,187","37,087,784",17.50,"8,181,977",0,"45,269,761"
021100002018,211,02110000,North Andover,2018,"4,811","46,314,261","38,259,940",17.50,"8,326,307",0,"46,586,247"
021100002019,211,02110000,North Andover,2019,"4,847","48,675,062","39,658,845",17.50,"9,016,217","689,910","48,675,062"
021100002020,211,02110000,North Andover,2020,"4,796","50,326,384","41,262,379",17.50,"9,160,097","47,788","50,422,476"
021100002021,211,02110000,North Andover,2021,"4,704","50,577,444","41,726,391",17.50,"9,160,097",0,"50,886,488"
021100002022,211,02110000,North Andover,2022,"4,600","51,229,168","42,264,063",17.50,"9,298,097",0,"51,562,160"
021200002007,212,02120000,North Attleborough,2007,"4,653","34,913,727","15,594,284",41.80,"19,319,443","882,478","34,913,727"
021200002008,212,02120000,North Attleborough,2008,"4,713","37,024,105","16,763,755",41.08,"20,260,350","940,907","37,024,105"
021200002009,212,02120000,North Attleborough,2009,"4,703","38,863,803","17,813,103",40.83,"21,050,700","790,350","38,863,803"
021200002010,212,02120000,North Attleborough,2010,"4,662","39,803,853","20,703,716",40.02,"20,629,686",0,"41,333,402"
021200002011,212,02120000,North Attleborough,2011,"4,661","39,026,226","21,382,362",39.50,"19,424,502",0,"40,806,864"
021200002012,212,02120000,North Attleborough,2012,"4,620","39,843,826","21,810,997",40.73,"19,528,781",0,"41,339,778"
021200002013,212,02120000,North Attleborough,2013,"4,597","41,161,023","22,566,227",40.48,"19,712,661",0,"42,278,888"
021200002014,212,02120000,North Attleborough,2014,"4,577","41,797,469","23,207,648",41.10,"19,827,086",0,"43,034,734"
021200002015,212,02120000,North Attleborough,2015,"4,586","42,114,635","24,223,806",37.20,"19,941,736",0,"44,165,542"
021200002016,212,02120000,North Attleborough,2016,"4,558","42,858,323","25,023,400",40.12,"20,055,686",0,"45,079,086"
021200002017,212,02120000,North Attleborough,2017,"4,395","41,721,975","25,316,072",39.36,"20,297,411",0,"45,613,483"
021200002018,212,02120000,North Attleborough,2018,"4,346","42,205,784","25,945,113",38.47,"20,427,791",0,"46,372,904"
021200002019,212,02120000,North Attleborough,2019,"4,296","43,299,173","26,709,708",38.31,"20,556,671",0,"47,266,379"
021200002020,212,02120000,North Attleborough,2020,"4,179","44,126,489","26,972,001",38.88,"20,682,041",0,"47,654,042"
021200002021,212,02120000,North Attleborough,2021,"4,170","45,073,174","28,270,188",37.28,"20,682,041",0,"48,952,229"
021200002022,212,02120000,North Attleborough,2022,"4,093","45,683,012","29,002,278",36.51,"20,804,831",0,"49,807,109"
021300002007,213,02130000,Northborough,2007,"1,854","13,031,020","10,898,179",26.72,"2,763,949",0,"13,662,128"
021300002008,213,02130000,Northborough,2008,"1,814","13,379,613","10,658,966",28.60,"3,082,735",0,"13,741,701"
021300002009,213,02130000,Northborough,2009,"1,786","13,939,628","10,678,879",27.87,"3,347,474","178,014","14,026,353"
021300002010,213,02130000,Northborough,2010,"1,798","14,512,146","11,014,309",28.66,"3,280,525",0,"14,294,834"
021300002011,213,02130000,Northborough,2011,"1,816","14,386,024","11,224,364",26.53,"3,293,494",0,"14,517,858"
021300002012,213,02130000,Northborough,2012,"1,838","14,878,106","11,738,874",23.77,"3,311,175",0,"15,050,049"
021300002013,213,02130000,Northborough,2013,"1,859","15,714,471","12,259,650",26.24,"3,621,985","143,646","15,881,635"
021300002014,213,02130000,Northborough,2014,"1,844","15,886,380","12,722,162",21.36,"3,668,085",0,"16,390,247"
021300002015,213,02130000,Northborough,2015,"1,779","15,486,012","13,010,542",17.50,"3,712,560",0,"16,723,102"
021300002016,213,02130000,Northborough,2016,"1,755","15,526,446","13,153,691",19.12,"3,756,435",0,"16,910,126"
021300002017,213,02130000,Northborough,2017,"1,697","15,196,910","12,701,763",17.50,"3,849,770",0,"16,551,533"
021300002018,213,02130000,Northborough,2018,"1,642","15,015,401","12,501,814",17.50,"3,899,030",0,"16,400,844"
021300002019,213,02130000,Northborough,2019,"1,608","15,211,638","12,549,602",17.50,"3,947,270",0,"16,496,872"
021300002020,213,02130000,Northborough,2020,"1,541","15,348,450","12,662,472",17.50,"3,993,500",0,"16,655,972"
021300002021,213,02130000,Northborough,2021,"1,540","15,653,168","12,913,864",17.50,"3,993,500",0,"16,907,364"
021300002022,213,02130000,Northborough,2022,"1,567","16,551,244","13,451,109",17.50,"4,040,510",0,"17,491,619"
021400002007,214,02140000,Northbridge,2007,"2,548","19,859,815","6,987,828",55.35,"13,322,608",0,"20,310,436"
021400002008,214,02140000,Northbridge,2008,"2,587","21,326,301","7,490,514",54.02,"14,114,803","513,179","21,605,317"
021400002009,214,02140000,Northbridge,2009,"2,510","21,595,688","7,937,843",52.74,"14,256,878",0,"22,194,721"
021400002010,214,02140000,Northbridge,2010,"2,519","22,343,514","8,072,415",53.03,"13,971,740",0,"22,044,155"
021400002011,214,02140000,Northbridge,2011,"2,514","22,038,685","8,329,249",53.13,"13,446,387","9,181","21,775,636"
021400002012,214,02140000,Northbridge,2012,"2,515","22,423,099","8,388,993",54.00,"14,034,106","515,533","22,423,099"
021400002013,214,02140000,Northbridge,2013,"2,562","23,980,197","8,893,916",53.80,"15,086,281","1,052,175","23,980,197"
021400002014,214,02140000,Northbridge,2014,"2,551","24,363,999","9,349,395",53.98,"15,150,056",0,"24,499,451"
021400002015,214,02140000,Northbridge,2015,"2,566","24,874,348","9,900,452",53.38,"15,214,206",0,"25,114,658"
021400002016,214,02140000,Northbridge,2016,"2,435","24,091,598","10,435,707",49.88,"15,275,081",0,"25,710,788"
021400002017,214,02140000,Northbridge,2017,"2,342","23,427,189","10,848,805",50.44,"15,403,891",0,"26,252,696"
021400002018,214,02140000,Northbridge,2018,"2,305","23,615,219","11,369,969",50.01,"15,473,041",0,"26,843,010"
021400002019,214,02140000,Northbridge,2019,"2,230","23,583,382","11,810,469",47.79,"15,539,941",0,"27,350,410"
021400002020,214,02140000,Northbridge,2020,"2,133","23,912,162","12,120,372",46.78,"15,603,931",0,"27,724,303"
021400002021,214,02140000,Northbridge,2021,"2,074","23,651,358","12,499,433",45.82,"15,603,931",0,"28,103,364"
021400002022,214,02140000,Northbridge,2022,"2,023","24,066,340","12,899,827",44.76,"15,664,621",0,"28,564,448"
021500002007,215,02150000,North Brookfield,2007,834,"6,571,911","2,316,586",62.93,"4,326,993",0,"6,643,579"
021500002008,215,02150000,North Brookfield,2008,801,"6,609,237","2,348,384",62.02,"4,367,043",0,"6,715,427"
021500002009,215,02150000,North Brookfield,2009,775,"6,747,318","2,443,115",61.24,"4,451,604",0,"6,894,719"
021500002010,215,02150000,North Brookfield,2010,728,"6,520,066","2,624,892",58.65,"4,362,572",0,"6,987,464"
021500002011,215,02150000,North Brookfield,2011,689,"6,139,849","2,611,475",58.05,"4,107,711",0,"6,719,186"
021500002012,215,02150000,North Brookfield,2012,653,"6,001,485","2,543,410",57.80,"4,129,763",0,"6,673,173"
021500002013,215,02150000,North Brookfield,2013,640,"6,089,694","2,658,631",55.96,"4,155,363",0,"6,813,994"
021500002014,215,02150000,North Brookfield,2014,635,"6,187,292","2,707,976",55.07,"4,171,238",0,"6,879,214"
021500002015,215,02150000,North Brookfield,2015,639,"6,138,608","2,853,212",53.65,"4,187,213",0,"7,040,425"
021500002016,215,02150000,North Brookfield,2016,635,"6,330,664","2,902,390",55.50,"4,203,088",0,"7,105,478"
021500002017,215,02150000,North Brookfield,2017,606,"6,192,392","2,909,397",53.39,"4,236,418",0,"7,145,815"
021500002018,215,02150000,North Brookfield,2018,596,"6,199,650","2,812,304",55.02,"4,254,298",0,"7,066,602"
021500002019,215,02150000,North Brookfield,2019,609,"6,455,724","2,876,546",55.44,"4,272,568",0,"7,149,114"
021500002020,215,02150000,North Brookfield,2020,609,"6,861,155","2,904,011",57.67,"4,290,838",0,"7,194,849"
021500002021,215,02150000,North Brookfield,2021,609,"6,921,441","2,970,928",57.08,"4,290,838",0,"7,261,766"
021500002022,215,02150000,North Brookfield,2022,573,"6,863,579","3,115,388",54.61,"4,308,028",0,"7,423,416"
021600002007,216,02160000,Northfield,2007,0,0,0,48.29,0,0,0
021600002008,216,02160000,Northfield,2008,0,0,0,46.16,0,0,0
021600002009,216,02160000,Northfield,2009,0,0,0,47.90,0,0,0
021600002010,216,02160000,Northfield,2010,0,0,0,46.84,0,0,0
021600002011,216,02160000,Northfield,2011,0,0,0,47.12,0,0,0
021600002012,216,02160000,Northfield,2012,0,0,0,46.50,0,0,0
021600002013,216,02160000,Northfield,2013,0,0,0,47.02,0,0,0
021600002014,216,02160000,Northfield,2014,0,0,0,40.04,0,0,0
021600002015,216,02160000,Northfield,2015,0,0,0,38.74,0,0,0
021600002016,216,02160000,Northfield,2016,2,"26,400","17,135",35.66,"9,265","9,265","26,400"
021600002017,216,02160000,Northfield,2017,1,"13,171","9,108",31.04,"9,265",0,"18,373"
021600002018,216,02160000,Northfield,2018,0,0,0,28.19,0,0,0
021600002019,216,02160000,Northfield,2019,0,0,0,26.50,0,0,0
021600002020,216,02160000,Northfield,2020,0,0,0,30.08,0,0,0
021600002021,216,02160000,Northfield,2021,1,"14,658","10,697",27.02,"3,986","3,961","14,683"
021600002022,216,02160000,Northfield,2022,1,"14,953","11,661",22.01,"4,016",0,"15,677"
021700002007,217,02170000,North Reading,2007,"2,666","20,183,618","15,266,492",22.58,"4,917,126","1,132,322","20,183,618"
021700002008,217,02170000,North Reading,2008,"2,676","21,182,765","15,869,112",24.80,"5,313,653","396,527","21,182,765"
021700002009,217,02170000,North Reading,2009,"2,714","22,674,353","16,503,487",26.02,"6,170,866","857,213","22,674,353"
021700002010,217,02170000,North Reading,2010,"2,713","23,612,464","16,789,073",24.37,"6,047,449",0,"22,836,522"
021700002011,217,02170000,North Reading,2011,"2,657","22,639,942","17,274,696",24.48,"6,424,769",0,"23,699,465"
021700002012,217,02170000,North Reading,2012,"2,609","22,670,247","17,894,010",22.02,"6,459,260",0,"24,353,270"
021700002013,217,02170000,North Reading,2013,"2,571","23,098,275","18,576,477",20.07,"6,562,100",0,"25,138,577"
021700002014,217,02170000,North Reading,2014,"2,541","23,398,818","19,321,117",17.50,"6,625,625",0,"25,946,742"
021700002015,217,02170000,North Reading,2015,"2,545","23,706,841","19,832,830",17.50,"6,739,782",0,"26,572,612"
021700002016,217,02170000,North Reading,2016,"2,501","23,928,341","20,127,141",17.50,"6,802,307",0,"26,929,448"
021700002017,217,02170000,North Reading,2017,"2,466","23,635,143","19,692,373",17.50,"6,937,937",0,"26,630,310"
021700002018,217,02170000,North Reading,2018,"2,426","23,960,206","19,895,201",17.50,"7,010,717",0,"26,905,918"
021700002019,217,02170000,North Reading,2019,"2,427","24,928,075","20,565,663",17.50,"7,083,527",0,"27,649,190"
021700002020,217,02170000,North Reading,2020,"2,347","25,154,643","20,752,580",17.50,"7,153,937",0,"27,906,517"
021700002021,217,02170000,North Reading,2021,"2,320","25,345,400","20,909,956",17.50,"7,153,937",0,"28,063,893"
021700002022,217,02170000,North Reading,2022,"2,243","25,122,868","20,726,365",17.50,"7,221,227",0,"27,947,592"
021800002007,218,02180000,Norton,2007,"3,162","23,419,989","11,653,397",46.04,"12,175,056",0,"23,828,453"
021800002008,218,02180000,Norton,2008,"3,104","24,274,094","12,205,403",45.18,"12,560,940",0,"24,766,343"
021800002009,218,02180000,Norton,2009,"3,082","25,467,467","12,826,588",44.72,"13,094,617","79,939","25,921,205"
021800002010,218,02180000,Norton,2010,"2,995","25,652,703","13,933,589",45.68,"12,832,725",0,"26,766,314"
021800002011,218,02180000,Norton,2011,"2,953","24,934,930","14,175,872",44.87,"12,083,038",0,"26,258,910"
021800002012,218,02180000,Norton,2012,"2,912","25,121,296","14,682,739",41.88,"12,147,905",0,"26,830,644"
021800002013,218,02180000,Norton,2013,"2,803","25,245,342","15,231,907",40.01,"12,260,025",0,"27,491,932"
021800002014,218,02180000,Norton,2014,"2,746","25,252,431","15,724,845",37.49,"12,328,675",0,"28,053,520"
021800002015,218,02180000,Norton,2015,"2,685","24,839,826","15,755,447",37.86,"12,395,800",0,"28,151,247"
021800002016,218,02180000,Norton,2016,"2,611","24,716,889","15,884,891",37.97,"12,461,075",0,"28,345,966"
021800002017,218,02180000,Norton,2017,"2,583","24,673,640","15,870,288",36.20,"12,603,140",0,"28,473,428"
021800002018,218,02180000,Norton,2018,"2,517","24,605,799","16,138,030",34.57,"12,678,650",0,"28,816,680"
021800002019,218,02180000,Norton,2019,"2,524","25,627,291","16,534,896",35.48,"12,754,400",0,"29,289,296"
021800002020,218,02180000,Norton,2020,"2,433","25,977,851","17,399,530",30.84,"12,827,390",0,"30,226,920"
021800002021,218,02180000,Norton,2021,"2,400","26,443,914","18,367,335",30.54,"12,827,390",0,"31,194,725"
021800002022,218,02180000,Norton,2022,"2,301","26,330,388","18,951,479",27.97,"12,896,420",0,"31,847,899"
021900002007,219,02190000,Norwell,2007,"2,137","16,098,435","14,916,801",17.50,"2,207,571",0,"17,124,372"
021900002008,219,02190000,Norwell,2008,"2,193","17,382,511","15,372,590",17.50,"2,457,882",0,"17,830,472"
021900002009,219,02190000,Norwell,2009,"2,226","18,475,933","15,697,102",17.50,"2,778,831","320,949","18,475,933"
021900002010,219,02190000,Norwell,2010,"2,252","19,354,659","16,176,665",17.50,"2,723,254",0,"18,899,919"
021900002011,219,02190000,Norwell,2011,"2,267","19,154,668","16,412,838",17.50,"2,992,336",0,"19,405,174"
021900002012,219,02190000,Norwell,2012,"2,266","19,420,562","16,745,375",17.50,"3,008,400",0,"19,753,775"
021900002013,219,02190000,Norwell,2013,"2,268","20,138,620","17,114,763",17.50,"3,148,957","15,457","20,263,720"
021900002014,219,02190000,Norwell,2014,"2,255","20,549,301","17,494,372",17.50,"3,260,750",0,"20,755,122"
021900002015,219,02190000,Norwell,2015,"2,210","20,295,768","17,370,172",17.50,"3,362,603",0,"20,732,775"
021900002016,219,02190000,Norwell,2016,"2,202","20,603,272","17,503,826",17.50,"3,417,653",0,"20,921,479"
021900002017,219,02190000,Norwell,2017,"2,151","20,258,808","16,921,990",17.50,"3,535,958",0,"20,457,948"
021900002018,219,02190000,Norwell,2018,"2,145","20,701,123","17,167,966",17.50,"3,600,308",0,"20,768,274"
021900002019,219,02190000,Norwell,2019,"2,147","21,451,764","17,697,705",17.50,"3,754,059","153,751","21,451,764"
021900002020,219,02190000,Norwell,2020,"2,143","22,329,816","18,350,859",17.50,"4,011,711","224,898","22,362,570"
021900002021,219,02190000,Norwell,2021,"2,153","22,887,278","18,882,004",17.50,"4,011,711",0,"22,893,715"
021900002022,219,02190000,Norwell,2022,"2,138","23,347,458","19,261,653",17.50,"4,092,385","74,094","23,354,038"
022000002007,220,02200000,Norwood,2007,"3,651","29,886,710","27,700,512",18.38,"3,933,871",0,"31,634,383"
022000002008,220,02200000,Norwood,2008,"3,524","30,207,570","28,071,619",19.65,"4,534,446",0,"32,606,065"
022000002009,220,02200000,Norwood,2009,"3,519","31,869,889","28,472,241",20.40,"5,183,560",0,"33,655,801"
022000002010,220,02200000,Norwood,2010,"3,486","32,601,764","28,057,436",20.25,"5,079,889",0,"33,137,325"
022000002011,220,02200000,Norwood,2011,"3,473","31,939,204","28,648,256",19.74,"4,783,122",0,"33,431,378"
022000002012,220,02200000,Norwood,2012,"3,481","32,665,738","29,934,115",17.50,"4,808,800",0,"34,742,915"
022000002013,220,02200000,Norwood,2013,"3,504","34,403,460","30,967,635",17.50,"5,111,751",0,"36,079,386"
022000002014,220,02200000,Norwood,2014,"3,555","35,162,877","32,031,042",17.50,"5,372,189",0,"37,403,231"
022000002015,220,02200000,Norwood,2015,"3,491","35,458,013","31,475,235",17.50,"5,663,726",0,"37,138,961"
022000002016,220,02200000,Norwood,2016,"3,492","36,030,240","31,220,839",17.50,"5,751,026",0,"36,971,865"
022000002017,220,02200000,Norwood,2017,"3,470","36,087,087","30,230,754",17.50,"5,941,876","105,307","36,172,630"
022000002018,220,02200000,Norwood,2018,"3,442","36,598,980","30,391,526",17.50,"6,207,454","265,578","36,598,980"
022000002019,220,02200000,Norwood,2019,"3,431","38,062,700","31,401,727",17.50,"6,660,973","453,519","38,062,700"
022000002020,220,02200000,Norwood,2020,"3,460","40,452,845","32,400,134",17.50,"8,052,711","1,391,738","40,452,845"
022000002021,220,02200000,Norwood,2021,"3,531","42,697,305","33,534,173",17.50,"9,166,992","1,110,421","42,701,165"
022000002022,220,02200000,Norwood,2022,"3,494","43,678,903","34,547,211",17.50,"9,271,812",0,"43,819,023"
022100002007,221,02210000,Oak Bluffs,2007,415,"3,068,927","2,724,857",17.50,"567,385",0,"3,292,242"
022100002008,221,02210000,Oak Bluffs,2008,450,"3,482,508","2,861,389",17.50,"639,762","53,734","3,501,151"
022100002009,221,02210000,Oak Bluffs,2009,434,"3,500,875","2,916,146",17.50,"661,462",0,"3,577,608"
022100002010,221,02210000,Oak Bluffs,2010,427,"3,641,145","3,042,048",17.50,"648,233",0,"3,690,281"
022100002011,221,02210000,Oak Bluffs,2011,400,"3,315,881","2,896,108",17.50,"610,364",0,"3,506,472"
022100002012,221,02210000,Oak Bluffs,2012,400,"3,397,147","2,962,918",17.50,"613,641",0,"3,576,559"
022100002013,221,02210000,Oak Bluffs,2013,384,"3,454,522","3,045,879",17.50,"629,001",0,"3,674,880"
022100002014,221,02210000,Oak Bluffs,2014,408,"3,719,347","3,186,194",17.50,"639,201",0,"3,825,395"
022100002015,221,02210000,Oak Bluffs,2015,409,"3,839,530","3,213,640",17.50,"650,652",0,"3,864,292"
022100002016,221,02210000,Oak Bluffs,2016,434,"4,306,524","3,420,717",17.50,"885,807","235,155","4,306,524"
022100002017,221,02210000,Oak Bluffs,2017,445,"4,345,993","3,494,124",17.50,"910,282",0,"4,404,406"
022100002018,221,02210000,Oak Bluffs,2018,459,"4,614,741","3,814,150",17.50,"924,052",0,"4,738,202"
022100002019,221,02210000,Oak Bluffs,2019,425,"4,566,696","3,767,524",17.50,"936,832",0,"4,704,356"
022100002020,221,02210000,Oak Bluffs,2020,447,"4,939,843","3,951,377",17.50,"988,466","51,634","4,939,843"
022100002021,221,02210000,Oak Bluffs,2021,447,"5,068,644","3,984,819",17.50,"1,083,825","95,359","5,068,644"
022100002022,221,02210000,Oak Bluffs,2022,438,"5,250,477","4,061,903",17.50,"1,190,134","104,749","5,252,037"
022200002007,222,02220000,Oakham,2007,9,"97,647","23,754",59.19,"73,893","9,704","97,647"
022200002008,222,02220000,Oakham,2008,9,"102,197","24,731",58.06,"77,466","3,573","102,197"
022200002009,222,02220000,Oakham,2009,9,"107,491","27,810",55.70,"80,415","2,215","108,225"
022200002010,222,02220000,Oakham,2010,13,"183,603","66,144",53.58,"78,807",0,"144,951"
022200002011,222,02220000,Oakham,2011,15,"203,636","79,177",51.33,"124,459","11,698","203,636"
022200002012,222,02220000,Oakham,2012,0,0,0,46.32,0,0,0
022200002013,222,02220000,Oakham,2013,0,0,0,45.04,0,0,0
022200002014,222,02220000,Oakham,2014,0,0,0,45.33,0,0,0
022200002015,222,02220000,Oakham,2015,0,0,0,40.00,0,0,0
022200002016,222,02220000,Oakham,2016,1,"13,200","7,320",41.40,"5,880","5,880","13,200"
022200002017,222,02220000,Oakham,2017,1,"13,171","7,638",41.39,"5,880",0,"13,518"
022200002018,222,02220000,Oakham,2018,1,"13,417","8,143",38.62,"5,880",0,"14,023"
022200002019,222,02220000,Oakham,2019,1,"13,837","7,937",40.16,"5,900",20,"13,837"
022200002020,222,02220000,Oakham,2020,1,"14,372","8,519",40.72,"5,900",0,"14,419"
022200002021,222,02220000,Oakham,2021,1,"14,658","8,004",45.39,"6,654",754,"14,658"
022200002022,222,02220000,Oakham,2022,3,"44,858","24,647",43.75,"20,299","13,557","44,946"
022300002007,223,02230000,Orange,2007,709,"5,794,416","1,365,123",74.23,"4,961,898",0,"6,327,021"
022300002008,223,02230000,Orange,2008,692,"5,977,477","1,437,195",74.10,"5,097,546",0,"6,534,741"
022300002009,223,02230000,Orange,2009,717,"6,544,119","1,531,082",73.98,"5,516,748",0,"7,047,830"
022300002010,223,02230000,Orange,2010,707,"6,699,540","1,785,567",73.35,"5,406,413",0,"7,191,980"
022300002011,223,02230000,Orange,2011,707,"6,697,536","1,819,535",73.60,"5,090,570",0,"6,910,105"
022300002012,223,02230000,Orange,2012,658,"6,427,741","1,820,190",71.80,"5,117,899",0,"6,938,089"
022300002013,223,02230000,Orange,2013,622,"6,143,522","1,791,132",71.10,"5,142,779",0,"6,933,911"
022300002014,223,02230000,Orange,2014,617,"6,178,576","1,796,299",71.55,"5,158,204",0,"6,954,503"
022300002015,223,02230000,Orange,2015,621,"6,225,638","1,814,005",71.23,"5,173,729",0,"6,987,734"
022300002016,223,02230000,Orange,2016,626,"6,497,667","1,883,340",71.65,"5,189,379",0,"7,072,719"
022300002017,223,02230000,Orange,2017,596,"6,410,831","1,858,029",71.37,"5,222,159",0,"7,080,188"
022300002018,223,02230000,Orange,2018,615,"6,801,556","1,896,835",72.43,"5,240,609",0,"7,137,444"
022300002019,223,02230000,Orange,2019,614,"6,913,169","1,888,769",72.68,"5,259,029",0,"7,147,798"
022300002020,223,02230000,Orange,2020,613,"7,421,674","1,989,628",72.36,"5,432,046","173,017","7,421,674"
022300002021,223,02230000,Orange,2021,595,"7,238,630","2,020,501",71.37,"5,432,046",0,"7,452,547"
022300002022,223,02230000,Orange,2022,532,"6,806,427","1,964,703",69.78,"5,448,006",0,"7,412,709"
022400002007,224,02240000,Orleans,2007,218,"1,599,992","1,928,689",17.50,"236,862",0,"2,165,551"
022400002008,224,02240000,Orleans,2008,199,"1,527,004","1,747,368",17.50,"246,812",0,"1,994,180"
022400002009,224,02240000,Orleans,2009,187,"1,489,750","1,601,503",17.50,"256,162",0,"1,857,665"
022400002010,224,02240000,Orleans,2010,185,"1,586,853","1,643,573",17.50,"251,039",0,"1,894,612"
022400002011,224,02240000,Orleans,2011,174,"1,471,893","1,497,065",17.50,"236,373",0,"1,733,438"
022400002012,224,02240000,Orleans,2012,181,"1,548,813","1,556,406",17.50,"237,642",0,"1,794,048"
022400002013,224,02240000,Orleans,2013,192,"1,684,181","1,657,933",17.50,"245,322",0,"1,903,255"
022400002014,224,02240000,Orleans,2014,198,"1,746,797","1,713,633",17.50,"250,272",0,"1,963,905"
022400002015,224,02240000,Orleans,2015,212,"1,909,217","1,715,171",17.50,"279,616",0,"1,994,787"
022400002016,224,02240000,Orleans,2016,223,"2,072,440","1,813,057",17.50,"285,191",0,"2,098,248"
022400002017,224,02240000,Orleans,2017,217,"2,091,739","1,737,899",17.50,"353,840","68,649","2,091,739"
022400002018,224,02240000,Orleans,2018,220,"2,186,403","1,814,388",17.50,"372,015","18,175","2,186,403"
022400002019,224,02240000,Orleans,2019,229,"2,345,513","1,934,693",17.50,"410,820","38,805","2,345,513"
022400002020,224,02240000,Orleans,2020,224,"2,457,052","2,027,068",17.50,"429,984","19,164","2,457,052"
022400002021,224,02240000,Orleans,2021,204,"2,333,515","1,925,150",17.50,"429,984",0,"2,355,134"
022400002022,224,02240000,Orleans,2022,183,"2,121,258","1,750,038",17.50,"435,474",0,"2,185,512"
022500002007,225,02250000,Otis,2007,0,0,"1,222",17.50,0,0,"1,222"
022500002008,225,02250000,Otis,2008,0,0,0,17.50,0,0,0
022500002009,225,02250000,Otis,2009,0,0,0,17.50,0,0,0
022500002010,225,02250000,Otis,2010,0,0,0,17.50,0,0,0
022500002011,225,02250000,Otis,2011,0,0,0,17.50,0,0,0
022500002012,225,02250000,Otis,2012,0,0,0,17.50,0,0,0
022500002013,225,02250000,Otis,2013,0,0,0,17.50,0,0,0
022500002014,225,02250000,Otis,2014,0,0,0,17.50,0,0,0
022500002015,225,02250000,Otis,2015,0,0,0,17.50,0,0,0
022500002016,225,02250000,Otis,2016,0,0,0,17.50,0,0,0
022500002017,225,02250000,Otis,2017,0,0,0,17.50,0,0,0
022500002018,225,02250000,Otis,2018,0,0,0,17.50,0,0,0
022500002019,225,02250000,Otis,2019,0,0,0,17.50,0,0,0
022500002020,225,02250000,Otis,2020,0,0,0,17.50,0,0,0
022500002021,225,02250000,Otis,2021,0,0,0,17.50,0,0,0
022500002022,225,02250000,Otis,2022,0,0,0,17.50,0,0,0
022600002007,226,02260000,Oxford,2007,"2,123","16,425,479","7,646,890",53.56,"8,877,524","301,349","16,524,414"
022600002008,226,02260000,Oxford,2008,"2,093","17,109,033","8,150,080",53.05,"9,240,150","81,429","17,390,230"
022600002009,226,02260000,Oxford,2009,"2,030","17,439,260","8,260,539",53.41,"9,416,524",0,"17,677,063"
022600002010,226,02260000,Oxford,2010,"1,993","17,832,935","8,214,327",53.07,"9,228,194",0,"17,442,521"
022600002011,226,02260000,Oxford,2011,"2,025","17,925,539","8,351,513",54.51,"9,390,325","340,162","17,741,838"
022600002012,226,02260000,Oxford,2012,"2,028","18,299,262","8,535,109",53.55,"9,764,153","323,417","18,299,262"
022600002013,226,02260000,Oxford,2013,"2,017","19,039,446","8,878,897",53.01,"10,160,549","396,396","19,039,446"
022600002014,226,02260000,Oxford,2014,"1,962","18,857,809","9,147,593",52.19,"10,209,599",0,"19,357,192"
022600002015,226,02260000,Oxford,2015,"1,942","18,717,633","9,144,757",52.16,"10,258,149",0,"19,402,906"
022600002016,226,02260000,Oxford,2016,"1,934","19,226,331","9,307,209",52.65,"10,306,499",0,"19,613,708"
022600002017,226,02260000,Oxford,2017,"1,849","18,814,493","9,045,951",52.33,"10,408,194",0,"19,454,145"
022600002018,226,02260000,Oxford,2018,"1,785","18,658,337","8,970,216",52.37,"10,461,744",0,"19,431,960"
022600002019,226,02260000,Oxford,2019,"1,767","19,085,189","9,428,164",50.04,"10,514,754",0,"19,942,918"
022600002020,226,02260000,Oxford,2020,"1,738","19,698,237","9,622,553",51.15,"10,566,894",0,"20,189,447"
022600002021,226,02260000,Oxford,2021,"1,655","19,171,590","9,891,135",48.41,"10,566,894",0,"20,458,029"
022600002022,226,02260000,Oxford,2022,"1,563","18,679,880","10,080,418",45.65,"10,613,784",0,"20,694,202"
022700002007,227,02270000,Palmer,2007,"2,011","16,293,473","5,491,599",65.37,"10,828,140","568,949","16,319,739"
022700002008,227,02270000,Palmer,2008,"1,960","16,630,338","5,686,758",64.49,"11,045,384","115,440","16,732,142"
022700002009,227,02270000,Palmer,2009,"1,932","16,912,375","5,850,602",63.98,"11,225,832","16,389","17,076,434"
022700002010,227,02270000,Palmer,2010,"1,891","17,367,768","6,255,521",63.98,"11,001,315",0,"17,256,836"
022700002011,227,02270000,Palmer,2011,"1,806","16,420,213","6,331,779",63.09,"10,463,070",0,"16,794,849"
022700002012,227,02270000,Palmer,2012,"1,692","15,673,258","6,390,223",59.54,"10,519,240",0,"16,909,463"
022700002013,227,02270000,Palmer,2013,"1,656","16,134,047","6,470,869",59.64,"10,585,480",0,"17,056,349"
022700002014,227,02270000,Palmer,2014,"1,626","16,198,576","6,747,578",58.86,"10,626,130",0,"17,373,708"
022700002015,227,02270000,Palmer,2015,"1,533","15,478,309","6,819,446",56.76,"10,664,455",0,"17,483,901"
022700002016,227,02270000,Palmer,2016,"1,501","15,466,730","6,815,260",57.80,"10,701,980",0,"17,517,240"
022700002017,227,02270000,Palmer,2017,"1,494","15,564,758","6,592,394",58.16,"10,784,150",0,"17,376,544"
022700002018,227,02270000,Palmer,2018,"1,495","15,937,384","6,595,198",58.99,"10,829,000",0,"17,424,198"
022700002019,227,02270000,Palmer,2019,"1,471","16,355,731","6,739,159",58.80,"10,873,130",0,"17,612,289"
022700002020,227,02270000,Palmer,2020,"1,417","16,594,240","6,825,833",58.87,"10,915,640",0,"17,741,473"
022700002021,227,02270000,Palmer,2021,"1,413","17,071,235","6,857,027",59.83,"10,915,640",0,"17,772,667"
022700002022,227,02270000,Palmer,2022,"1,318","16,709,438","6,791,117",58.15,"10,955,180",0,"17,746,297"
022800002007,228,02280000,Paxton,2007,0,0,0,28.09,0,0,0
022800002008,228,02280000,Paxton,2008,0,0,0,28.18,0,0,0
022800002009,228,02280000,Paxton,2009,0,0,0,28.56,0,0,0
022800002010,228,02280000,Paxton,2010,0,0,0,29.56,0,0,0
022800002011,228,02280000,Paxton,2011,0,0,0,31.33,0,0,0
022800002012,228,02280000,Paxton,2012,0,0,0,30.12,0,0,0
022800002013,228,02280000,Paxton,2013,0,0,0,34.94,0,0,0
022800002014,228,02280000,Paxton,2014,0,0,0,34.30,0,0,0
022800002015,228,02280000,Paxton,2015,0,0,0,34.90,0,0,0
022800002016,228,02280000,Paxton,2016,0,0,0,31.49,0,0,0
022800002017,228,02280000,Paxton,2017,0,0,0,36.76,0,0,0
022800002018,228,02280000,Paxton,2018,0,0,0,38.90,0,0,0
022800002019,228,02280000,Paxton,2019,1,"13,837","8,832",36.17,"5,026","5,005","13,858"
022800002020,228,02280000,Paxton,2020,1,"14,372","9,461",33.33,"5,026",0,"14,487"
022800002021,228,02280000,Paxton,2021,1,"14,658","9,737",32.79,"5,026",0,"14,763"
022800002022,228,02280000,Paxton,2022,0,0,0,32.02,0,0,0
022900002007,229,02290000,Peabody,2007,"6,621","54,951,902","36,075,831",27.15,"19,286,644","147,791","55,362,475"
022900002008,229,02290000,Peabody,2008,"6,518","56,602,397","38,043,319",27.54,"19,741,190",0,"57,784,509"
022900002009,229,02290000,Peabody,2009,"6,317","58,044,809","39,953,502",26.13,"20,118,092",0,"60,071,594"
022900002010,229,02290000,Peabody,2010,"6,311","59,750,176","40,112,796",28.88,"19,715,730",0,"59,828,526"
022900002011,229,02290000,Peabody,2011,"6,178","57,582,047","41,285,234",26.98,"18,563,939",0,"59,849,173"
022900002012,229,02290000,Peabody,2012,"6,178","59,014,857","42,743,764",28.24,"18,663,598",0,"61,407,362"
022900002013,229,02290000,Peabody,2013,"6,078","60,749,407","44,345,547",27.54,"18,906,718",0,"63,252,265"
022900002014,229,02290000,Peabody,2014,"6,098","62,298,320","45,533,417",29.41,"19,059,168",0,"64,592,585"
022900002015,229,02290000,Peabody,2015,"5,990","61,102,630","44,118,255",29.78,"18,472,707",0,"62,590,962"
022900002016,229,02290000,Peabody,2016,"5,970","62,367,588","45,733,796",27.77,"18,747,217",0,"64,481,013"
022900002017,229,02290000,Peabody,2017,"5,877","62,459,204","44,792,470",28.84,"19,070,452",0,"63,862,922"
022900002018,229,02290000,Peabody,2018,"5,892","63,749,466","45,449,042",28.77,"19,247,212",0,"64,696,254"
022900002019,229,02290000,Peabody,2019,"5,882","65,184,413","46,771,496",28.25,"19,423,672",0,"66,195,168"
022900002020,229,02290000,Peabody,2020,"5,936","69,609,817","48,453,163",29.43,"21,156,654","1,732,982","69,609,817"
022900002021,229,02290000,Peabody,2021,"5,983","72,290,192","50,135,481",30.12,"22,171,771","998,057","72,307,252"
022900002022,229,02290000,Peabody,2022,"5,877","74,033,831","50,930,549",29.00,"23,103,282","931,511","74,033,831"
023000002007,230,02300000,Pelham,2007,101,"749,940","643,809",46.78,"164,607",0,"808,416"
023000002008,230,02300000,Pelham,2008,96,"733,964","561,236",43.40,"210,787","8,121","772,023"
023000002009,230,02300000,Pelham,2009,85,"674,439","490,547",41.31,"233,169",0,"723,716"
023000002010,230,02300000,Pelham,2010,81,"670,880","496,664",33.09,"228,505",0,"725,169"
023000002011,230,02300000,Pelham,2011,81,"663,890","481,763",33.91,"215,156",0,"696,919"
023000002012,230,02300000,Pelham,2012,68,"580,669","480,192",27.14,"216,311",0,"696,503"
023000002013,230,02300000,Pelham,2013,63,"560,019","482,745",21.76,"218,831",0,"701,576"
023000002014,230,02300000,Pelham,2014,67,"655,277","566,477",17.50,"220,506",0,"786,983"
023000002015,230,02300000,Pelham,2015,70,"689,081","620,173",17.50,"222,256",0,"842,429"
023000002016,230,02300000,Pelham,2016,73,"696,612","626,950",17.50,"224,081",0,"851,031"
023000002017,230,02300000,Pelham,2017,74,"724,220","609,074",17.50,"228,151",0,"837,225"
023000002018,230,02300000,Pelham,2018,81,"830,021","620,333",17.50,"230,581",0,"850,914"
023000002019,230,02300000,Pelham,2019,83,"859,407","668,413",17.50,"233,071",0,"901,484"
023000002020,230,02300000,Pelham,2020,82,"905,330","687,532",17.60,"235,531",0,"923,063"
023000002021,230,02300000,Pelham,2021,84,"928,975","690,492",20.13,"238,483","2,952","928,975"
023000002022,230,02300000,Pelham,2022,70,"782,638","645,677",17.50,"240,583",0,"886,260"
023100002007,231,02310000,Pembroke,2007,"3,231","24,815,140","14,742,688",41.25,"10,072,452","1,603,228","24,815,140"
023100002008,231,02310000,Pembroke,2008,"3,334","26,921,545","15,414,393",42.95,"11,507,152","1,434,700","26,921,545"
023100002009,231,02310000,Pembroke,2009,"3,352","28,631,944","16,182,768",43.85,"12,449,176","942,024","28,631,944"
023100002010,231,02310000,Pembroke,2010,"3,382","29,986,707","16,470,418",45.17,"12,200,192",0,"28,670,610"
023100002011,231,02310000,Pembroke,2011,"3,368","29,225,596","16,691,260",44.56,"12,726,668",0,"29,417,928"
023100002012,231,02310000,Pembroke,2012,"3,312","29,344,772","17,053,741",44.00,"12,794,990",0,"29,848,731"
023100002013,231,02310000,Pembroke,2013,"3,269","30,140,603","17,494,279",43.58,"12,925,750",0,"30,420,029"
023100002014,231,02310000,Pembroke,2014,"3,278","30,742,485","17,997,108",43.19,"13,013,732",0,"31,010,840"
023100002015,231,02310000,Pembroke,2015,"3,252","30,579,314","18,171,451",41.88,"13,095,032",0,"31,266,483"
023100002016,231,02310000,Pembroke,2016,"3,179","30,953,452","18,734,967",40.23,"13,174,507",0,"31,909,474"
023100002017,231,02310000,Pembroke,2017,"3,091","30,278,156","18,592,537",38.93,"13,344,512",0,"31,937,049"
023100002018,231,02310000,Pembroke,2018,"3,005","30,076,802","18,988,785",37.06,"13,434,662",0,"32,423,447"
023100002019,231,02310000,Pembroke,2019,"2,902","30,098,845","19,889,115",33.92,"13,521,752",0,"33,410,867"
023100002020,231,02310000,Pembroke,2020,"2,900","31,408,204","20,722,469",33.54,"13,608,752",0,"34,331,221"
023100002021,231,02310000,Pembroke,2021,"2,854","31,797,806","21,249,366",33.17,"13,608,752",0,"34,858,118"
023100002022,231,02310000,Pembroke,2022,"2,740","31,570,380","21,759,351",30.65,"13,690,952",0,"35,450,303"
023200002007,232,02320000,Pepperell,2007,1,"10,850","4,054",51.83,"8,308",0,"12,362"
023200002008,232,02320000,Pepperell,2008,1,"11,355","4,893",52.05,"8,571",0,"13,464"
023200002009,232,02320000,Pepperell,2009,1,"11,943","5,146",52.07,"8,877",0,"14,023"
023200002010,232,02320000,Pepperell,2010,0,0,0,52.23,"8,699",0,"8,699"
023200002011,232,02320000,Pepperell,2011,0,0,0,51.67,0,0,0
023200002012,232,02320000,Pepperell,2012,0,0,0,49.81,0,0,0
023200002013,232,02320000,Pepperell,2013,0,0,0,48.92,0,0,0
023200002014,232,02320000,Pepperell,2014,0,0,0,45.85,0,0,0
023200002015,232,02320000,Pepperell,2015,0,0,0,45.65,0,0,0
023200002016,232,02320000,Pepperell,2016,0,0,0,44.92,0,0,0
023200002017,232,02320000,Pepperell,2017,0,0,0,43.12,0,0,0
023200002018,232,02320000,Pepperell,2018,0,0,0,43.79,0,0,0
023200002019,232,02320000,Pepperell,2019,0,0,0,42.06,0,0,0
023200002020,232,02320000,Pepperell,2020,0,0,0,40.12,0,0,0
023200002021,232,02320000,Pepperell,2021,0,0,0,40.14,0,0,0
023200002022,232,02320000,Pepperell,2022,0,0,0,34.78,0,0,0
023300002007,233,02330000,Peru,2007,9,"97,647","29,593",71.86,"71,992","31,033","101,585"
023300002008,233,02330000,Peru,2008,7,"79,487","29,514",69.05,"72,342",0,"101,856"
023300002009,233,02330000,Peru,2009,9,"107,491","39,254",68.51,"91,528",0,"130,782"
023300002010,233,02330000,Peru,2010,8,"98,453","35,805",63.89,"89,697",0,"125,502"
023300002011,233,02330000,Peru,2011,7,"84,251","35,751",59.94,"84,251",0,"120,002"
023300002012,233,02330000,Peru,2012,6,"73,500","33,517",54.51,"73,500",0,"107,017"
023300002013,233,02330000,Peru,2013,6,"76,183","35,598",53.20,"73,500",0,"109,098"
023300002014,233,02330000,Peru,2014,8,"103,152","50,799",49.79,"73,500",0,"124,299"
023300002015,233,02330000,Peru,2015,9,"117,044","56,662",51.83,"73,500",0,"130,162"
023300002016,233,02330000,Peru,2016,8,"105,600","54,600",49.06,"73,500",0,"128,100"
023300002017,233,02330000,Peru,2017,11,"170,157","80,315",53.23,"89,842","16,342","170,157"
023300002018,233,02330000,Peru,2018,8,"107,335","47,752",56.18,"89,842",0,"137,594"
023300002019,233,02330000,Peru,2019,8,"110,697","49,777",55.03,"89,842",0,"139,619"
023300002020,233,02330000,Peru,2020,8,"114,974","52,709",52.22,"89,842",0,"142,551"
023300002021,233,02330000,Peru,2021,8,"117,262","58,074",43.51,"89,842",0,"147,916"
023300002022,233,02330000,Peru,2022,9,"134,575","64,606",51.99,"90,112",0,"154,718"
023400002007,234,02340000,Petersham,2007,122,"887,914","484,109",48.42,"403,805","69,591","887,914"
023400002008,234,02340000,Petersham,2008,119,"910,108","464,081",50.53,"446,027","42,222","910,108"
023400002009,234,02340000,Petersham,2009,107,"884,202","440,655",49.59,"451,377",0,"892,032"
023400002010,234,02340000,Petersham,2010,85,"727,845","387,334",46.78,"442,349",0,"829,683"
023400002011,234,02340000,Petersham,2011,75,"686,762","379,916",46.46,"416,507",0,"796,423"
023400002012,234,02340000,Petersham,2012,66,"656,168","383,839",42.45,"418,743",0,"802,582"
023400002013,234,02340000,Petersham,2013,66,"637,666","396,428",39.94,"421,383",0,"817,811"
023400002014,234,02340000,Petersham,2014,60,"594,229","438,845",31.24,"422,883",0,"861,728"
023400002015,234,02340000,Petersham,2015,57,"566,087","454,106",23.10,"424,308",0,"878,414"
023400002016,234,02340000,Petersham,2016,58,"611,232","479,273",23.72,"425,758",0,"905,031"
023400002017,234,02340000,Petersham,2017,63,"627,195","512,362",19.33,"429,223",0,"941,585"
023400002018,234,02340000,Petersham,2018,70,"716,629","573,272",20.39,"431,323",0,"1,004,595"
023400002019,234,02340000,Petersham,2019,70,"772,221","581,489",24.70,"433,423",0,"1,014,912"
023400002020,234,02340000,Petersham,2020,70,"825,450","571,360",30.78,"435,523",0,"1,006,883"
023400002021,234,02340000,Petersham,2021,79,"932,985","640,821",29.49,"435,523",0,"1,076,344"
023400002022,234,02340000,Petersham,2022,67,"859,319","588,398",31.53,"437,533",0,"1,025,931"
023500002007,235,02350000,Phillipston,2007,0,0,0,61.55,0,0,0
023500002008,235,02350000,Phillipston,2008,0,0,0,60.37,0,0,0
023500002009,235,02350000,Phillipston,2009,0,0,0,57.19,0,0,0
023500002010,235,02350000,Phillipston,2010,0,0,0,54.58,0,0,0
023500002011,235,02350000,Phillipston,2011,0,0,0,50.76,0,0,0
023500002012,235,02350000,Phillipston,2012,0,0,0,48.12,0,0,0
023500002013,235,02350000,Phillipston,2013,0,0,0,48.86,0,0,0
023500002014,235,02350000,Phillipston,2014,0,0,0,49.62,0,0,0
023500002015,235,02350000,Phillipston,2015,0,0,0,47.55,0,0,0
023500002016,235,02350000,Phillipston,2016,0,0,0,47.94,0,0,0
023500002017,235,02350000,Phillipston,2017,0,0,0,47.36,0,0,0
023500002018,235,02350000,Phillipston,2018,0,0,0,51.69,0,0,0
023500002019,235,02350000,Phillipston,2019,0,0,0,47.88,0,0,0
023500002020,235,02350000,Phillipston,2020,0,0,0,48.33,0,0,0
023500002021,235,02350000,Phillipston,2021,0,0,0,45.77,0,0,0
023500002022,235,02350000,Phillipston,2022,0,0,0,37.36,0,0,0
023600002007,236,02360000,Pittsfield,2007,"6,537","57,082,753","25,485,280",60.92,"31,597,473","3,483,260","57,082,753"
023600002008,236,02360000,Pittsfield,2008,"6,445","59,041,739","25,796,426",61.41,"33,245,313","1,647,840","59,041,739"
023600002009,236,02360000,Pittsfield,2009,"6,372","61,752,173","25,995,833",61.57,"35,756,340","2,511,027","61,752,173"
023600002010,236,02360000,Pittsfield,2010,"6,298","63,207,565","25,852,192",59.62,"35,041,213",0,"60,893,405"
023600002011,236,02360000,Pittsfield,2011,"6,285","62,148,015","25,940,936",59.84,"35,512,358","345,921","61,453,294"
023600002012,236,02360000,Pittsfield,2012,"6,257","63,704,269","26,794,850",58.21,"36,909,419","1,206,415","63,704,269"
023600002013,236,02360000,Pittsfield,2013,"6,205","65,754,170","27,822,547",58.21,"38,017,593","1,022,204","65,840,140"
023600002014,236,02360000,Pittsfield,2014,"6,308","67,796,004","28,757,787",59.07,"39,290,438","1,020,624","68,048,225"
023600002015,236,02360000,Pittsfield,2015,"6,269","67,481,752","29,005,679",58.27,"39,447,163",0,"68,452,842"
023600002016,236,02360000,Pittsfield,2016,"6,192","68,905,112","29,086,218",58.69,"39,818,894","371,731","68,905,112"
023600002017,236,02360000,Pittsfield,2017,"6,115","68,494,174","28,442,404",58.67,"40,155,219","232,876","68,597,623"
023600002018,236,02360000,Pittsfield,2018,"6,026","68,570,958","28,025,316",59.26,"40,545,642","390,423","68,570,958"
023600002019,236,02360000,Pittsfield,2019,"6,009","70,785,983","28,120,602",59.53,"42,665,381","2,119,739","70,785,983"
023600002020,236,02360000,Pittsfield,2020,"6,022","75,857,281","28,171,219",61.21,"47,686,062","5,020,681","75,857,281"
023600002021,236,02360000,Pittsfield,2021,"5,920","76,463,876","28,300,807",61.20,"48,163,069","477,007","76,463,876"
023600002022,236,02360000,Pittsfield,2022,"5,707","79,110,405","29,449,820",62.22,"49,660,585","1,497,516","79,110,405"
023700002007,237,02370000,Plainfield,2007,4,"43,399","22,879",49.37,"30,740","1,533","53,619"
023700002008,237,02370000,Plainfield,2008,6,"68,132","37,773",43.97,"41,615",0,"79,388"
023700002009,237,02370000,Plainfield,2009,8,"95,548","47,108",46.03,"54,235","6,825","101,343"
023700002010,237,02370000,Plainfield,2010,8,"98,453","55,480",44.03,"53,150",0,"108,630"
023700002011,237,02370000,Plainfield,2011,8,"96,287","58,428",42.69,"51,024",0,"109,452"
023700002012,237,02370000,Plainfield,2012,5,"61,250","41,319",34.13,"51,024",0,"92,343"
023700002013,237,02370000,Plainfield,2013,5,"63,486","42,461",29.84,"51,024",0,"93,485"
023700002014,237,02370000,Plainfield,2014,4,"51,576","40,855",22.58,"51,024",0,"91,879"
023700002015,237,02370000,Plainfield,2015,6,"78,029","64,254",18.74,"51,024",0,"115,278"
023700002016,237,02370000,Plainfield,2016,3,"39,600","32,922",17.50,"39,600",0,"72,522"
023700002017,237,02370000,Plainfield,2017,3,"39,513","29,669",24.97,"39,513",0,"69,182"
023700002018,237,02370000,Plainfield,2018,3,"40,251","28,875",29.15,"39,513",0,"68,388"
023700002019,237,02370000,Plainfield,2019,2,"27,674","19,519",29.47,"27,674",0,"47,193"
023700002020,237,02370000,Plainfield,2020,2,"28,744","19,101",32.77,"27,674",0,"46,775"
023700002021,237,02370000,Plainfield,2021,3,"43,973","31,321",27.51,"27,674",0,"58,995"
023700002022,237,02370000,Plainfield,2022,4,"59,811","47,653",20.33,"27,794",0,"75,447"
023800002007,238,02380000,Plainville,2007,839,"6,041,438","3,487,590",43.96,"2,553,848","178,998","6,041,438"
023800002008,238,02380000,Plainville,2008,817,"6,193,164","3,616,015",42.73,"2,618,681","23,301","6,234,696"
023800002009,238,02380000,Plainville,2009,797,"6,360,138","3,728,363",41.33,"2,687,691","13,094","6,416,054"
023800002010,238,02380000,Plainville,2010,790,"6,513,212","3,852,023",40.86,"2,633,937",0,"6,485,960"
023800002011,238,02380000,Plainville,2011,784,"6,313,859","3,881,974",40.15,"2,505,722",0,"6,387,696"
023800002012,238,02380000,Plainville,2012,768,"6,272,346","3,923,605",38.49,"2,519,174",0,"6,442,779"
023800002013,238,02380000,Plainville,2013,795,"6,913,476","4,145,967",40.11,"2,768,881","248,335","6,914,848"
023800002014,238,02380000,Plainville,2014,775,"6,826,165","4,169,061",37.95,"2,788,256",0,"6,957,317"
023800002015,238,02380000,Plainville,2015,740,"6,579,213","4,253,996",34.85,"2,806,756",0,"7,060,752"
023800002016,238,02380000,Plainville,2016,713,"6,450,343","4,374,579",30.71,"2,824,581",0,"7,199,160"
023800002017,238,02380000,Plainville,2017,734,"6,794,336","4,700,337",31.13,"2,864,951",0,"7,565,288"
023800002018,238,02380000,Plainville,2018,701,"6,634,193","4,712,959",29.11,"2,885,981",0,"7,598,940"
023800002019,238,02380000,Plainville,2019,692,"6,762,343","4,806,288",28.93,"2,906,741",0,"7,713,029"
023800002020,238,02380000,Plainville,2020,702,"7,272,816","5,127,708",29.49,"2,927,801",0,"8,055,509"
023800002021,238,02380000,Plainville,2021,716,"7,517,996","5,427,402",27.81,"2,927,801",0,"8,355,203"
023800002022,238,02380000,Plainville,2022,658,"7,127,763","5,273,871",23.70,"2,947,541",0,"8,221,412"
023900002007,239,02390000,Plymouth,2007,"8,452","70,785,948","52,596,289",34.46,"18,464,636","1,440,216","71,060,925"
023900002008,239,02390000,Plymouth,2008,"8,346","72,586,826","54,446,578",30.39,"19,542,986",0,"73,989,564"
023900002009,239,02390000,Plymouth,2009,"8,334","77,105,661","55,729,593",31.17,"21,376,068","1,833,082","77,105,661"
023900002010,239,02390000,Plymouth,2010,"8,320","79,497,522","56,638,333",32.17,"20,948,547",0,"77,586,880"
023900002011,239,02390000,Plymouth,2011,"8,341","78,742,171","56,893,637",32.46,"21,523,756",0,"78,417,393"
023900002012,239,02390000,Plymouth,2012,"8,230","79,081,949","57,303,942",31.05,"21,778,007","138,702","79,081,949"
023900002013,239,02390000,Plymouth,2013,"8,164","80,478,825","59,037,999",29.20,"22,208,459",0,"81,246,458"
023900002014,239,02390000,Plymouth,2014,"8,189","83,431,824","60,777,692",30.21,"23,291,788","445,673","84,069,480"
023900002015,239,02390000,Plymouth,2015,"8,126","83,619,257","61,240,645",29.15,"23,670,917",0,"84,911,562"
023900002016,239,02390000,Plymouth,2016,"8,064","84,831,860","62,123,870",28.86,"23,872,517",0,"85,996,387"
023900002017,239,02390000,Plymouth,2017,"8,046","84,727,196","61,058,495",28.68,"24,315,047",0,"85,373,542"
023900002018,239,02390000,Plymouth,2018,"8,212","88,349,687","62,464,730",29.62,"25,884,957","1,569,910","88,349,687"
023900002019,239,02390000,Plymouth,2019,"8,107","89,987,229","64,955,484",27.82,"26,128,197",0,"91,083,681"
023900002020,239,02390000,Plymouth,2020,"8,045","93,345,303","68,683,929",24.10,"26,369,547",0,"95,053,476"
023900002021,239,02390000,Plymouth,2021,"7,951","94,027,630","71,603,127",23.85,"26,369,547",0,"97,972,674"
023900002022,239,02390000,Plymouth,2022,"7,708","96,767,565","74,471,293",23.04,"26,600,787",0,"101,072,080"
024000002007,240,02400000,Plympton,2007,228,"1,606,595","1,279,333",35.50,"506,035",0,"1,785,368"
024000002008,240,02400000,Plympton,2008,229,"1,709,081","1,275,953",36.38,"543,319",0,"1,819,272"
024000002009,240,02400000,Plympton,2009,235,"1,853,770","1,327,166",35.26,"594,336",0,"1,921,502"
024000002010,240,02400000,Plympton,2010,234,"1,908,834","1,361,877",33.83,"582,449",0,"1,944,326"
024000002011,240,02400000,Plympton,2011,250,"2,009,834","1,434,960",34.58,"563,844","15,723","1,998,804"
024000002012,240,02400000,Plympton,2012,238,"1,974,808","1,416,646",35.29,"566,871",0,"1,983,517"
024000002013,240,02400000,Plympton,2013,238,"2,018,760","1,484,742",32.93,"591,348",0,"2,076,090"
024000002014,240,02400000,Plympton,2014,252,"2,207,685","1,597,361",35.20,"652,019","18,976","2,249,380"
024000002015,240,02400000,Plympton,2015,249,"2,194,273","1,544,590",36.30,"702,595",0,"2,247,185"
024000002016,240,02400000,Plympton,2016,227,"2,074,616","1,557,980",23.95,"708,270",0,"2,266,250"
024000002017,240,02400000,Plympton,2017,232,"2,281,486","1,667,056",27.19,"721,030",0,"2,388,086"
024000002018,240,02400000,Plympton,2018,221,"2,208,586","1,594,867",28.71,"727,660",0,"2,322,527"
024000002019,240,02400000,Plympton,2019,217,"2,244,246","1,618,008",27.74,"734,170",0,"2,352,178"
024000002020,240,02400000,Plympton,2020,210,"2,239,539","1,665,166",25.63,"740,470",0,"2,405,636"
024000002021,240,02400000,Plympton,2021,227,"2,429,975","1,772,432",26.86,"740,470",0,"2,512,902"
024000002022,240,02400000,Plympton,2022,214,"2,366,032","1,783,978",24.60,"746,890",0,"2,530,868"
024100002007,241,02410000,Princeton,2007,0,0,0,20.74,0,0,0
024100002008,241,02410000,Princeton,2008,0,0,0,22.12,0,0,0
024100002009,241,02410000,Princeton,2009,0,0,0,19.66,0,0,0
024100002010,241,02410000,Princeton,2010,1,"12,307","10,005",18.71,0,0,"10,005"
024100002011,241,02410000,Princeton,2011,0,0,0,18.81,0,0,0
024100002012,241,02410000,Princeton,2012,0,0,0,17.50,0,0,0
024100002013,241,02410000,Princeton,2013,0,0,0,17.50,0,0,0
024100002014,241,02410000,Princeton,2014,0,0,0,17.50,0,0,0
024100002015,241,02410000,Princeton,2015,0,0,0,17.50,0,0,0
024100002016,241,02410000,Princeton,2016,0,0,0,17.50,0,0,0
024100002017,241,02410000,Princeton,2017,0,0,0,17.50,0,0,0
024100002018,241,02410000,Princeton,2018,0,0,0,17.50,0,0,0
024100002019,241,02410000,Princeton,2019,0,0,0,17.50,0,0,0
024100002020,241,02410000,Princeton,2020,0,0,0,17.50,0,0,0
024100002021,241,02410000,Princeton,2021,0,0,0,17.50,0,0,0
024100002022,241,02410000,Princeton,2022,1,"14,953","12,336",17.50,"2,631","2,617","14,967"
024200002007,242,02420000,Provincetown,2007,155,"1,285,827","1,956,162",17.50,"263,551",0,"2,219,713"
024200002008,242,02420000,Provincetown,2008,153,"1,321,744","1,727,275",17.50,"271,201",0,"1,998,476"
024200002009,242,02420000,Provincetown,2009,139,"1,263,193","1,561,249",17.50,"278,151",0,"1,839,400"
024200002010,242,02420000,Provincetown,2010,147,"1,338,934","1,591,643",17.50,"272,588",0,"1,864,231"
024200002011,242,02420000,Provincetown,2011,149,"1,375,098","1,521,466",17.50,"256,663",0,"1,778,129"
024200002012,242,02420000,Provincetown,2012,136,"1,289,521","1,431,340",17.50,"258,041",0,"1,689,381"
024200002013,242,02420000,Provincetown,2013,120,"1,203,806","1,203,806",17.50,"262,841",0,"1,466,647"
024200002014,242,02420000,Provincetown,2014,125,"1,231,637","1,215,446",17.50,"265,966",0,"1,481,412"
024200002015,242,02420000,Provincetown,2015,147,"1,414,248","1,209,208",17.50,"269,641",0,"1,478,849"
024200002016,242,02420000,Provincetown,2016,129,"1,284,862","1,156,376",17.50,"272,866",0,"1,429,242"
024200002017,242,02420000,Provincetown,2017,137,"1,411,461","1,172,251",17.50,"280,401",0,"1,452,652"
024200002018,242,02420000,Provincetown,2018,115,"1,300,534","1,090,154",17.50,"283,851",0,"1,374,005"
024200002019,242,02420000,Provincetown,2019,121,"1,343,547","1,102,452",17.50,"287,481",0,"1,389,933"
024200002020,242,02420000,Provincetown,2020,110,"1,386,868","1,144,166",17.50,"290,781",0,"1,434,947"
024200002021,242,02420000,Provincetown,2021,97,"1,297,760","1,070,652",17.50,"290,781",0,"1,361,433"
024200002022,242,02420000,Provincetown,2022,99,"1,357,829","1,120,209",17.50,"293,751",0,"1,413,960"
024300002007,243,02430000,Quincy,2007,"8,522","77,782,534","67,709,257",17.50,"13,380,709",0,"81,089,966"
024300002008,243,02430000,Quincy,2008,"8,786","83,528,510","70,748,789",17.54,"14,388,553",0,"85,137,342"
024300002009,243,02430000,Quincy,2009,"8,880","89,488,958","73,362,291",19.15,"16,126,667","1,738,114","89,488,958"
024300002010,243,02430000,Quincy,2010,"8,957","92,909,519","72,784,382",21.75,"15,804,134",0,"88,588,516"
024300002011,243,02430000,Quincy,2011,"8,979","92,692,071","74,238,283",22.14,"18,949,428",0,"93,187,711"
024300002012,243,02430000,Quincy,2012,"9,129","96,661,212","75,702,194",23.21,"20,959,018","1,907,861","96,661,212"
024300002013,243,02430000,Quincy,2013,"9,256","102,157,664","79,182,392",24.80,"23,565,229","2,016,254","102,747,621"
024300002014,243,02430000,Quincy,2014,"9,275","105,786,949","81,483,004",24.81,"24,789,394","738,716","106,272,398"
024300002015,243,02430000,Quincy,2015,"9,356","108,294,788","82,452,996",26.15,"26,024,786","1,052,398","108,477,782"
024300002016,243,02430000,Quincy,2016,"9,295","109,837,246","84,853,939",23.61,"26,257,161",0,"111,111,100"
024300002017,243,02430000,Quincy,2017,"9,211","109,074,297","85,429,167",22.11,"26,763,766",0,"112,192,933"
024300002018,243,02430000,Quincy,2018,"9,321","112,465,494","87,353,305",22.56,"27,043,396",0,"114,396,701"
024300002019,243,02430000,Quincy,2019,"9,435","117,829,054","90,433,969",23.25,"28,364,113","351,689","118,798,082"
024300002020,243,02430000,Quincy,2020,"9,455","123,682,608","95,726,151",17.50,"28,647,763",0,"124,373,914"
024300002021,243,02430000,Quincy,2021,"9,657","129,336,079","101,589,945",17.89,"28,647,763",0,"130,237,708"
024300002022,243,02430000,Quincy,2022,"9,549","138,447,528","106,595,521",18.86,"31,872,332","3,204,244","138,467,853"
024400002007,244,02440000,Randolph,2007,"3,646","30,652,226","20,844,001",39.95,"11,313,976",0,"32,157,977"
024400002008,244,02440000,Randolph,2008,"3,512","31,690,386","20,566,218",41.37,"11,852,877",0,"32,419,095"
024400002009,244,02440000,Randolph,2009,"3,299","32,016,656","20,344,448",40.17,"12,185,588",0,"32,530,036"
024400002010,244,02440000,Randolph,2010,"3,177","31,481,793","20,147,871",39.30,"11,941,876",0,"32,089,747"
024400002011,244,02440000,Randolph,2011,"3,149","30,820,252","19,924,468",40.07,"11,244,232",0,"31,168,700"
024400002012,244,02440000,Randolph,2012,"3,175","31,980,944","20,085,920",42.30,"11,895,024","590,428","31,980,944"
024400002013,244,02440000,Randolph,2013,"3,274","34,252,526","20,607,886",42.97,"13,913,058","1,749,616","34,520,944"
024400002014,244,02440000,Randolph,2014,"3,299","35,279,771","21,206,980",43.88,"14,424,784","159,733","35,631,764"
024400002015,244,02440000,Randolph,2015,"3,333","35,955,444","20,964,754",44.48,"14,990,690","565,906","35,955,444"
024400002016,244,02440000,Randolph,2016,"3,295","36,417,466","21,159,883",43.86,"15,257,583","266,893","36,417,466"
024400002017,244,02440000,Randolph,2017,"3,263","35,981,003","20,358,913",44.02,"15,693,730","364,507","36,052,643"
024400002018,244,02440000,Randolph,2018,"3,266","37,100,686","20,804,157",44.04,"16,296,529","602,799","37,100,686"
024400002019,244,02440000,Randolph,2019,"3,319","39,313,342","21,866,831",44.38,"17,446,511","1,149,982","39,313,342"
024400002020,244,02440000,Randolph,2020,"3,279","41,045,166","22,557,750",43.10,"18,487,416","1,040,905","41,045,166"
024400002021,244,02440000,Randolph,2021,"3,286","42,468,259","23,490,641",43.57,"18,986,721","490,202","42,477,362"
024400002022,244,02440000,Randolph,2022,"3,265","44,771,563","24,106,610",43.86,"20,667,301","1,678,232","44,773,911"
024500002007,245,02450000,Raynham,2007,0,0,0,37.13,0,0,0
024500002008,245,02450000,Raynham,2008,0,0,0,36.48,0,0,0
024500002009,245,02450000,Raynham,2009,0,0,0,35.88,0,0,0
024500002010,245,02450000,Raynham,2010,0,0,0,32.69,0,0,0
024500002011,245,02450000,Raynham,2011,0,0,0,35.63,0,0,0
024500002012,245,02450000,Raynham,2012,0,0,0,36.83,0,0,0
024500002013,245,02450000,Raynham,2013,1,"12,697","7,860",37.62,"4,837","4,837","12,697"
024500002014,245,02450000,Raynham,2014,0,0,0,37.89,0,0,0
024500002015,245,02450000,Raynham,2015,2,"26,010","16,567",37.36,"9,443","9,443","26,010"
024500002016,245,02450000,Raynham,2016,0,0,0,39.08,0,0,0
024500002017,245,02450000,Raynham,2017,0,0,0,37.50,0,0,0
024500002018,245,02450000,Raynham,2018,0,0,0,39.53,0,0,0
024500002019,245,02450000,Raynham,2019,0,0,0,38.33,0,0,0
024500002020,245,02450000,Raynham,2020,0,0,0,39.24,0,0,0
024500002021,245,02450000,Raynham,2021,0,0,0,38.85,0,0,0
024500002022,245,02450000,Raynham,2022,0,0,0,38.25,0,0,0
024600002007,246,02460000,Reading,2007,"4,175","31,463,026","24,343,136",23.36,"7,119,890","829,733","31,463,026"
024600002008,246,02460000,Reading,2008,"4,208","33,194,639","25,152,672",25.98,"8,041,967","922,077","33,194,639"
024600002009,246,02460000,Reading,2009,"4,272","35,385,849","26,121,634",27.02,"9,264,215","1,222,248","35,385,849"
024600002010,246,02460000,Reading,2010,"4,279","36,474,849","26,451,786",27.65,"9,078,931",0,"35,530,717"
024600002011,246,02460000,Reading,2011,"4,265","35,612,661","26,779,324",24.96,"9,437,516",0,"36,216,840"
024600002012,246,02460000,Reading,2012,"4,284","36,437,713","27,264,731",25.57,"9,488,181",0,"36,752,912"
024600002013,246,02460000,Reading,2013,"4,312","38,136,802","28,233,100",25.79,"9,903,702","415,521","38,136,802"
024600002014,246,02460000,Reading,2014,"4,309","38,817,531","29,008,253",23.01,"10,011,427",0,"39,019,680"
024600002015,246,02460000,Reading,2015,"4,269","38,963,365","30,125,539",20.53,"10,126,574",0,"40,252,113"
024600002016,246,02460000,Reading,2016,"4,245","39,638,139","31,807,445",17.81,"10,232,699",0,"42,040,144"
024600002017,246,02460000,Reading,2017,"4,234","39,861,933","32,924,851",17.50,"10,465,569",0,"43,390,420"
024600002018,246,02460000,Reading,2018,"4,191","40,268,621","33,365,588",17.50,"10,591,299",0,"43,956,887"
024600002019,246,02460000,Reading,2019,"4,077","40,642,299","33,529,896",17.50,"10,713,609",0,"44,243,505"
024600002020,246,02460000,Reading,2020,"4,040","42,311,533","34,907,015",17.50,"10,834,809",0,"45,741,824"
024600002021,246,02460000,Reading,2021,"3,975","42,488,891","35,053,335",17.50,"10,834,809",0,"45,888,144"
024600002022,246,02460000,Reading,2022,"3,835","42,274,011","34,876,059",17.50,"10,949,859",0,"45,825,918"
024700002007,247,02470000,Rehoboth,2007,0,0,0,36.73,0,0,0
024700002008,247,02470000,Rehoboth,2008,0,0,0,34.78,0,0,0
024700002009,247,02470000,Rehoboth,2009,0,0,0,32.90,0,0,0
024700002010,247,02470000,Rehoboth,2010,0,0,0,25.58,0,0,0
024700002011,247,02470000,Rehoboth,2011,0,0,0,27.82,0,0,0
024700002012,247,02470000,Rehoboth,2012,0,0,0,27.14,0,0,0
024700002013,247,02470000,Rehoboth,2013,0,0,0,28.77,0,0,0
024700002014,247,02470000,Rehoboth,2014,9,"116,046","81,889",29.48,"34,157","34,157","116,046"
024700002015,247,02470000,Rehoboth,2015,7,"91,034","64,373",29.93,"34,157",0,"98,530"
024700002016,247,02470000,Rehoboth,2016,2,"26,400","18,518",31.07,"26,400",0,"44,918"
024700002017,247,02470000,Rehoboth,2017,0,0,0,31.31,0,0,0
024700002018,247,02470000,Rehoboth,2018,0,0,0,24.49,0,0,0
024700002019,247,02470000,Rehoboth,2019,0,0,0,25.48,0,0,0
024700002020,247,02470000,Rehoboth,2020,0,0,0,25.88,0,0,0
024700002021,247,02470000,Rehoboth,2021,0,0,0,23.17,0,0,0
024700002022,247,02470000,Rehoboth,2022,0,0,0,17.50,0,0,0
024800002007,248,02480000,Revere,2007,"5,731","51,922,905","24,134,938",52.05,"27,787,967","3,684,376","51,922,905"
024800002008,248,02480000,Revere,2008,"5,904","56,922,955","25,539,984",54.44,"31,382,971","3,595,004","56,922,955"
024800002009,248,02480000,Revere,2009,"5,960","60,166,073","26,575,341",55.10,"33,590,732","2,207,761","60,166,073"
024800002010,248,02480000,Revere,2010,"6,133","64,653,955","26,216,203",56.68,"32,918,917",0,"59,135,120"
024800002011,248,02480000,Revere,2011,"6,314","65,723,577","27,005,010",57.98,"37,975,657","1,818,325","64,980,667"
024800002012,248,02480000,Revere,2012,"6,390","68,075,146","27,339,812",61.72,"40,735,334","2,555,807","68,075,146"
024800002013,248,02480000,Revere,2013,"6,679","74,073,066","28,043,890",63.14,"46,214,315","5,293,842","74,258,205"
024800002014,248,02480000,Revere,2014,"6,797","76,694,917","28,826,715",63.14,"48,007,444","1,653,887","76,834,159"
024800002015,248,02480000,Revere,2015,"6,923","79,960,501","29,010,426",64.51,"50,950,075","2,908,943","79,960,501"
024800002016,248,02480000,Revere,2016,"7,135","84,281,832","30,065,688",64.55,"54,216,144","3,266,069","84,281,832"
024800002017,248,02480000,Revere,2017,"7,305","82,249,271","30,306,709",63.30,"56,509,506",0,"86,816,215"
024800002018,248,02480000,Revere,2018,"7,655","88,195,565","31,495,119",63.39,"60,824,236","190,940","92,319,355"
024800002019,248,02480000,Revere,2019,"7,848","96,064,543","32,918,306",64.65,"65,040,589","6,407,081","97,958,895"
024800002020,248,02480000,Revere,2020,"7,991","104,529,856","34,860,627",63.31,"69,669,229","4,628,640","104,529,856"
024800002021,248,02480000,Revere,2021,"7,979","107,222,330","36,927,909",62.94,"70,298,333","625,192","107,226,242"
024800002022,248,02480000,Revere,2022,"7,766","119,408,964","38,458,098",62.72,"80,950,866","10,652,533","119,408,964"
024900002007,249,02490000,Richmond,2007,243,"1,791,555","2,029,927",17.50,"333,845",0,"2,363,772"
024900002008,249,02490000,Richmond,2008,213,"1,666,525","1,918,538",17.50,"344,495",0,"2,263,033"
024900002009,249,02490000,Richmond,2009,212,"1,733,844","1,800,907",17.50,"356,276",0,"2,157,183"
024900002010,249,02490000,Richmond,2010,200,"1,714,724","1,779,707",17.50,"349,151",0,"2,128,858"
024900002011,249,02490000,Richmond,2011,187,"1,627,121","1,690,989",17.50,"328,754",0,"2,019,743"
024900002012,249,02490000,Richmond,2012,160,"1,432,341","1,629,712",17.50,"330,519",0,"1,960,231"
024900002013,249,02490000,Richmond,2013,160,"1,455,406","1,455,406",17.50,"336,919",0,"1,792,325"
024900002014,249,02490000,Richmond,2014,144,"1,341,138","1,341,138",17.50,"340,519",0,"1,681,657"
024900002015,249,02490000,Richmond,2015,146,"1,381,560","1,243,404",17.50,"344,169",0,"1,587,573"
024900002016,249,02490000,Richmond,2016,123,"1,238,912","1,115,021",17.50,"347,244",0,"1,462,265"
024900002017,249,02490000,Richmond,2017,119,"1,203,251","1,015,683",17.50,"353,789",0,"1,369,472"
024900002018,249,02490000,Richmond,2018,123,"1,268,581","1,047,475",17.50,"357,479",0,"1,404,954"
024900002019,249,02490000,Richmond,2019,119,"1,277,797","1,054,183",17.50,"361,049",0,"1,415,232"
024900002020,249,02490000,Richmond,2020,120,"1,333,384","1,100,042",17.50,"364,649",0,"1,464,691"
024900002021,249,02490000,Richmond,2021,125,"1,449,827","1,196,108",17.50,"364,649",0,"1,560,757"
024900002022,249,02490000,Richmond,2022,112,"1,294,267","1,067,770",17.50,"368,009",0,"1,435,779"
025000002007,250,02500000,Rochester,2007,537,"3,824,253","2,478,288",43.32,"1,395,317","15,985","3,873,605"
025000002008,250,02500000,Rochester,2008,537,"4,020,214","2,498,485",42.47,"1,521,729","126,412","4,020,214"
025000002009,250,02500000,Rochester,2009,545,"4,281,470","2,647,282",37.27,"1,634,188","112,459","4,281,470"
025000002010,250,02500000,Rochester,2010,563,"4,601,637","2,799,668",40.76,"1,601,504",0,"4,401,172"
025000002011,250,02500000,Rochester,2011,553,"4,449,279","2,835,130",39.35,"1,696,698",0,"4,531,828"
025000002012,250,02500000,Rochester,2012,517,"4,206,399","2,715,486",38.63,"1,705,807",0,"4,421,293"
025000002013,250,02500000,Rochester,2013,501,"4,265,136","2,781,320",35.92,"1,725,847",0,"4,507,167"
025000002014,250,02500000,Rochester,2014,497,"4,306,372","2,817,361",37.21,"1,738,272",0,"4,555,633"
025000002015,250,02500000,Rochester,2015,486,"4,252,933","2,742,703",37.04,"1,750,422",0,"4,493,125"
025000002016,250,02500000,Rochester,2016,476,"4,382,166","2,807,707",36.10,"1,762,322",0,"4,570,029"
025000002017,250,02500000,Rochester,2017,480,"4,400,658","2,745,493",38.06,"1,788,722",0,"4,534,215"
025000002018,250,02500000,Rochester,2018,467,"4,319,981","2,706,641",37.79,"1,802,732",0,"4,509,373"
025000002019,250,02500000,Rochester,2019,496,"4,788,761","2,933,529",36.49,"1,855,232","52,500","4,788,761"
025000002020,250,02500000,Rochester,2020,513,"5,204,047","3,146,498",37.20,"2,057,549","202,317","5,204,047"
025000002021,250,02500000,Rochester,2021,514,"5,386,709","3,382,851",35.24,"2,057,549",0,"5,440,400"
025000002022,250,02500000,Rochester,2022,483,"5,247,585","3,517,393",31.79,"2,072,039",0,"5,589,432"
025100002007,251,02510000,Rockland,2007,"2,540","20,522,023","11,421,237",47.42,"9,430,825","148,241","20,852,062"
025100002008,251,02510000,Rockland,2008,"2,486","21,120,296","11,629,129",47.49,"9,714,945","60,342","21,344,074"
025100002009,251,02510000,Rockland,2009,"2,450","21,933,698","11,574,215",48.26,"10,359,483","644,538","21,933,698"
025100002010,251,02510000,Rockland,2010,"2,348","22,004,828","11,463,450",47.93,"10,152,293",0,"21,615,743"
025100002011,251,02510000,Rockland,2011,"2,266","21,074,813","11,539,567",46.64,"9,925,552",0,"21,465,119"
025100002012,251,02510000,Rockland,2012,"2,257","21,774,162","11,752,002",48.35,"10,022,160","43,323","21,774,162"
025100002013,251,02510000,Rockland,2013,"2,205","22,355,995","12,117,742",47.36,"10,325,640","216,093","22,443,382"
025100002014,251,02510000,Rockland,2014,"2,195","22,663,494","12,382,935",46.64,"10,386,793",0,"22,769,728"
025100002015,251,02510000,Rockland,2015,"2,253","23,580,543","12,524,805",48.56,"11,055,738","668,945","23,580,543"
025100002016,251,02510000,Rockland,2016,"2,326","25,189,073","12,589,951",52.09,"12,599,122","1,543,384","25,189,073"
025100002017,251,02510000,Rockland,2017,"2,396","25,814,156","12,429,362",52.39,"13,635,665","785,672","26,065,027"
025100002018,251,02510000,Rockland,2018,"2,361","25,966,055","12,806,197",50.82,"13,706,495",0,"26,512,692"
025100002019,251,02510000,Rockland,2019,"2,280","25,871,093","13,345,423",48.42,"13,774,895",0,"27,120,318"
025100002020,251,02510000,Rockland,2020,"2,278","27,535,664","13,793,841",49.91,"13,843,235",0,"27,637,076"
025100002021,251,02510000,Rockland,2021,"2,326","29,202,100","14,473,503",50.44,"14,728,597","885,362","29,202,100"
025100002022,251,02510000,Rockland,2022,"2,251","29,636,842","14,836,781",49.63,"14,800,061","71,464","29,636,842"
025200002007,252,02520000,Rockport,2007,998,"7,628,241","7,471,074",17.50,"1,244,121",0,"8,715,195"
025200002008,252,02520000,Rockport,2008,988,"8,076,763","7,497,665",17.50,"1,322,612",0,"8,820,277"
025200002009,252,02520000,Rockport,2009,966,"8,284,123","7,446,648",17.50,"1,370,912",0,"8,817,560"
025200002010,252,02520000,Rockport,2010,915,"8,104,261","7,413,825",17.50,"1,343,494",0,"8,757,319"
025200002011,252,02520000,Rockport,2011,889,"7,620,062","7,138,013",17.50,"1,265,007",0,"8,403,020"
025200002012,252,02520000,Rockport,2012,843,"7,319,481","7,150,187",17.50,"1,271,798",0,"8,421,985"
025200002013,252,02520000,Rockport,2013,808,"7,190,513","7,094,748",17.50,"1,304,118",0,"8,398,866"
025200002014,252,02520000,Rockport,2014,802,"7,275,248","7,139,271",17.50,"1,324,168",0,"8,463,439"
025200002015,252,02520000,Rockport,2015,805,"7,619,731","6,857,758",17.50,"1,377,981",0,"8,235,739"
025200002016,252,02520000,Rockport,2016,777,"7,726,824","6,690,331",17.50,"1,397,406",0,"8,087,737"
025200002017,252,02520000,Rockport,2017,758,"7,673,924","6,409,651",17.50,"1,439,096",0,"7,848,747"
025200002018,252,02520000,Rockport,2018,735,"7,549,140","6,289,613",17.50,"1,461,146",0,"7,750,759"
025200002019,252,02520000,Rockport,2019,687,"7,350,865","6,064,463",17.50,"1,481,756",0,"7,546,219"
025200002020,252,02520000,Rockport,2020,679,"7,685,700","6,224,394",17.50,"1,502,126",0,"7,726,520"
025200002021,252,02520000,Rockport,2021,665,"7,619,056","6,285,722",17.50,"1,502,126",0,"7,787,848"
025200002022,252,02520000,Rockport,2022,594,"6,998,375","5,773,659",17.50,"1,519,946",0,"7,293,605"
025300002007,253,02530000,Rowe,2007,49,"409,882","614,824",17.50,"50,582",0,"665,406"
025300002008,253,02530000,Rowe,2008,57,"523,550","580,213",17.50,"70,474",0,"650,687"
025300002009,253,02530000,Rowe,2009,49,"419,121","513,500",17.50,"72,924",0,"586,424"
025300002010,253,02530000,Rowe,2010,50,"441,524","501,807",17.50,"71,465",0,"573,272"
025300002011,253,02530000,Rowe,2011,59,"552,009","498,355",17.50,"67,290",0,"565,645"
025300002012,253,02530000,Rowe,2012,61,"560,186","501,042",17.50,"67,651",0,"568,693"
025300002013,253,02530000,Rowe,2013,63,"613,859","514,712",17.50,"99,147","31,496","613,859"
025300002014,253,02530000,Rowe,2014,64,"620,119","527,677",17.50,"100,747",0,"628,424"
025300002015,253,02530000,Rowe,2015,63,"618,394","525,865",17.50,"103,362",0,"629,227"
025300002016,253,02530000,Rowe,2016,70,"676,330","545,165",17.50,"131,165","27,803","676,330"
025300002017,253,02530000,Rowe,2017,66,"642,285","535,088",17.50,"134,795",0,"669,883"
025300002018,253,02530000,Rowe,2018,64,"637,861","530,325",17.50,"136,715",0,"667,040"
025300002019,253,02530000,Rowe,2019,54,"598,648","493,885",17.50,"138,335",0,"632,220"
025300002020,253,02530000,Rowe,2020,48,"582,531","480,588",17.50,"139,775",0,"620,363"
025300002021,253,02530000,Rowe,2021,50,"643,874","531,196",17.50,"139,775",0,"670,971"
025300002022,253,02530000,Rowe,2022,43,"580,640","479,028",17.50,"141,065",0,"620,093"
025400002007,254,02540000,Rowley,2007,0,0,0,33.34,0,0,0
025400002008,254,02540000,Rowley,2008,0,0,0,32.39,0,0,0
025400002009,254,02540000,Rowley,2009,0,0,0,32.32,0,0,0
025400002010,254,02540000,Rowley,2010,0,0,0,30.86,0,0,0
025400002011,254,02540000,Rowley,2011,0,0,0,31.39,0,0,0
025400002012,254,02540000,Rowley,2012,0,0,0,30.87,0,0,0
025400002013,254,02540000,Rowley,2013,0,0,0,27.67,0,0,0
025400002014,254,02540000,Rowley,2014,0,0,0,23.47,0,0,0
025400002015,254,02540000,Rowley,2015,5,"66,468","52,584",22.83,"25,266",0,"77,850"
025400002016,254,02540000,Rowley,2016,2,"27,029","21,899",20.35,"25,266",0,"47,165"
025400002017,254,02540000,Rowley,2017,2,"27,165","22,563",17.50,"25,266",0,"47,829"
025400002018,254,02540000,Rowley,2018,5,"69,110","57,514",17.50,"25,266",0,"82,780"
025400002019,254,02540000,Rowley,2019,3,"42,624","35,165",17.50,"25,266",0,"60,431"
025400002020,254,02540000,Rowley,2020,7,"103,786","85,623",17.50,"25,266",0,"110,889"
025400002021,254,02540000,Rowley,2021,7,"105,768","87,259",17.50,"25,266",0,"112,525"
025400002022,254,02540000,Rowley,2022,7,"107,793","88,929",17.50,"25,476",0,"114,405"
025500002007,255,02550000,Royalston,2007,0,0,0,69.20,0,0,0
025500002008,255,02550000,Royalston,2008,0,0,0,64.74,0,0,0
025500002009,255,02550000,Royalston,2009,0,0,0,61.66,0,0,0
025500002010,255,02550000,Royalston,2010,0,0,0,56.07,0,0,0
025500002011,255,02550000,Royalston,2011,0,0,0,57.30,0,0,0
025500002012,255,02550000,Royalston,2012,0,0,0,49.67,0,0,0
025500002013,255,02550000,Royalston,2013,0,0,0,47.93,0,0,0
025500002014,255,02550000,Royalston,2014,0,0,0,39.23,0,0,0
025500002015,255,02550000,Royalston,2015,0,0,0,33.98,0,0,0
025500002016,255,02550000,Royalston,2016,0,0,0,38.55,0,0,0
025500002017,255,02550000,Royalston,2017,0,0,0,46.98,0,0,0
025500002018,255,02550000,Royalston,2018,0,0,0,44.72,0,0,0
025500002019,255,02550000,Royalston,2019,0,0,0,40.40,0,0,0
025500002020,255,02550000,Royalston,2020,0,0,0,43.12,0,0,0
025500002021,255,02550000,Royalston,2021,0,0,0,50.38,0,0,0
025500002022,255,02550000,Royalston,2022,0,0,0,45.63,0,0,0
025600002007,256,02560000,Russell,2007,15,"183,567","77,676",62.47,"151,228",0,"228,904"
025600002008,256,02560000,Russell,2008,18,"226,187","88,946",63.32,"178,215",0,"267,161"
025600002009,256,02560000,Russell,2009,17,"225,960","85,118",62.86,"179,065",0,"264,183"
025600002010,256,02560000,Russell,2010,17,"232,830","86,171",62.99,"175,484",0,"261,655"
025600002011,256,02560000,Russell,2011,14,"191,600","75,063",61.32,"168,465",0,"243,528"
025600002012,256,02560000,Russell,2012,15,"207,260","79,133",59.53,"168,465",0,"247,598"
025600002013,256,02560000,Russell,2013,13,"189,431","72,090",58.78,"168,465",0,"240,555"
025600002014,256,02560000,Russell,2014,14,"205,262","81,982",57.83,"168,465",0,"250,447"
025600002015,256,02560000,Russell,2015,15,"220,032","83,474",61.11,"168,465",0,"251,939"
025600002016,256,02560000,Russell,2016,14,"210,132","84,199",60.50,"168,465",0,"252,664"
025600002017,256,02560000,Russell,2017,16,"236,011","100,692",57.57,"168,465",0,"269,157"
025600002018,256,02560000,Russell,2018,16,"240,301","93,424",61.62,"168,465",0,"261,889"
025600002019,256,02560000,Russell,2019,19,"289,210","105,564",63.50,"183,646","15,181","289,210"
025600002020,256,02560000,Russell,2020,20,"314,603","115,978",62.12,"198,625","14,979","314,603"
025600002021,256,02560000,Russell,2021,21,"335,522","128,757",60.34,"206,765","8,140","335,522"
025600002022,256,02560000,Russell,2022,22,"357,110","152,804",56.53,"207,425",0,"360,229"
025700002007,257,02570000,Rutland,2007,1,"10,850","4,565",57.92,"9,555",0,"14,120"
025700002008,257,02570000,Rutland,2008,1,"11,355","4,214",57.87,"9,848",0,"14,062"
025700002009,257,02570000,Rutland,2009,1,"11,943","4,379",59.36,"10,197",0,"14,576"
025700002010,257,02570000,Rutland,2010,0,0,0,57.33,"9,993",0,"9,993"
025700002011,257,02570000,Rutland,2011,0,0,0,57.68,0,0,0
025700002012,257,02570000,Rutland,2012,0,0,0,56.79,0,0,0
025700002013,257,02570000,Rutland,2013,0,0,0,56.24,0,0,0
025700002014,257,02570000,Rutland,2014,0,0,0,56.06,0,0,0
025700002015,257,02570000,Rutland,2015,0,0,0,55.00,0,0,0
025700002016,257,02570000,Rutland,2016,1,"13,200","5,917",56.54,"7,283","7,283","13,200"
025700002017,257,02570000,Rutland,2017,0,0,0,56.38,0,0,0
025700002018,257,02570000,Rutland,2018,0,0,0,55.22,0,0,0
025700002019,257,02570000,Rutland,2019,0,0,0,56.11,0,0,0
025700002020,257,02570000,Rutland,2020,0,0,0,54.61,0,0,0
025700002021,257,02570000,Rutland,2021,0,0,0,54.74,0,0,0
025700002022,257,02570000,Rutland,2022,0,0,0,53.51,0,0,0
025800002007,258,02580000,Salem,2007,"4,932","42,136,155","30,487,993",36.09,"11,648,162","1,111,832","42,136,155"
025800002008,258,02580000,Salem,2008,"4,767","42,852,484","30,556,126",36.74,"12,876,914","648,196","43,433,040"
025800002009,258,02580000,Salem,2009,"4,731","44,915,008","30,543,822",36.93,"14,371,186","1,494,272","44,915,008"
025800002010,258,02580000,Salem,2010,"4,756","47,512,497","30,403,931",39.32,"14,083,762",0,"44,487,693"
025800002011,258,02580000,Salem,2011,"4,817","47,422,424","30,121,364",40.56,"16,969,097","876,837","47,090,461"
025800002012,258,02580000,Salem,2012,"4,869","49,075,890","30,553,623",42.27,"18,522,267","1,462,072","49,075,890"
025800002013,258,02580000,Salem,2013,"4,899","51,691,292","31,398,532",42.87,"20,759,584","1,770,493","52,158,116"
025800002014,258,02580000,Salem,2014,"4,795","51,136,477","31,823,721",41.46,"20,879,459",0,"52,703,180"
025800002015,258,02580000,Salem,2015,"4,784","52,070,760","31,881,386",41.55,"21,231,627",0,"53,113,013"
025800002016,258,02580000,Salem,2016,"4,671","52,542,430","31,669,846",40.90,"21,348,402",0,"53,018,248"
025800002017,258,02580000,Salem,2017,"4,586","52,561,027","31,386,760",40.79,"21,600,632",0,"52,987,392"
025800002018,258,02580000,Salem,2018,"4,537","52,768,572","32,317,455",38.79,"21,736,742",0,"54,054,197"
025800002019,258,02580000,Salem,2019,"4,533","54,862,156","33,573,950",38.80,"21,872,762",0,"55,446,712"
025800002020,258,02580000,Salem,2020,"4,635","59,983,631","34,176,479",39.98,"25,807,152","3,934,390","59,983,631"
025800002021,258,02580000,Salem,2021,"4,536","59,442,160","35,764,101",37.63,"25,807,152",0,"61,571,253"
025800002022,258,02580000,Salem,2022,"4,315","59,973,102","36,940,239",32.93,"25,936,602",0,"62,876,841"
025900002007,259,02590000,Salisbury,2007,0,0,0,39.43,0,0,0
025900002008,259,02590000,Salisbury,2008,0,0,0,30.84,0,0,0
025900002009,259,02590000,Salisbury,2009,0,0,0,31.95,0,0,0
025900002010,259,02590000,Salisbury,2010,0,0,0,27.92,0,0,0
025900002011,259,02590000,Salisbury,2011,0,0,0,27.29,0,0,0
025900002012,259,02590000,Salisbury,2012,0,0,0,24.21,0,0,0
025900002013,259,02590000,Salisbury,2013,0,0,0,18.47,0,0,0
025900002014,259,02590000,Salisbury,2014,0,0,0,17.50,0,0,0
025900002015,259,02590000,Salisbury,2015,4,"52,020","44,990",17.50,"33,688",0,"78,678"
025900002016,259,02590000,Salisbury,2016,6,"79,200","67,740",17.50,"33,688",0,"101,428"
025900002017,259,02590000,Salisbury,2017,6,"79,026","66,069",17.50,"33,688",0,"99,757"
025900002018,259,02590000,Salisbury,2018,3,"40,251","33,612",17.50,"33,688",0,"67,300"
025900002019,259,02590000,Salisbury,2019,5,"69,186","57,078",17.50,"33,688",0,"90,766"
025900002020,259,02590000,Salisbury,2020,1,"14,372","11,857",17.50,"14,383",0,"26,240"
025900002021,259,02590000,Salisbury,2021,2,"29,316","24,185",17.50,"14,383",0,"38,568"
025900002022,259,02590000,Salisbury,2022,2,"29,906","24,672",17.50,"14,443",0,"39,115"
026000002007,260,02600000,Sandisfield,2007,0,0,0,17.50,0,0,0
026000002008,260,02600000,Sandisfield,2008,0,0,0,17.50,0,0,0
026000002009,260,02600000,Sandisfield,2009,0,0,0,17.50,0,0,0
026000002010,260,02600000,Sandisfield,2010,0,0,0,17.50,0,0,0
026000002011,260,02600000,Sandisfield,2011,0,0,0,17.50,0,0,0
026000002012,260,02600000,Sandisfield,2012,0,0,0,17.50,0,0,0
026000002013,260,02600000,Sandisfield,2013,0,0,0,17.50,0,0,0
026000002014,260,02600000,Sandisfield,2014,0,0,0,17.50,0,0,0
026000002015,260,02600000,Sandisfield,2015,0,0,0,17.50,0,0,0
026000002016,260,02600000,Sandisfield,2016,0,0,0,17.50,0,0,0
026000002017,260,02600000,Sandisfield,2017,0,0,0,17.50,0,0,0
026000002018,260,02600000,Sandisfield,2018,0,0,0,17.50,0,0,0
026000002019,260,02600000,Sandisfield,2019,0,0,0,17.50,0,0,0
026000002020,260,02600000,Sandisfield,2020,0,0,0,17.50,0,0,0
026000002021,260,02600000,Sandisfield,2021,0,0,0,17.50,0,0,0
026000002022,260,02600000,Sandisfield,2022,0,0,0,17.50,0,0,0
026100002007,261,02610000,Sandwich,2007,"3,883","28,541,824","23,538,127",29.93,"6,229,598",0,"29,767,725"
026100002008,261,02610000,Sandwich,2008,"3,758","29,371,842","23,681,935",26.48,"6,694,018",0,"30,375,953"
026100002009,261,02610000,Sandwich,2009,"3,586","29,341,478","23,800,113",23.43,"6,873,318",0,"30,673,431"
026100002010,261,02610000,Sandwich,2010,"3,564","30,244,193","24,197,825",25.78,"6,735,852",0,"30,933,677"
026100002011,261,02610000,Sandwich,2011,"3,589","29,670,857","24,024,554",25.91,"6,342,344",0,"30,366,898"
026100002012,261,02610000,Sandwich,2012,"3,374","28,621,463","24,051,894",24.26,"6,376,393",0,"30,428,287"
026100002013,261,02610000,Sandwich,2013,"3,310","29,161,934","24,620,229",23.48,"6,508,793",0,"31,129,022"
026100002014,261,02610000,Sandwich,2014,"3,179","28,830,810","24,951,122",21.88,"6,588,268",0,"31,539,390"
026100002015,261,02610000,Sandwich,2015,"3,093","28,304,004","24,542,435",19.03,"6,665,593",0,"31,208,028"
026100002016,261,02610000,Sandwich,2016,"2,977","27,987,804","24,211,459",17.50,"6,740,018",0,"30,951,477"
026100002017,261,02610000,Sandwich,2017,"2,960","27,982,399","23,359,532",17.50,"6,902,818",0,"30,262,350"
026100002018,261,02610000,Sandwich,2018,"2,886","28,141,703","23,400,169",17.50,"6,989,398",0,"30,389,567"
026100002019,261,02610000,Sandwich,2019,"2,740","27,742,486","22,887,551",17.50,"7,071,628",0,"29,959,179"
026100002020,261,02610000,Sandwich,2020,"2,672","28,195,096","23,260,955",17.50,"7,151,788",0,"30,412,743"
026100002021,261,02610000,Sandwich,2021,"2,644","28,550,950","23,554,534",17.50,"7,151,788",0,"30,706,322"
026100002022,261,02610000,Sandwich,2022,"2,480","27,638,904","22,802,096",17.50,"7,226,188",0,"30,028,284"
026200002007,262,02620000,Saugus,2007,"3,151","24,160,470","22,578,923",17.50,"3,844,289",0,"26,423,212"
026200002008,262,02620000,Saugus,2008,"3,057","24,646,310","22,714,754",17.50,"3,997,139",0,"26,711,893"
026200002009,262,02620000,Saugus,2009,"3,015","25,756,506","22,756,006",17.50,"4,191,423",0,"26,947,429"
026200002010,262,02620000,Saugus,2010,"2,966","26,465,118","22,613,204",17.50,"4,107,595",0,"26,720,799"
026200002011,262,02620000,Saugus,2011,"2,864","25,120,399","22,610,471",17.50,"3,867,629",0,"26,478,100"
026200002012,262,02620000,Saugus,2012,"2,821","25,149,470","22,560,247",17.50,"3,888,392",0,"26,448,639"
026200002013,262,02620000,Saugus,2013,"2,839","26,683,232","22,948,688",18.41,"4,144,390",0,"27,093,078"
026200002014,262,02620000,Saugus,2014,"2,867","28,162,539","23,659,244",21.39,"4,883,463","358,905","28,542,707"
026200002015,262,02620000,Saugus,2015,"2,882","28,469,689","23,886,601",19.68,"5,266,627",0,"29,153,228"
026200002016,262,02620000,Saugus,2016,"2,855","28,704,387","24,111,062",18.39,"5,338,002",0,"29,449,064"
026200002017,262,02620000,Saugus,2017,"2,742","27,795,392","23,261,068",17.50,"5,488,812",0,"28,749,880"
026200002018,262,02620000,Saugus,2018,"2,678","27,708,149","23,048,854",17.50,"5,569,152",0,"28,618,006"
026200002019,262,02620000,Saugus,2019,"2,685","28,856,878","23,763,905",17.50,"5,649,702",0,"29,413,607"
026200002020,262,02620000,Saugus,2020,"2,761","31,417,987","25,343,552",17.50,"6,136,490","424,733","31,480,042"
026200002021,262,02620000,Saugus,2021,"2,798","33,051,188","26,786,282",17.50,"6,270,812","128,416","33,057,094"
026200002022,262,02620000,Saugus,2022,"2,612","31,864,909","26,288,549",17.50,"6,349,172",0,"32,637,721"
026300002007,263,02630000,Savoy,2007,115,"819,788","322,710",63.23,"499,459","35,855","822,169"
026300002008,263,02630000,Savoy,2008,100,"805,306","325,832",62.37,"504,459",0,"830,291"
026300002009,263,02630000,Savoy,2009,100,"842,481","336,900",61.38,"527,277","1,122","864,177"
026300002010,263,02630000,Savoy,2010,101,"868,256","341,085",60.72,"516,731",0,"857,816"
026300002011,263,02630000,Savoy,2011,92,"771,222","360,142",55.55,"496,374",0,"856,516"
026300002012,263,02630000,Savoy,2012,79,"690,277","333,540",53.62,"499,039",0,"832,579"
026300002013,263,02630000,Savoy,2013,76,"695,641","312,586",54.67,"502,079",0,"814,665"
026300002014,263,02630000,Savoy,2014,65,"593,526","291,675",50.67,"503,704",0,"795,379"
026300002015,263,02630000,Savoy,2015,65,"600,301","298,627",51.61,"505,329",0,"803,956"
026300002016,263,02630000,Savoy,2016,62,"592,853","321,122",46.84,"506,879",0,"828,001"
026300002017,263,02630000,Savoy,2017,66,"644,285","314,279",51.64,"510,509",0,"824,788"
026300002018,263,02630000,Savoy,2018,60,"634,366","316,323",50.46,"512,309",0,"828,632"
026300002019,263,02630000,Savoy,2019,58,"668,959","357,593",45.37,"514,049",0,"871,642"
026300002020,263,02630000,Savoy,2020,60,"751,434","362,123",51.81,"515,849",0,"877,972"
026300002021,263,02630000,Savoy,2021,50,"635,305","372,887",41.31,"515,849",0,"888,736"
026300002022,263,02630000,Savoy,2022,45,"542,332","447,424",17.50,"517,199",0,"964,623"
026400002007,264,02640000,Scituate,2007,"3,100","23,195,984","19,230,638",17.50,"3,965,346","384,528","23,195,984"
026400002008,264,02640000,Scituate,2008,"3,108","24,538,930","20,008,979",17.50,"4,529,951","564,605","24,538,930"
026400002009,264,02640000,Scituate,2009,"3,133","26,018,136","20,809,421",17.50,"5,208,715","678,764","26,018,136"
026400002010,264,02640000,Scituate,2010,"3,098","26,573,232","21,922,917",17.50,"5,104,541",0,"27,027,458"
026400002011,264,02640000,Scituate,2011,"3,162","26,489,576","22,264,352",17.50,"4,806,334",0,"27,070,686"
026400002012,264,02640000,Scituate,2012,"3,154","26,874,930","22,799,362",17.50,"4,832,136",0,"27,631,498"
026400002013,264,02640000,Scituate,2013,"3,136","27,918,935","23,462,809",17.50,"4,957,576",0,"28,420,385"
026400002014,264,02640000,Scituate,2014,"3,090","28,025,064","24,028,869",17.50,"5,034,826",0,"29,063,695"
026400002015,264,02640000,Scituate,2015,"3,035","27,783,604","23,886,438",17.50,"5,110,701",0,"28,997,139"
026400002016,264,02640000,Scituate,2016,"3,008","28,197,734","24,057,987",17.50,"5,185,901",0,"29,243,888"
026400002017,264,02640000,Scituate,2017,"2,918","27,740,692","23,172,735",17.50,"5,346,391",0,"28,519,126"
026400002018,264,02640000,Scituate,2018,"2,932","28,537,003","23,614,603",17.50,"5,434,351",0,"29,048,954"
026400002019,264,02640000,Scituate,2019,"2,899","29,192,077","24,083,464",17.50,"5,521,321",0,"29,604,785"
026400002020,264,02640000,Scituate,2020,"2,906","30,755,856","24,906,358",17.50,"5,863,240","328,177","30,769,598"
026400002021,264,02640000,Scituate,2021,"2,991","32,099,036","26,068,183",17.50,"6,030,853","167,613","32,099,036"
026400002022,264,02640000,Scituate,2022,"2,790","30,894,316","25,487,810",17.50,"6,114,553",0,"31,602,363"
026500002007,265,02650000,Seekonk,2007,"2,209","16,695,155","14,553,529",35.47,"3,620,014",0,"18,173,543"
026500002008,265,02650000,Seekonk,2008,"2,187","17,298,382","14,521,219",32.30,"4,210,223",0,"18,731,442"
026500002009,265,02650000,Seekonk,2009,"2,124","17,542,754","14,157,726",30.82,"4,605,053",0,"18,762,779"
026500002010,265,02650000,Seekonk,2010,"2,109","18,026,023","14,305,874",27.29,"4,512,952",0,"18,818,826"
026500002011,265,02650000,Seekonk,2011,"2,102","17,708,321","14,225,007",27.70,"4,249,306",0,"18,474,313"
026500002012,265,02650000,Seekonk,2012,"2,090","18,141,474","14,541,315",29.22,"4,272,118",0,"18,813,433"
026500002013,265,02650000,Seekonk,2013,"2,082","18,781,879","14,551,240",29.63,"4,595,356",0,"19,146,596"
026500002014,265,02650000,Seekonk,2014,"2,041","18,801,442","14,822,067",28.53,"4,787,530",0,"19,609,597"
026500002015,265,02650000,Seekonk,2015,"2,011","18,854,299","14,466,350",27.57,"4,931,240",0,"19,397,590"
026500002016,265,02650000,Seekonk,2016,"1,931","18,460,115","14,348,947",25.18,"4,979,515",0,"19,328,462"
026500002017,265,02650000,Seekonk,2017,"1,940","18,466,575","14,127,909",24.51,"5,086,215",0,"19,214,124"
026500002018,265,02650000,Seekonk,2018,"1,912","18,642,353","14,172,922",24.44,"5,143,575",0,"19,316,497"
026500002019,265,02650000,Seekonk,2019,"2,004","20,162,616","14,723,649",26.98,"5,454,099","295,392","20,177,748"
026500002020,265,02650000,Seekonk,2020,"2,095","21,995,792","15,294,251",29.30,"6,705,263","1,247,442","21,999,514"
026500002021,265,02650000,Seekonk,2021,"2,077","22,173,871","15,952,238",28.06,"6,705,263",0,"22,657,501"
026500002022,265,02650000,Seekonk,2022,"2,048","22,858,887","16,514,693",27.75,"6,766,703",0,"23,281,396"
026600002007,266,02660000,Sharon,2007,"3,453","26,202,037","19,586,419",20.86,"6,615,618","344,988","26,202,037"
026600002008,266,02660000,Sharon,2008,"3,390","27,015,017","20,567,259",20.76,"6,785,118",0,"27,352,377"
026600002009,266,02660000,Sharon,2009,"3,345","28,024,962","21,309,075",17.74,"6,964,282",0,"28,273,357"
026600002010,266,02660000,Sharon,2010,"3,338","28,860,669","22,028,864",23.67,"6,824,996",0,"28,853,860"
026600002011,266,02660000,Sharon,2011,"3,360","28,790,564","22,591,942",22.62,"6,432,692",0,"29,024,634"
026600002012,266,02660000,Sharon,2012,"3,401","29,804,845","23,242,013",22.86,"6,562,832","95,607","29,804,845"
026600002013,266,02660000,Sharon,2013,"3,328","30,203,332","24,076,220",21.36,"6,695,952",0,"30,772,172"
026600002014,266,02660000,Sharon,2014,"3,388","31,456,583","24,940,038",20.61,"6,780,652",0,"31,720,690"
026600002015,266,02660000,Sharon,2015,"3,381","31,433,647","25,641,123",19.25,"6,865,177",0,"32,506,300"
026600002016,266,02660000,Sharon,2016,"3,414","32,275,546","26,573,303",17.50,"6,950,527",0,"33,523,830"
026600002017,266,02660000,Sharon,2017,"3,418","32,581,200","26,421,487",19.53,"7,138,517",0,"33,560,004"
026600002018,266,02660000,Sharon,2018,"3,401","33,110,464","27,317,316",17.50,"7,240,547",0,"34,557,863"
026600002019,266,02660000,Sharon,2019,"3,458","34,930,860","28,416,519",17.52,"7,344,287",0,"35,760,806"
026600002020,266,02660000,Sharon,2020,"3,505","37,027,112","29,719,389",17.50,"7,449,437",0,"37,168,826"
026600002021,266,02660000,Sharon,2021,"3,535","38,206,192","30,736,571",18.26,"7,469,972","20,184","38,206,543"
026600002022,266,02660000,Sharon,2022,"3,471","38,638,373","31,062,235",19.61,"8,528,536","106,166","39,590,771"
026700002007,267,02670000,Sheffield,2007,4,"43,399","32,920",19.60,"14,036","1,109","46,956"
026700002008,267,02670000,Sheffield,2008,4,"45,421","40,042",28.39,"14,610",0,"54,652"
026700002009,267,02670000,Sheffield,2009,3,"35,830","28,711",29.61,"14,760",0,"43,471"
026700002010,267,02670000,Sheffield,2010,3,"36,920","30,951",22.21,"14,465",0,"45,416"
026700002011,267,02670000,Sheffield,2011,2,"24,072","20,857",20.33,"13,886",0,"34,743"
026700002012,267,02670000,Sheffield,2012,2,"24,500","21,717",17.74,"13,886",0,"35,603"
026700002013,267,02670000,Sheffield,2013,4,"50,789","46,205",17.50,"13,886",0,"60,091"
026700002014,267,02670000,Sheffield,2014,5,"64,470","62,545",17.50,"13,886",0,"76,431"
026700002015,267,02670000,Sheffield,2015,6,"78,029","70,226",17.50,"13,886",0,"84,112"
026700002016,267,02670000,Sheffield,2016,7,"92,400","80,706",17.50,"13,886",0,"94,592"
026700002017,267,02670000,Sheffield,2017,8,"105,367","88,541",17.50,"16,826","2,940","105,367"
026700002018,267,02670000,Sheffield,2018,7,"93,918","79,039",17.50,"16,826",0,"95,865"
026700002019,267,02670000,Sheffield,2019,7,"96,860","79,910",17.50,"16,950",124,"96,860"
026700002020,267,02670000,Sheffield,2020,0,0,0,17.50,0,0,0
026700002021,267,02670000,Sheffield,2021,0,0,0,17.50,0,0,0
026700002022,267,02670000,Sheffield,2022,0,0,0,17.50,0,0,0
026800002007,268,02680000,Shelburne,2007,0,0,0,38.57,0,0,0
026800002008,268,02680000,Shelburne,2008,0,0,0,41.76,0,0,0
026800002009,268,02680000,Shelburne,2009,0,0,0,37.76,0,0,0
026800002010,268,02680000,Shelburne,2010,0,0,0,40.81,0,0,0
026800002011,268,02680000,Shelburne,2011,1,"12,036","7,620",41.65,"4,416","4,416","12,036"
026800002012,268,02680000,Shelburne,2012,1,"12,250","7,587",39.70,"4,663",247,"12,250"
026800002013,268,02680000,Shelburne,2013,1,"12,697","8,809",31.49,"4,663",0,"13,472"
026800002014,268,02680000,Shelburne,2014,1,"12,894","9,180",29.68,"4,663",0,"13,843"
026800002015,268,02680000,Shelburne,2015,1,"13,005","10,008",24.68,"4,663",0,"14,671"
026800002016,268,02680000,Shelburne,2016,0,0,0,24.59,0,0,0
026800002017,268,02680000,Shelburne,2017,0,0,0,29.43,0,0,0
026800002018,268,02680000,Shelburne,2018,0,0,0,24.00,0,0,0
026800002019,268,02680000,Shelburne,2019,1,"13,837","10,789",22.03,"3,071","3,048","13,860"
026800002020,268,02680000,Shelburne,2020,1,"14,372","10,195",29.07,"4,177","1,106","14,372"
026800002021,268,02680000,Shelburne,2021,1,"14,658","10,057",31.39,"4,601",424,"14,658"
026800002022,268,02680000,Shelburne,2022,0,0,0,25.85,0,0,0
026900002007,269,02690000,Sherborn,2007,471,"3,421,487","3,345,012",17.50,"392,337",0,"3,737,349"
026900002008,269,02690000,Sherborn,2008,474,"3,609,944","3,395,988",17.50,"464,158",0,"3,860,146"
026900002009,269,02690000,Sherborn,2009,491,"3,944,873","3,531,728",17.50,"538,802",0,"4,070,530"
026900002010,269,02690000,Sherborn,2010,484,"4,018,165","3,568,870",17.50,"528,026",0,"4,096,896"
026900002011,269,02690000,Sherborn,2011,450,"3,616,285","3,274,399",17.50,"497,179",0,"3,771,578"
026900002012,269,02690000,Sherborn,2012,429,"3,544,555","3,168,291",17.50,"499,848",0,"3,668,139"
026900002013,269,02690000,Sherborn,2013,389,"3,322,208","3,024,786",17.50,"515,408",0,"3,540,194"
026900002014,269,02690000,Sherborn,2014,394,"3,446,195","3,128,611",17.50,"525,258",0,"3,653,869"
026900002015,269,02690000,Sherborn,2015,379,"3,327,431","2,944,257",17.50,"545,223",0,"3,489,480"
026900002016,269,02690000,Sherborn,2016,378,"3,380,505","2,917,753",17.50,"554,673",0,"3,472,426"
026900002017,269,02690000,Sherborn,2017,383,"3,478,452","2,909,277",17.50,"575,738","14,502","3,485,015"
026900002018,269,02690000,Sherborn,2018,415,"3,806,639","3,143,918",17.50,"662,721","86,983","3,806,639"
026900002019,269,02690000,Sherborn,2019,404,"3,863,588","3,181,825",17.50,"681,763","19,042","3,863,588"
026900002020,269,02690000,Sherborn,2020,394,"3,922,730","3,236,252",17.50,"693,583","4,715","3,929,835"
026900002021,269,02690000,Sherborn,2021,400,"4,086,892","3,371,686",17.50,"715,207","21,623","4,086,893"
026900002022,269,02690000,Sherborn,2022,387,"4,092,250","3,376,106",17.50,"726,817",937,"4,102,923"
027000002007,270,02700000,Shirley,2007,887,"7,141,365","3,138,806",49.51,"4,154,632","7,340","7,293,438"
027000002008,270,02700000,Shirley,2008,885,"7,495,918","3,284,354",49.59,"4,330,455","56,932","7,614,809"
027000002009,270,02700000,Shirley,2009,874,"7,800,803","3,435,489",50.55,"4,484,574","34,859","7,920,063"
027000002010,270,02700000,Shirley,2010,846,"7,655,205","3,754,395",46.77,"4,394,883",0,"8,149,278"
027000002011,270,02700000,Shirley,2011,827,"7,370,762","3,788,039",45.81,"4,138,135",0,"7,926,174"
027000002012,270,02700000,Shirley,2012,0,0,0,47.27,0,0,0
027000002013,270,02700000,Shirley,2013,0,0,0,45.71,0,0,0
027000002014,270,02700000,Shirley,2014,0,0,0,44.87,0,0,0
027000002015,270,02700000,Shirley,2015,0,0,0,45.15,0,0,0
027000002016,270,02700000,Shirley,2016,0,0,0,45.08,0,0,0
027000002017,270,02700000,Shirley,2017,0,0,0,44.91,0,0,0
027000002018,270,02700000,Shirley,2018,0,0,0,43.02,0,0,0
027000002019,270,02700000,Shirley,2019,0,0,0,43.09,0,0,0
027000002020,270,02700000,Shirley,2020,0,0,0,41.16,0,0,0
027000002021,270,02700000,Shirley,2021,0,0,0,38.36,0,0,0
027000002022,270,02700000,Shirley,2022,0,0,0,38.43,0,0,0
027100002007,271,02710000,Shrewsbury,2007,"5,705","43,006,922","27,107,973",26.19,"15,898,949","2,098,342","43,006,922"
027100002008,271,02710000,Shrewsbury,2008,"5,811","46,216,469","28,796,799",28.75,"17,419,670","1,520,721","46,216,469"
027100002009,271,02710000,Shrewsbury,2009,"5,852","49,163,923","30,297,112",28.05,"18,866,811","1,447,141","49,163,923"
027100002010,271,02710000,Shrewsbury,2010,"5,857","50,640,025","31,084,837",29.94,"18,489,475",0,"49,574,312"
027100002011,271,02710000,Shrewsbury,2011,"5,848","49,767,093","32,455,678",28.39,"18,412,775",0,"50,868,453"
027100002012,271,02710000,Shrewsbury,2012,"5,921","51,780,005","33,692,240",29.58,"18,511,623",0,"52,203,863"
027100002013,271,02710000,Shrewsbury,2013,"5,921","53,574,892","35,083,729",28.32,"18,748,463",0,"53,832,192"
027100002014,271,02710000,Shrewsbury,2014,"5,951","55,072,809","36,553,737",25.44,"18,897,238",0,"55,450,975"
027100002015,271,02710000,Shrewsbury,2015,"5,943","55,423,622","38,578,814",23.16,"19,045,813",0,"57,624,627"
027100002016,271,02710000,Shrewsbury,2016,"5,993","57,096,132","40,658,212",22.56,"19,195,638",0,"59,853,850"
027100002017,271,02710000,Shrewsbury,2017,"5,986","56,301,994","42,573,214",20.76,"19,524,868",0,"62,098,082"
027100002018,271,02710000,Shrewsbury,2018,"6,039","58,194,037","44,655,044",20.11,"19,706,038",0,"64,361,082"
027100002019,271,02710000,Shrewsbury,2019,"6,044","60,487,338","47,137,864",20.18,"19,887,358",0,"67,025,222"
027100002020,271,02710000,Shrewsbury,2020,"6,043","63,259,404","49,749,302",18.69,"20,068,648",0,"69,817,950"
027100002021,271,02710000,Shrewsbury,2021,"6,207","66,373,147","50,487,975",23.93,"20,068,648",0,"70,556,623"
027100002022,271,02710000,Shrewsbury,2022,"6,144","67,854,308","52,472,153",18.14,"20,252,968",0,"72,725,121"
027200002007,272,02720000,Shutesbury,2007,151,"1,097,675","693,858",56.95,"532,129",0,"1,225,987"
027200002008,272,02720000,Shutesbury,2008,148,"1,087,472","671,283",51.54,"540,635",0,"1,211,918"
027200002009,272,02720000,Shutesbury,2009,156,"1,238,145","732,474",50.32,"616,453",0,"1,348,927"
027200002010,272,02720000,Shutesbury,2010,149,"1,224,192","728,091",48.00,"604,124",0,"1,332,215"
027200002011,272,02720000,Shutesbury,2011,141,"1,121,281","660,237",48.20,"568,831",0,"1,229,068"
027200002012,272,02720000,Shutesbury,2012,138,"1,133,133","652,599",49.96,"571,885",0,"1,224,484"
027200002013,272,02720000,Shutesbury,2013,143,"1,250,486","696,787",49.92,"584,974",0,"1,281,761"
027200002014,272,02720000,Shutesbury,2014,132,"1,178,320","657,620",46.75,"588,274",0,"1,245,894"
027200002015,272,02720000,Shutesbury,2015,141,"1,268,846","689,268",47.56,"593,590",0,"1,282,858"
027200002016,272,02720000,Shutesbury,2016,146,"1,336,733","723,367",46.41,"613,366","19,776","1,336,733"
027200002017,272,02720000,Shutesbury,2017,118,"1,115,065","624,029",44.55,"619,856",0,"1,243,885"
027200002018,272,02720000,Shutesbury,2018,116,"1,157,849","680,124",41.44,"623,336",0,"1,303,460"
027200002019,272,02720000,Shutesbury,2019,118,"1,166,902","669,164",42.65,"626,876",0,"1,296,040"
027200002020,272,02720000,Shutesbury,2020,117,"1,321,151","730,491",44.71,"630,386",0,"1,360,877"
027200002021,272,02720000,Shutesbury,2021,105,"1,221,694","712,492",41.68,"630,386",0,"1,342,878"
027200002022,272,02720000,Shutesbury,2022,98,"1,167,666","713,413",38.90,"633,326",0,"1,346,739"
027300002007,273,02730000,Somerset,2007,"2,585","19,720,958","17,515,386",35.77,"3,559,416",0,"21,074,802"
027300002008,273,02730000,Somerset,2008,"2,606","20,657,265","16,992,794",32.75,"4,521,167","105,055","21,513,961"
027300002009,273,02730000,Somerset,2009,"2,571","21,503,416","16,475,983",33.02,"5,372,323","506,266","21,848,306"
027300002010,273,02730000,Somerset,2010,"2,502","21,570,952","16,298,338",34.21,"5,264,877",0,"21,563,215"
027300002011,273,02730000,Somerset,2011,"2,482","20,948,485","15,650,135",34.38,"5,196,688","236,641","20,846,823"
027300002012,273,02730000,Somerset,2012,"1,764","14,571,530","10,467,269",36.11,"4,104,261","585,252","14,571,530"
027300002013,273,02730000,Somerset,2013,"1,813","15,524,516","10,738,045",36.91,"5,022,378","682,210","15,760,423"
027300002014,273,02730000,Somerset,2014,"1,811","15,769,355","11,107,578",34.06,"5,109,544",0,"16,217,122"
027300002015,273,02730000,Somerset,2015,"1,808","16,069,095","11,192,906",33.72,"5,217,678",0,"16,410,584"
027300002016,273,02730000,Somerset,2016,"1,802","16,337,259","11,103,046",34.33,"5,262,728","16,535","16,365,774"
027300002017,273,02730000,Somerset,2017,"1,778","16,558,627","10,170,448",39.46,"6,388,179","1,125,451","16,558,627"
027300002018,273,02730000,Somerset,2018,"1,804","17,125,372","9,582,995",44.74,"7,542,377","1,154,198","17,125,372"
027300002019,273,02730000,Somerset,2019,"1,792","17,732,667","9,557,082",45.55,"8,175,585","633,208","17,732,667"
027300002020,273,02730000,Somerset,2020,"1,778","18,329,520","9,423,790",46.29,"8,920,409","730,145","18,344,199"
027300002021,273,02730000,Somerset,2021,"1,758","18,501,842","9,406,646",45.52,"9,096,902","174,787","18,503,548"
027300002022,273,02730000,Somerset,2022,"1,642","17,923,180","9,348,329",45.66,"9,146,162",0,"18,494,491"
027400002007,274,02740000,Somerville,2007,"5,388","52,325,941","38,065,244",17.50,"19,994,839",0,"58,060,083"
027400002008,274,02740000,Somerville,2008,"5,216","53,650,930","40,215,930",17.50,"20,255,639",0,"60,471,569"
027400002009,274,02740000,Somerville,2009,"5,138","55,603,077","42,134,230",17.50,"20,597,265",0,"62,731,495"
027400002010,274,02740000,Somerville,2010,"5,142","57,459,406","47,404,010",17.50,"20,185,320",0,"67,589,330"
027400002011,274,02740000,Somerville,2011,"5,146","56,711,003","48,121,353",17.50,"19,006,095",0,"67,127,448"
027400002012,274,02740000,Somerville,2012,"5,187","58,313,544","48,819,464",17.50,"19,108,128",0,"67,927,592"
027400002013,274,02740000,Somerville,2013,"5,219","60,645,451","50,545,090",17.50,"19,316,888",0,"69,861,978"
027400002014,274,02740000,Somerville,2014,"5,273","61,833,356","51,800,992",17.50,"19,448,713",0,"71,249,705"
027400002015,274,02740000,Somerville,2015,"5,351","62,767,270","52,703,692",17.50,"19,582,488",0,"72,286,180"
027400002016,274,02740000,Somerville,2016,"5,396","64,208,758","54,026,428",17.50,"19,717,388",0,"73,743,816"
027400002017,274,02740000,Somerville,2017,"5,322","62,011,655","51,954,315",17.50,"20,010,098",0,"71,964,413"
027400002018,274,02740000,Somerville,2018,"5,353","64,130,648","53,229,236",17.50,"20,170,688",0,"73,399,924"
027400002019,274,02740000,Somerville,2019,"5,278","65,998,570","54,448,820",17.50,"20,329,028",0,"74,777,848"
027400002020,274,02740000,Somerville,2020,"5,263","68,863,033","56,812,003",17.50,"20,486,918",0,"77,298,921"
027400002021,274,02740000,Somerville,2021,"5,282","72,325,603","59,668,622",17.50,"20,486,918",0,"80,155,540"
027400002022,274,02740000,Somerville,2022,"5,049","77,023,977","62,371,611",17.50,"20,638,388",0,"83,009,999"
027500002007,275,02750000,Southampton,2007,535,"4,033,880","2,117,278",50.61,"2,404,074",0,"4,521,352"
027500002008,275,02750000,Southampton,2008,529,"4,219,770","2,252,330",49.79,"2,496,629",0,"4,748,959"
027500002009,275,02750000,Southampton,2009,533,"4,454,455","2,332,152",50.05,"2,614,089",0,"4,946,241"
027500002010,275,02750000,Southampton,2010,523,"4,552,926","2,372,375",47.89,"2,561,807",0,"4,934,182"
027500002011,275,02750000,Southampton,2011,521,"4,426,093","2,463,679",45.79,"2,412,147",0,"4,875,826"
027500002012,275,02750000,Southampton,2012,507,"4,394,778","2,552,882",42.39,"2,425,096",0,"4,977,978"
027500002013,275,02750000,Southampton,2013,477,"4,300,264","2,555,321",40.81,"2,444,176",0,"4,999,497"
027500002014,275,02750000,Southampton,2014,484,"4,418,126","2,686,385",38.11,"2,456,276",0,"5,142,661"
027500002015,275,02750000,Southampton,2015,496,"4,598,040","2,840,365",37.49,"2,468,676",0,"5,309,041"
027500002016,275,02750000,Southampton,2016,490,"4,683,287","2,974,492",36.46,"2,480,926",0,"5,455,418"
027500002017,275,02750000,Southampton,2017,492,"4,702,769","3,078,158",34.90,"2,507,986",0,"5,586,144"
027500002018,275,02750000,Southampton,2018,492,"4,863,204","3,146,804",35.76,"2,522,746",0,"5,669,550"
027500002019,275,02750000,Southampton,2019,480,"4,914,639","3,298,766",32.88,"2,537,146",0,"5,835,912"
027500002020,275,02750000,Southampton,2020,478,"5,018,160","3,476,888",29.58,"2,551,486",0,"6,028,374"
027500002021,275,02750000,Southampton,2021,462,"4,972,548","3,367,625",32.28,"2,551,486",0,"5,919,111"
027500002022,275,02750000,Southampton,2022,448,"5,095,671","3,512,848",30.29,"2,564,926",0,"6,077,774"
027600002007,276,02760000,Southborough,2007,"1,516","11,112,364","8,827,786",17.50,"2,657,427",0,"11,485,213"
027600002008,276,02760000,Southborough,2008,"1,507","11,560,282","9,325,599",17.50,"2,735,813",0,"12,061,412"
027600002009,276,02760000,Southborough,2009,"1,525","12,278,598","9,676,623",17.50,"2,861,518",0,"12,538,141"
027600002010,276,02760000,Southborough,2010,"1,530","12,791,304","10,552,826",17.50,"2,804,288",0,"13,357,114"
027600002011,276,02760000,Southborough,2011,"1,492","12,125,426","10,423,982",17.50,"2,640,461",0,"13,064,443"
027600002012,276,02760000,Southborough,2012,"1,450","12,100,378","10,488,914",17.50,"2,654,636",0,"13,143,550"
027600002013,276,02760000,Southborough,2013,"1,400","12,191,121","10,539,005",17.50,"2,710,636",0,"13,249,641"
027600002014,276,02760000,Southborough,2014,"1,362","12,056,862","10,683,506",17.50,"2,744,686",0,"13,428,192"
027600002015,276,02760000,Southborough,2015,"1,323","11,801,364","10,384,154",17.50,"2,777,761",0,"13,161,915"
027600002016,276,02760000,Southborough,2016,"1,274","11,574,100","10,152,043",17.50,"2,809,611",0,"12,961,654"
027600002017,276,02760000,Southborough,2017,"1,234","11,260,409","9,485,040",17.50,"2,877,481",0,"12,362,521"
027600002018,276,02760000,Southborough,2018,"1,235","11,409,894","9,486,965",17.50,"2,914,531",0,"12,401,496"
027600002019,276,02760000,Southborough,2019,"1,213","11,677,612","9,634,030",17.50,"2,950,921",0,"12,584,951"
027600002020,276,02760000,Southborough,2020,"1,171","11,760,311","9,702,257",17.50,"2,986,051",0,"12,688,308"
027600002021,276,02760000,Southborough,2021,"1,225","12,497,360","10,310,322",17.50,"2,986,051",0,"13,296,373"
027600002022,276,02760000,Southborough,2022,"1,156","12,226,979","10,087,258",17.50,"3,020,731",0,"13,107,989"
027700002007,277,02770000,Southbridge,2007,"2,300","20,103,131","5,866,161",68.08,"14,851,612",0,"20,717,773"
027700002008,277,02770000,Southbridge,2008,"2,326","21,509,239","5,955,255",69.58,"15,829,982","702,372","21,785,237"
027700002009,277,02770000,Southbridge,2009,"2,260","22,155,409","6,064,486",70.05,"16,282,624","260,941","22,347,110"
027700002010,277,02770000,Southbridge,2010,"2,258","22,728,460","6,844,242",69.89,"15,956,972",0,"22,801,214"
027700002011,277,02770000,Southbridge,2011,"2,327","22,931,317","6,910,142",71.06,"15,713,770","702,482","22,623,912"
027700002012,277,02770000,Southbridge,2012,"2,387","24,396,091","7,165,928",71.65,"17,230,163","1,432,035","24,396,091"
027700002013,277,02770000,Southbridge,2013,"2,377","25,154,189","7,503,317",70.68,"17,682,899","420,709","25,186,216"
027700002014,277,02770000,Southbridge,2014,"2,420","26,268,572","7,736,324",71.90,"18,620,962","849,349","26,357,286"
027700002015,277,02770000,Southbridge,2015,"2,432","26,907,889","7,788,520",72.33,"19,119,369","498,407","26,907,889"
027700002016,277,02770000,Southbridge,2016,"2,437","27,590,854","7,902,804",72.16,"19,688,050","568,681","27,590,854"
027700002017,277,02770000,Southbridge,2017,"2,411","27,951,570","7,518,500",73.48,"20,433,070","745,020","27,951,570"
027700002018,277,02770000,Southbridge,2018,"2,380","28,503,932","7,316,033",74.63,"21,187,899","754,829","28,503,932"
027700002019,277,02770000,Southbridge,2019,"2,314","28,731,938","7,510,318",73.86,"21,257,319","33,721","28,767,637"
027700002020,277,02770000,Southbridge,2020,"2,324","30,836,389","7,846,557",74.06,"22,989,832","1,732,513","30,836,389"
027700002021,277,02770000,Southbridge,2021,"2,231","29,979,243","8,016,911",73.24,"22,989,832",0,"31,006,743"
027700002022,277,02770000,Southbridge,2022,"2,210","31,977,787","8,279,716",74.11,"23,698,071","708,239","31,977,787"
027800002007,278,02780000,South Hadley,2007,"2,229","17,331,910","11,613,713",41.60,"5,867,471","186,377","17,481,184"
027800002008,278,02780000,South Hadley,2008,"2,216","18,060,957","11,637,991",42.70,"6,422,966","555,495","18,060,957"
027800002009,278,02780000,South Hadley,2009,"2,252","19,336,376","11,671,079",43.73,"7,665,297","1,242,331","19,336,376"
027800002010,278,02780000,South Hadley,2010,"2,172","19,536,753","11,564,704",42.13,"7,511,991",0,"19,076,695"
027800002011,278,02780000,South Hadley,2011,"2,114","18,934,830","11,597,234",42.01,"7,506,322",0,"19,103,556"
027800002012,278,02780000,South Hadley,2012,"2,052","18,784,553","11,810,114",38.23,"7,546,619",0,"19,356,733"
027800002013,278,02780000,South Hadley,2013,"2,014","19,235,881","12,212,647",37.87,"7,627,179",0,"19,839,826"
027800002014,278,02780000,South Hadley,2014,"1,969","19,156,846","12,497,985",35.24,"7,676,404",0,"20,174,389"
027800002015,278,02780000,South Hadley,2015,"1,934","19,070,528","12,680,992",34.47,"7,724,754",0,"20,405,746"
027800002016,278,02780000,South Hadley,2016,"1,921","19,296,183","12,948,752",33.95,"7,772,779",0,"20,721,531"
027800002017,278,02780000,South Hadley,2017,"1,891","19,049,378","12,973,564",32.25,"7,876,784",0,"20,850,348"
027800002018,278,02780000,South Hadley,2018,"1,900","19,637,074","12,896,757",34.75,"7,933,784",0,"20,830,541"
027800002019,278,02780000,South Hadley,2019,"1,917","20,537,052","13,237,650",35.54,"7,991,294",0,"21,228,944"
027800002020,278,02780000,South Hadley,2020,"1,944","22,011,472","13,763,185",37.10,"8,248,287","256,993","22,011,472"
027800002021,278,02780000,South Hadley,2021,"1,941","22,558,199","14,027,360",37.82,"8,530,839","282,552","22,558,199"
027800002022,278,02780000,South Hadley,2022,"1,837","22,281,903","14,084,456",36.79,"8,585,949",0,"22,670,405"
027900002007,279,02790000,Southwick,2007,0,0,0,53.76,0,0,0
027900002008,279,02790000,Southwick,2008,0,0,0,50.98,0,0,0
027900002009,279,02790000,Southwick,2009,0,0,0,51.70,0,0,0
027900002010,279,02790000,Southwick,2010,0,0,0,48.52,0,0,0
027900002011,279,02790000,Southwick,2011,0,0,0,47.57,0,0,0
027900002012,279,02790000,Southwick,2012,0,0,0,43.66,0,0,0
027900002013,279,02790000,Southwick,2013,0,0,0,42.87,0,0,0
027900002014,279,02790000,Southwick,2014,0,0,0,41.16,0,0,0
027900002015,279,02790000,Southwick,2015,0,0,0,38.89,0,0,0
027900002016,279,02790000,Southwick,2016,0,0,0,37.27,0,0,0
027900002017,279,02790000,Southwick,2017,0,0,0,37.14,0,0,0
027900002018,279,02790000,Southwick,2018,0,0,0,35.19,0,0,0
027900002019,279,02790000,Southwick,2019,0,0,0,34.70,0,0,0
027900002020,279,02790000,Southwick,2020,0,0,0,33.43,0,0,0
027900002021,279,02790000,Southwick,2021,0,0,0,35.99,0,0,0
027900002022,279,02790000,Southwick,2022,0,0,0,31.61,0,0,0
028000002007,280,02800000,Spencer,2007,5,"54,248","12,811",55.86,"41,437","30,659","54,248"
028000002008,280,02800000,Spencer,2008,4,"45,421","12,291",55.71,"41,637",0,"53,928"
028000002009,280,02800000,Spencer,2009,0,0,0,57.17,0,0,0
028000002010,280,02800000,Spencer,2010,0,0,0,57.03,0,0,0
028000002011,280,02800000,Spencer,2011,1,"12,036","3,941",55.74,"8,095","8,095","12,036"
028000002012,280,02800000,Spencer,2012,1,"12,250","4,119",55.28,"8,131",36,"12,250"
028000002013,280,02800000,Spencer,2013,1,"12,697","4,307",54.73,"8,390",259,"12,697"
028000002014,280,02800000,Spencer,2014,2,"25,788","8,782",56.59,"17,006","8,616","25,788"
028000002015,280,02800000,Spencer,2015,4,"52,020","18,303",57.40,"33,717","16,711","52,020"
028000002016,280,02800000,Spencer,2016,6,"79,200","29,599",56.94,"49,601","15,884","79,200"
028000002017,280,02800000,Spencer,2017,5,"65,855","27,190",54.60,"49,601",0,"76,791"
028000002018,280,02800000,Spencer,2018,4,"53,667","23,403",54.78,"49,601",0,"73,004"
028000002019,280,02800000,Spencer,2019,3,"41,511","18,504",53.56,"41,511",0,"60,015"
028000002020,280,02800000,Spencer,2020,3,"43,115","19,467",51.72,"41,511",0,"60,978"
028000002021,280,02800000,Spencer,2021,2,"29,316","13,937",50.27,"29,316",0,"43,253"
028000002022,280,02800000,Spencer,2022,4,"59,811","28,819",50.25,"30,998","1,676","59,817"
028100002007,281,02810000,Springfield,2007,"27,786","262,628,553","30,283,760",81.14,"232,799,829","6,980,770","263,083,589"
028100002008,281,02810000,Springfield,2008,"28,699","286,041,159","31,670,757",82.09,"254,370,402","21,570,573","286,041,159"
028100002009,281,02810000,Springfield,2009,"28,235","296,198,428","33,567,836",82.35,"262,734,913","8,260,190","296,302,749"
028100002010,281,02810000,Springfield,2010,"28,343","305,615,195","33,218,730",82.07,"257,480,215",0,"290,698,945"
028100002011,281,02810000,Springfield,2011,"28,305","302,574,194","34,730,182",82.46,"262,704,775","6,343,406","297,434,957"
028100002012,281,02810000,Springfield,2012,"28,226","309,609,751","34,205,756",82.26,"275,403,995","11,288,904","309,609,751"
028100002013,281,02810000,Springfield,2013,"27,951","320,618,387","34,766,731",82.21,"285,851,656","10,447,661","320,618,387"
028100002014,281,02810000,Springfield,2014,"28,434","330,986,295","35,173,501",82.85,"295,812,794","9,961,138","330,986,295"
028100002015,281,02810000,Springfield,2015,"28,755","337,653,427","36,066,908",83.07,"301,586,519","5,773,725","337,653,427"
028100002016,281,02810000,Springfield,2016,"28,970","345,592,031","36,405,937",83.20,"309,186,094","7,599,575","345,592,031"
028100002017,281,02810000,Springfield,2017,"29,109","356,553,652","36,682,622",83.77,"319,871,030","10,684,936","356,553,652"
028100002018,281,02810000,Springfield,2018,"29,533","370,375,983","37,357,582",84.29,"333,018,401","13,147,371","370,375,983"
028100002019,281,02810000,Springfield,2019,"29,670","383,693,958","38,246,693",84.19,"345,447,265","12,428,864","383,693,958"
028100002020,281,02810000,Springfield,2020,"29,645","411,555,996","40,832,170",84.76,"370,723,826","25,276,561","411,555,996"
028100002021,281,02810000,Springfield,2021,"29,551","419,043,166","41,873,391",84.71,"377,169,775","6,445,949","419,043,166"
028100002022,281,02810000,Springfield,2022,"29,144","446,524,568","43,175,654",84.99,"403,348,914","26,179,139","446,524,568"
028200002007,282,02820000,Sterling,2007,0,0,0,30.64,0,0,0
028200002008,282,02820000,Sterling,2008,0,0,0,31.79,0,0,0
028200002009,282,02820000,Sterling,2009,0,0,0,32.13,0,0,0
028200002010,282,02820000,Sterling,2010,0,0,0,30.81,0,0,0
028200002011,282,02820000,Sterling,2011,0,0,0,31.30,0,0,0
028200002012,282,02820000,Sterling,2012,0,0,0,29.93,0,0,0
028200002013,282,02820000,Sterling,2013,0,0,0,30.53,0,0,0
028200002014,282,02820000,Sterling,2014,0,0,0,30.06,0,0,0
028200002015,282,02820000,Sterling,2015,0,0,0,29.24,0,0,0
028200002016,282,02820000,Sterling,2016,0,0,0,28.92,0,0,0
028200002017,282,02820000,Sterling,2017,0,0,0,26.56,0,0,0
028200002018,282,02820000,Sterling,2018,0,0,0,24.56,0,0,0
028200002019,282,02820000,Sterling,2019,0,0,0,27.72,0,0,0
028200002020,282,02820000,Sterling,2020,0,0,0,23.29,0,0,0
028200002021,282,02820000,Sterling,2021,0,0,0,22.19,0,0,0
028200002022,282,02820000,Sterling,2022,2,"29,906","24,672",17.50,"5,362","5,234","30,034"
028300002007,283,02830000,Stockbridge,2007,0,0,0,17.50,0,0,0
028300002008,283,02830000,Stockbridge,2008,0,0,0,17.50,0,0,0
028300002009,283,02830000,Stockbridge,2009,0,0,0,17.50,0,0,0
028300002010,283,02830000,Stockbridge,2010,0,0,0,17.50,0,0,0
028300002011,283,02830000,Stockbridge,2011,0,0,0,17.50,0,0,0
028300002012,283,02830000,Stockbridge,2012,0,0,0,17.50,0,0,0
028300002013,283,02830000,Stockbridge,2013,0,0,0,17.50,0,0,0
028300002014,283,02830000,Stockbridge,2014,0,0,0,17.50,0,0,0
028300002015,283,02830000,Stockbridge,2015,0,0,0,17.50,0,0,0
028300002016,283,02830000,Stockbridge,2016,0,0,0,17.50,0,0,0
028300002017,283,02830000,Stockbridge,2017,0,0,0,17.50,0,0,0
028300002018,283,02830000,Stockbridge,2018,0,0,0,17.50,0,0,0
028300002019,283,02830000,Stockbridge,2019,0,0,0,17.50,0,0,0
028300002020,283,02830000,Stockbridge,2020,0,0,0,17.50,0,0,0
028300002021,283,02830000,Stockbridge,2021,0,0,0,17.50,0,0,0
028300002022,283,02830000,Stockbridge,2022,0,0,0,17.50,0,0,0
028400002007,284,02840000,Stoneham,2007,"2,804","21,921,970","19,522,076",17.50,"3,032,206",0,"22,554,282"
028400002008,284,02840000,Stoneham,2008,"2,764","22,673,087","19,670,018",17.50,"3,312,881",0,"22,982,899"
028400002009,284,02840000,Stoneham,2009,"2,634","22,727,888","19,736,135",17.50,"3,532,166",0,"23,268,301"
028400002010,284,02840000,Stoneham,2010,"2,635","23,370,069","19,854,576",17.50,"3,461,523",0,"23,316,099"
028400002011,284,02840000,Stoneham,2011,"2,586","22,707,299","19,664,269",17.50,"3,310,118",0,"22,974,387"
028400002012,284,02840000,Stoneham,2012,"2,515","22,408,567","19,761,522",17.50,"3,327,888",0,"23,089,410"
028400002013,284,02840000,Stoneham,2013,"2,444","22,578,725","20,034,480",17.50,"3,483,735",0,"23,518,215"
028400002014,284,02840000,Stoneham,2014,"2,348","22,242,673","20,042,778",17.50,"3,585,918",0,"23,628,696"
028400002015,284,02840000,Stoneham,2015,"2,339","22,756,236","19,732,979",17.50,"3,779,409",0,"23,512,388"
028400002016,284,02840000,Stoneham,2016,"2,378","23,623,782","19,986,407",17.50,"3,838,859",0,"23,825,266"
028400002017,284,02840000,Stoneham,2017,"2,415","23,858,093","19,851,817",17.50,"4,059,406","167,417","23,911,223"
028400002018,284,02840000,Stoneham,2018,"2,425","24,538,425","20,290,210",17.50,"4,269,807","188,809","24,560,017"
028400002019,284,02840000,Stoneham,2019,"2,404","25,266,909","20,845,200",17.50,"4,421,709","173,494","25,266,909"
028400002020,284,02840000,Stoneham,2020,"2,464","26,898,863","21,654,643",17.50,"5,266,351","822,511","26,920,994"
028400002021,284,02840000,Stoneham,2021,"2,450","27,298,623","22,148,293",17.50,"5,266,351",0,"27,414,644"
028400002022,284,02840000,Stoneham,2022,"2,376","27,721,100","22,660,313",17.50,"5,337,631",0,"27,997,944"
028500002007,285,02850000,Stoughton,2007,"4,011","31,850,504","21,895,939",37.92,"9,954,565","1,173,708","31,850,504"
028500002008,285,02850000,Stoughton,2008,"3,997","33,770,063","22,305,523",38.44,"11,464,540","1,509,975","33,770,063"
028500002009,285,02850000,Stoughton,2009,"3,919","35,164,976","22,405,193",39.58,"12,759,783","1,295,243","35,164,976"
028500002010,285,02850000,Stoughton,2010,"3,890","35,727,786","22,804,647",39.79,"12,504,587",0,"35,309,234"
028500002011,285,02850000,Stoughton,2011,"3,808","34,710,176","22,865,525",39.37,"12,168,170",0,"35,033,695"
028500002012,285,02850000,Stoughton,2012,"3,781","35,682,635","22,821,888",40.69,"12,860,747","627,253","35,682,635"
028500002013,285,02850000,Stoughton,2013,"3,799","37,103,273","23,411,556",40.44,"14,019,929","830,970","37,431,485"
028500002014,285,02850000,Stoughton,2014,"3,742","37,422,638","23,911,700",40.51,"14,304,924",0,"38,216,624"
028500002015,285,02850000,Stoughton,2015,"3,696","37,491,591","23,503,750",40.41,"14,600,824",0,"38,104,574"
028500002016,285,02850000,Stoughton,2016,"3,724","38,474,629","23,660,828",41.19,"14,813,801","212,977","38,474,629"
028500002017,285,02850000,Stoughton,2017,"3,684","38,325,838","22,995,806",40.56,"15,330,032","516,231","38,325,838"
028500002018,285,02850000,Stoughton,2018,"3,651","38,830,415","23,973,760",38.35,"15,439,562",0,"39,413,322"
028500002019,285,02850000,Stoughton,2019,"3,714","41,181,929","25,335,924",38.35,"15,846,005","406,443","41,181,929"
028500002020,285,02850000,Stoughton,2020,"3,643","42,580,952","26,370,325",37.86,"16,210,627","364,622","42,580,952"
028500002021,285,02850000,Stoughton,2021,"3,644","44,058,290","27,084,504",38.53,"16,973,793","763,159","44,058,297"
028500002022,285,02850000,Stoughton,2022,"3,540","44,927,626","27,845,850",36.99,"17,235,177","107,983","45,081,027"
028600002007,286,02860000,Stow,2007,0,0,0,18.18,0,0,0
028600002008,286,02860000,Stow,2008,0,0,0,18.43,0,0,0
028600002009,286,02860000,Stow,2009,0,0,0,17.50,0,0,0
028600002010,286,02860000,Stow,2010,0,0,0,17.50,0,0,0
028600002011,286,02860000,Stow,2011,0,0,0,17.74,0,0,0
028600002012,286,02860000,Stow,2012,0,0,0,17.50,0,0,0
028600002013,286,02860000,Stow,2013,0,0,0,18.07,0,0,0
028600002014,286,02860000,Stow,2014,0,0,0,17.50,0,0,0
028600002015,286,02860000,Stow,2015,0,0,0,17.50,0,0,0
028600002016,286,02860000,Stow,2016,1,"13,656","11,465",17.50,"2,191","2,191","13,656"
028600002017,286,02860000,Stow,2017,1,"13,669","11,412",17.50,"2,257",66,"13,669"
028600002018,286,02860000,Stow,2018,2,"27,907","23,174",17.50,"4,733","2,476","27,907"
028600002019,286,02860000,Stow,2019,2,"28,686","23,666",17.50,"5,020",287,"28,686"
028600002020,286,02860000,Stow,2020,0,0,0,17.50,0,0,0
028600002021,286,02860000,Stow,2021,1,"15,241","12,573",17.50,"2,668","2,668","15,241"
028600002022,286,02860000,Stow,2022,1,"15,556","12,834",17.50,"2,736",54,"15,570"
028700002007,287,02870000,Sturbridge,2007,770,"5,516,983","4,220,516",38.36,"1,296,467","218,159","5,516,983"
028700002008,287,02870000,Sturbridge,2008,801,"5,996,978","4,176,875",38.07,"1,820,103","523,636","5,996,978"
028700002009,287,02870000,Sturbridge,2009,798,"6,345,206","4,283,593",38.28,"2,061,613","241,510","6,345,206"
028700002010,287,02870000,Sturbridge,2010,833,"6,820,126","4,456,964",37.29,"2,020,381",0,"6,477,345"
028700002011,287,02870000,Sturbridge,2011,821,"6,646,558","4,437,863",36.98,"2,225,107",0,"6,662,970"
028700002012,287,02870000,Sturbridge,2012,848,"6,992,372","4,640,856",36.52,"2,351,516","114,464","6,992,372"
028700002013,287,02870000,Sturbridge,2013,910,"7,793,154","5,063,140",37.11,"2,770,520","378,498","7,833,660"
028700002014,287,02870000,Sturbridge,2014,891,"7,764,310","4,966,483",39.53,"2,865,678","27,307","7,832,161"
028700002015,287,02870000,Sturbridge,2015,911,"8,029,576","4,960,281",40.94,"3,069,295","203,617","8,029,576"
028700002016,287,02870000,Sturbridge,2016,934,"8,483,866","4,983,525",43.46,"3,500,341","431,046","8,483,866"
028700002017,287,02870000,Sturbridge,2017,933,"8,568,351","4,799,267",44.71,"3,769,084","268,743","8,568,351"
028700002018,287,02870000,Sturbridge,2018,871,"8,170,416","4,697,967",42.73,"3,795,214",0,"8,493,181"
028700002019,287,02870000,Sturbridge,2019,870,"8,423,099","4,848,123",42.44,"3,821,314",0,"8,669,437"
028700002020,287,02870000,Sturbridge,2020,844,"8,568,656","4,956,813",42.06,"3,846,634",0,"8,803,447"
028700002021,287,02870000,Sturbridge,2021,870,"8,866,569","5,185,477",40.71,"3,846,634",0,"9,032,111"
028700002022,287,02870000,Sturbridge,2022,804,"8,608,625","5,070,480",39.43,"3,870,754",0,"8,941,234"
028800002007,288,02880000,Sudbury,2007,"3,070","22,258,494","18,693,151",17.50,"3,676,919","62,518","22,370,070"
028800002008,288,02880000,Sudbury,2008,"3,115","23,679,206","19,595,273",17.50,"4,083,933","407,014","23,679,206"
028800002009,288,02880000,Sudbury,2009,"3,070","24,596,035","20,228,054",17.50,"4,367,981","284,048","24,596,035"
028800002010,288,02880000,Sudbury,2010,"3,070","25,394,888","20,950,783",17.50,"4,280,621",0,"25,231,404"
028800002011,288,02880000,Sudbury,2011,"3,023","24,480,270","21,160,359",17.50,"4,184,481",0,"25,344,840"
028800002012,288,02880000,Sudbury,2012,"2,950","24,225,299","21,111,921",17.50,"4,206,945",0,"25,318,866"
028800002013,288,02880000,Sudbury,2013,"2,955","25,075,914","21,703,788",17.50,"4,325,145",0,"26,028,933"
028800002014,288,02880000,Sudbury,2014,"2,877","24,959,361","21,986,344",17.50,"4,397,070",0,"26,383,414"
028800002015,288,02880000,Sudbury,2015,"2,766","24,443,508","21,216,573",17.50,"4,466,220",0,"25,682,793"
028800002016,288,02880000,Sudbury,2016,"2,727","24,450,575","21,153,252",17.50,"4,534,395",0,"25,687,647"
028800002017,288,02880000,Sudbury,2017,"2,803","25,153,176","20,930,012",17.50,"4,688,560",0,"25,618,572"
028800002018,288,02880000,Sudbury,2018,"2,788","25,474,396","21,173,624",17.50,"4,829,178",0,"26,002,802"
028800002019,288,02880000,Sudbury,2019,"2,713","25,690,225","21,194,436",17.50,"4,910,568",0,"26,105,004"
028800002020,288,02880000,Sudbury,2020,"2,665","25,917,962","21,382,319",17.50,"4,990,518",0,"26,372,837"
028800002021,288,02880000,Sudbury,2021,"2,690","26,639,866","21,977,890",17.50,"4,990,518",0,"26,968,408"
028800002022,288,02880000,Sudbury,2022,"2,524","25,581,450","21,104,696",17.50,"5,066,238",0,"26,170,934"
028900002007,289,02890000,Sunderland,2007,190,"1,434,832","731,500",36.16,"853,199",0,"1,584,699"
028900002008,289,02890000,Sunderland,2008,188,"1,506,339","728,448",33.74,"877,325",0,"1,605,773"
028900002009,289,02890000,Sunderland,2009,186,"1,550,512","767,335",31.74,"891,346",0,"1,658,681"
028900002010,289,02890000,Sunderland,2010,190,"1,651,252","1,124,871",31.88,"873,519",0,"1,998,390"
028900002011,289,02890000,Sunderland,2011,167,"1,426,674","1,068,529",29.88,"822,488",0,"1,891,017"
028900002012,289,02890000,Sunderland,2012,160,"1,427,166","1,106,475",24.21,"826,903",0,"1,933,378"
028900002013,289,02890000,Sunderland,2013,154,"1,450,167","1,171,657",21.19,"833,063",0,"2,004,720"
028900002014,289,02890000,Sunderland,2014,156,"1,488,183","1,281,235",17.50,"836,963",0,"2,118,198"
028900002015,289,02890000,Sunderland,2015,173,"1,659,836","1,346,071",19.09,"841,288",0,"2,187,359"
028900002016,289,02890000,Sunderland,2016,175,"1,744,222","1,440,699",18.86,"845,663",0,"2,286,362"
028900002017,289,02890000,Sunderland,2017,181,"1,863,761","1,490,797",20.58,"855,618",0,"2,346,415"
028900002018,289,02890000,Sunderland,2018,197,"2,030,462","1,547,169",24.49,"861,528",0,"2,408,697"
028900002019,289,02890000,Sunderland,2019,192,"2,072,736","1,562,671",22.80,"867,288",0,"2,429,959"
028900002020,289,02890000,Sunderland,2020,185,"2,147,362","1,649,338",23.19,"872,838",0,"2,522,176"
028900002021,289,02890000,Sunderland,2021,171,"2,034,471","1,662,285",18.29,"872,838",0,"2,535,123"
028900002022,289,02890000,Sunderland,2022,141,"1,721,299","1,420,072",17.50,"877,068",0,"2,297,140"
029000002007,290,02900000,Sutton,2007,"1,632","12,029,950","7,218,489",38.26,"5,011,361","59,513","12,229,850"
029000002008,290,02900000,Sutton,2008,"1,644","12,654,101","7,579,591",37.52,"5,245,542","63,149","12,825,133"
029000002009,290,02900000,Sutton,2009,"1,632","13,334,010","8,022,384",36.88,"5,496,292","66,084","13,518,676"
029000002010,290,02900000,Sutton,2010,"1,632","13,738,054","8,347,934",39.11,"5,386,366",0,"13,734,300"
029000002011,290,02900000,Sutton,2011,"1,598","13,180,445","8,462,731",36.52,"5,075,229",0,"13,537,960"
029000002012,290,02900000,Sutton,2012,"1,577","13,280,919","8,832,665",33.13,"5,102,475",0,"13,935,140"
029000002013,290,02900000,Sutton,2013,"1,522","13,287,888","9,081,755",33.38,"5,163,355",0,"14,245,110"
029000002014,290,02900000,Sutton,2014,"1,524","13,559,814","9,456,038",30.29,"5,201,455",0,"14,657,493"
029000002015,290,02900000,Sutton,2015,"1,511","13,581,959","9,692,460",29.84,"5,239,230",0,"14,931,690"
029000002016,290,02900000,Sutton,2016,"1,490","13,719,823","9,853,703",29.35,"5,276,480",0,"15,130,183"
029000002017,290,02900000,Sutton,2017,"1,441","13,322,265","9,795,149",26.95,"5,355,735",0,"15,150,884"
029000002018,290,02900000,Sutton,2018,"1,422","13,414,412","9,713,548",28.22,"5,398,395",0,"15,111,943"
029000002019,290,02900000,Sutton,2019,"1,388","13,539,897","9,968,231",26.04,"5,440,035",0,"15,408,266"
029000002020,290,02900000,Sutton,2020,"1,326","13,566,436","10,402,774",21.00,"5,479,815",0,"15,882,589"
029000002021,290,02900000,Sutton,2021,"1,321","13,916,187","10,856,059",20.28,"5,479,815",0,"16,335,874"
029000002022,290,02900000,Sutton,2022,"1,257","13,690,364","11,091,587",17.50,"5,517,525",0,"16,609,112"
029100002007,291,02910000,Swampscott,2007,"2,148","16,210,766","15,382,522",17.50,"2,247,430",0,"17,629,952"
029100002008,291,02910000,Swampscott,2008,"2,204","17,414,724","15,557,542",17.50,"2,487,474",0,"18,045,016"
029100002009,291,02910000,Swampscott,2009,"2,156","17,927,585","15,655,737",17.50,"2,701,925",0,"18,357,662"
029100002010,291,02910000,Swampscott,2010,"2,166","18,487,893","15,778,863",17.50,"2,647,887",0,"18,426,750"
029100002011,291,02910000,Swampscott,2011,"2,164","18,190,629","16,021,305",17.50,"2,550,769",0,"18,572,074"
029100002012,291,02910000,Swampscott,2012,"2,149","18,506,840","16,211,795",17.50,"2,564,463",0,"18,776,258"
029100002013,291,02910000,Swampscott,2013,"2,145","19,282,648","16,709,525",17.50,"2,773,458","8,660","19,482,983"
029100002014,291,02910000,Swampscott,2014,"2,138","19,665,111","17,029,285",17.50,"2,940,442",0,"19,969,727"
029100002015,291,02910000,Swampscott,2015,"2,143","19,890,269","16,959,906",17.50,"3,140,515",0,"20,100,421"
029100002016,291,02910000,Swampscott,2016,"2,120","20,062,283","17,079,677",17.50,"3,193,515",0,"20,273,192"
029100002017,291,02910000,Swampscott,2017,"2,134","20,368,467","16,975,480",17.50,"3,392,987","199,472","20,368,467"
029100002018,291,02910000,Swampscott,2018,"2,119","20,655,964","17,159,833",17.50,"3,496,131","103,144","20,655,964"
029100002019,291,02910000,Swampscott,2019,"2,126","21,383,228","17,641,164",17.50,"3,742,064","245,933","21,383,228"
029100002020,291,02910000,Swampscott,2020,"2,134","22,677,172","18,340,193",17.50,"4,351,751","594,915","22,691,944"
029100002021,291,02910000,Swampscott,2021,"2,155","23,409,224","18,964,138",17.50,"4,447,386","93,335","23,411,524"
029100002022,291,02910000,Swampscott,2022,"2,086","23,502,231","19,389,341",17.50,"4,509,966",0,"23,899,307"
029200002007,292,02920000,Swansea,2007,"2,050","15,460,787","11,848,674",34.44,"4,383,583",0,"16,232,257"
029200002008,292,02920000,Swansea,2008,"2,046","16,127,292","12,243,842",29.36,"4,579,269",0,"16,823,111"
029200002009,292,02920000,Swansea,2009,"2,005","16,666,359","12,395,050",28.96,"4,735,383",0,"17,130,433"
029200002010,292,02920000,Swansea,2010,"2,021","17,381,654","12,399,806",31.33,"4,640,675",0,"17,040,481"
029200002011,292,02920000,Swansea,2011,"2,012","17,156,168","12,593,443",27.55,"4,690,809",0,"17,284,252"
029200002012,292,02920000,Swansea,2012,"1,983","17,312,134","12,740,418",31.10,"4,715,991",0,"17,456,409"
029200002013,292,02920000,Swansea,2013,"2,034","18,589,116","13,137,149",33.75,"5,657,432","735,976","18,794,581"
029200002014,292,02920000,Swansea,2014,"2,051","19,231,862","13,411,309",36.04,"6,098,206","163,121","19,509,515"
029200002015,292,02920000,Swansea,2015,"2,060","19,734,626","13,253,165",36.21,"6,481,461","383,255","19,734,626"
029200002016,292,02920000,Swansea,2016,"2,076","20,558,168","13,514,200",36.20,"7,043,968","562,507","20,558,168"
029200002017,292,02920000,Swansea,2017,"2,035","19,920,849","12,860,612",36.43,"7,327,857","16,269","20,188,469"
029200002018,292,02920000,Swansea,2018,"2,049","20,221,515","12,930,499",36.27,"7,716,864",0,"20,647,363"
029200002019,292,02920000,Swansea,2019,"2,080","21,190,612","13,387,790",35.88,"8,081,353","413,495","21,469,143"
029200002020,292,02920000,Swansea,2020,"2,097","22,235,383","13,936,344",37.32,"8,449,049","217,686","22,385,393"
029200002021,292,02920000,Swansea,2021,"2,115","22,877,752","14,533,757",36.23,"8,449,049",0,"22,982,806"
029200002022,292,02920000,Swansea,2022,"2,044","23,940,769","14,745,527",38.41,"9,195,242","746,193","23,940,769"
029300002007,293,02930000,Taunton,2007,"8,133","66,658,595","25,423,363",57.47,"41,894,411","605,345","67,317,774"
029300002008,293,02930000,Taunton,2008,"8,018","69,472,944","26,621,725",56.25,"43,477,482","956,808","70,099,207"
029300002009,293,02930000,Taunton,2009,"7,953","72,404,300","27,417,594",56.94,"45,146,596","1,509,224","72,564,190"
029300002010,293,02930000,Taunton,2010,"7,837","74,169,525","27,604,965",57.45,"44,243,664",0,"71,848,629"
029300002011,293,02930000,Taunton,2011,"7,851","72,854,522","28,606,446",57.69,"43,844,262",0,"72,450,708"
029300002012,293,02930000,Taunton,2012,"7,895","75,257,775","29,692,749",59.56,"45,565,026","1,485,389","75,257,775"
029300002013,293,02930000,Taunton,2013,"7,797","78,583,025","30,952,805",59.64,"47,630,220","2,065,194","78,583,025"
029300002014,293,02930000,Taunton,2014,"7,678","79,522,977","32,366,269",60.50,"47,822,170",0,"80,188,439"
029300002015,293,02930000,Taunton,2015,"7,851","83,736,225","33,362,611",61.48,"50,373,614","2,551,444","83,736,225"
029300002016,293,02930000,Taunton,2016,"7,916","86,795,146","33,623,458",62.82,"53,171,688","2,798,074","86,795,146"
029300002017,293,02930000,Taunton,2017,"8,061","89,152,710","33,343,214",63.01,"55,809,496","2,637,808","89,152,710"
029300002018,293,02930000,Taunton,2018,"8,012","91,224,276","33,052,858",64.12,"58,171,418","2,361,922","91,224,276"
029300002019,293,02930000,Taunton,2019,"8,126","94,602,367","34,133,205",63.92,"60,469,162","2,297,744","94,602,367"
029300002020,293,02930000,Taunton,2020,"8,057","100,148,666","35,674,642",63.97,"64,474,024","4,004,862","100,148,666"
029300002021,293,02930000,Taunton,2021,"8,113","103,523,190","36,893,138",64.36,"66,638,377","2,156,028","103,531,515"
029300002022,293,02930000,Taunton,2022,"7,953","107,043,468","38,153,915",63.83,"68,896,940","2,251,176","107,050,855"
029400002007,294,02940000,Templeton,2007,0,0,0,64.40,0,0,0
029400002008,294,02940000,Templeton,2008,0,0,0,61.61,0,0,0
029400002009,294,02940000,Templeton,2009,0,0,0,63.04,0,0,0
029400002010,294,02940000,Templeton,2010,0,0,0,60.92,0,0,0
029400002011,294,02940000,Templeton,2011,0,0,0,60.80,0,0,0
029400002012,294,02940000,Templeton,2012,0,0,0,61.48,0,0,0
029400002013,294,02940000,Templeton,2013,0,0,0,60.60,0,0,0
029400002014,294,02940000,Templeton,2014,0,0,0,60.57,0,0,0
029400002015,294,02940000,Templeton,2015,0,0,0,58.73,0,0,0
029400002016,294,02940000,Templeton,2016,0,0,0,60.59,0,0,0
029400002017,294,02940000,Templeton,2017,1,"13,171","4,915",61.94,"8,256","8,256","13,171"
029400002018,294,02940000,Templeton,2018,1,"13,417","5,085",61.80,"8,332",76,"13,417"
029400002019,294,02940000,Templeton,2019,1,"13,837","5,212",62.34,"8,632",293,"13,844"
029400002020,294,02940000,Templeton,2020,0,0,0,61.14,0,0,0
029400002021,294,02940000,Templeton,2021,0,0,0,62.52,0,0,0
029400002022,294,02940000,Templeton,2022,0,0,0,60.18,0,0,0
029500002007,295,02950000,Tewksbury,2007,"4,641","35,015,994","22,768,638",34.99,"12,514,712","316,596","35,283,350"
029500002008,295,02950000,Tewksbury,2008,"4,588","36,101,824","23,213,156",37.22,"12,918,858","373,956","36,132,014"
029500002009,295,02950000,Tewksbury,2009,"4,421","36,695,413","23,595,558",36.48,"13,139,908","180,997","36,735,466"
029500002010,295,02950000,Tewksbury,2010,"4,263","36,766,196","23,754,317",37.27,"12,877,110",0,"36,631,427"
029500002011,295,02950000,Tewksbury,2011,"4,099","34,573,601","23,683,428",35.25,"12,251,726",0,"35,935,154"
029500002012,295,02950000,Tewksbury,2012,"3,955","34,519,815","23,924,435",34.10,"12,317,499",0,"36,241,934"
029500002013,295,02950000,Tewksbury,2013,"3,886","35,261,727","24,776,381",32.80,"12,472,939",0,"37,249,320"
029500002014,295,02950000,Tewksbury,2014,"3,747","34,626,788","25,513,488",28.49,"12,566,614",0,"38,080,102"
029500002015,295,02950000,Tewksbury,2015,"3,737","35,271,376","26,187,077",28.18,"12,727,415",0,"38,914,492"
029500002016,295,02950000,Tewksbury,2016,"3,635","34,761,233","26,940,200",24.33,"12,818,290",0,"39,758,490"
029500002017,295,02950000,Tewksbury,2017,"3,523","33,549,032","26,824,591",20.90,"13,012,055",0,"39,836,646"
029500002018,295,02950000,Tewksbury,2018,"3,595","34,900,617","27,764,062",20.68,"13,119,905",0,"40,883,967"
029500002019,295,02950000,Tewksbury,2019,"3,475","34,817,274","28,182,890",19.05,"13,224,155",0,"41,407,045"
029500002020,295,02950000,Tewksbury,2020,"3,402","35,772,862","29,512,611",17.50,"13,326,215",0,"42,838,826"
029500002021,295,02950000,Tewksbury,2021,"3,364","35,851,430","29,577,430",17.50,"13,326,215",0,"42,903,645"
029500002022,295,02950000,Tewksbury,2022,"3,256","35,982,818","29,685,825",17.50,"13,423,895",0,"43,109,720"
029600002007,296,02960000,Tisbury,2007,338,"2,565,499","3,203,874",17.50,"330,733",0,"3,534,607"
029600002008,296,02960000,Tisbury,2008,337,"2,664,557","3,032,752",17.50,"371,402",0,"3,404,154"
029600002009,296,02960000,Tisbury,2009,342,"2,795,073","2,902,213",17.50,"410,255",0,"3,312,468"
029600002010,296,02960000,Tisbury,2010,342,"2,952,273","2,990,763",17.50,"402,050",0,"3,392,813"
029600002011,296,02960000,Tisbury,2011,331,"2,875,847","2,872,767",17.50,"378,562",0,"3,251,329"
029600002012,296,02960000,Tisbury,2012,353,"3,137,805","3,040,803",17.50,"380,594",0,"3,421,397"
029600002013,296,02960000,Tisbury,2013,373,"3,467,660","3,144,657",17.50,"395,514",0,"3,540,171"
029600002014,296,02960000,Tisbury,2014,366,"3,400,472","3,151,771",17.50,"404,664",0,"3,556,435"
029600002015,296,02960000,Tisbury,2015,364,"3,448,541","3,079,391",17.50,"474,255",0,"3,553,646"
029600002016,296,02960000,Tisbury,2016,378,"3,757,351","3,164,190",17.50,"593,161","118,906","3,757,351"
029600002017,296,02960000,Tisbury,2017,373,"3,769,020","3,133,723",17.50,"635,297","42,136","3,769,020"
029600002018,296,02960000,Tisbury,2018,365,"3,760,490","3,062,266",17.50,"698,224","62,927","3,760,490"
029600002019,296,02960000,Tisbury,2019,373,"3,990,247","3,288,715",17.50,"709,444","3,308","3,998,159"
029600002020,296,02960000,Tisbury,2020,347,"3,863,981","3,187,784",17.50,"719,854",0,"3,907,638"
029600002021,296,02960000,Tisbury,2021,371,"4,358,704","3,499,193",17.50,"859,511","139,657","4,358,704"
029600002022,296,02960000,Tisbury,2022,343,"4,207,932","3,462,684",17.50,"869,801",0,"4,332,485"
029700002007,297,02970000,Tolland,2007,0,0,0,17.50,0,0,0
029700002008,297,02970000,Tolland,2008,0,0,0,17.50,0,0,0
029700002009,297,02970000,Tolland,2009,0,0,0,17.50,0,0,0
029700002010,297,02970000,Tolland,2010,0,0,0,17.50,0,0,0
029700002011,297,02970000,Tolland,2011,0,0,0,17.50,0,0,0
029700002012,297,02970000,Tolland,2012,0,0,0,17.50,0,0,0
029700002013,297,02970000,Tolland,2013,0,0,0,17.50,0,0,0
029700002014,297,02970000,Tolland,2014,0,0,0,17.50,0,0,0
029700002015,297,02970000,Tolland,2015,0,0,0,17.50,0,0,0
029700002016,297,02970000,Tolland,2016,0,0,0,17.50,0,0,0
029700002017,297,02970000,Tolland,2017,0,0,0,17.50,0,0,0
029700002018,297,02970000,Tolland,2018,0,0,0,17.50,0,0,0
029700002019,297,02970000,Tolland,2019,0,0,0,17.50,0,0,0
029700002020,297,02970000,Tolland,2020,0,0,0,17.50,0,0,0
029700002021,297,02970000,Tolland,2021,0,0,0,17.50,0,0,0
029700002022,297,02970000,Tolland,2022,0,0,0,17.50,0,0,0
029800002007,298,02980000,Topsfield,2007,653,"4,657,196","3,710,245",17.50,"946,951","283,772","4,657,196"
029800002008,298,02980000,Topsfield,2008,631,"4,725,499","3,656,031",17.50,"1,069,468","122,517","4,725,499"
029800002009,298,02980000,Topsfield,2009,623,"4,933,644","3,831,911",17.50,"1,105,893","32,265","4,937,804"
029800002010,298,02980000,Topsfield,2010,615,"5,003,494","4,127,543",17.50,"1,083,775",0,"5,211,318"
029800002011,298,02980000,Topsfield,2011,603,"4,814,775","4,174,269",17.50,"1,020,461",0,"5,194,730"
029800002012,298,02980000,Topsfield,2012,590,"4,836,646","4,219,482",17.50,"1,025,939",0,"5,245,421"
029800002013,298,02980000,Topsfield,2013,570,"4,821,534","4,339,766",17.50,"1,048,739",0,"5,388,505"
029800002014,298,02980000,Topsfield,2014,559,"4,793,486","4,387,064",17.50,"1,062,714",0,"5,449,778"
029800002015,298,02980000,Topsfield,2015,572,"4,950,981","4,373,961",17.50,"1,093,858",0,"5,467,819"
029800002016,298,02980000,Topsfield,2016,558,"4,876,256","4,295,264",17.50,"1,107,808",0,"5,403,072"
029800002017,298,02980000,Topsfield,2017,586,"5,219,302","4,362,303",17.50,"1,140,038",0,"5,502,341"
029800002018,298,02980000,Topsfield,2018,576,"5,307,497","4,411,689",17.50,"1,157,318",0,"5,569,007"
029800002019,298,02980000,Topsfield,2019,577,"5,459,715","4,504,265",17.50,"1,174,628",0,"5,678,893"
029800002020,298,02980000,Topsfield,2020,591,"5,789,256","4,709,771",17.50,"1,192,358",0,"5,902,129"
029800002021,298,02980000,Topsfield,2021,627,"6,270,046","5,031,835",17.50,"1,239,023","45,853","6,270,858"
029800002022,298,02980000,Topsfield,2022,542,"5,583,547","4,606,426",17.50,"1,255,283",0,"5,861,709"
029900002007,299,02990000,Townsend,2007,1,"10,850","4,644",55.24,"8,090",0,"12,734"
029900002008,299,02990000,Townsend,2008,1,"11,355","5,441",55.46,"8,370",0,"13,811"
029900002009,299,02990000,Townsend,2009,1,"11,943","5,490",56.71,"8,704",0,"14,194"
029900002010,299,02990000,Townsend,2010,0,0,0,57.26,"8,530",0,"8,530"
029900002011,299,02990000,Townsend,2011,0,0,0,56.26,0,0,0
029900002012,299,02990000,Townsend,2012,0,0,0,53.55,0,0,0
029900002013,299,02990000,Townsend,2013,0,0,0,52.48,0,0,0
029900002014,299,02990000,Townsend,2014,0,0,0,51.31,0,0,0
029900002015,299,02990000,Townsend,2015,0,0,0,50.43,0,0,0
029900002016,299,02990000,Townsend,2016,0,0,0,50.81,0,0,0
029900002017,299,02990000,Townsend,2017,0,0,0,50.12,0,0,0
029900002018,299,02990000,Townsend,2018,0,0,0,46.86,0,0,0
029900002019,299,02990000,Townsend,2019,0,0,0,48.93,0,0,0
029900002020,299,02990000,Townsend,2020,0,0,0,48.60,0,0,0
029900002021,299,02990000,Townsend,2021,0,0,0,48.56,0,0,0
029900002022,299,02990000,Townsend,2022,0,0,0,45.80,0,0,0
030000002007,300,03000000,Truro,2007,224,"1,722,061","2,234,440",17.50,"237,454",0,"2,471,894"
030000002008,300,03000000,Truro,2008,199,"1,600,609","2,062,541",17.50,"250,250",0,"2,312,791"
030000002009,300,03000000,Truro,2009,195,"1,678,408","1,925,541",17.50,"264,595",0,"2,190,136"
030000002010,300,03000000,Truro,2010,200,"1,755,899","1,970,181",17.50,"259,303",0,"2,229,484"
030000002011,300,03000000,Truro,2011,187,"1,611,079","1,832,624",17.50,"244,155",0,"2,076,779"
030000002012,300,03000000,Truro,2012,196,"1,679,938","1,758,607",17.50,"245,466",0,"2,004,073"
030000002013,300,03000000,Truro,2013,203,"1,835,520","1,798,100",17.50,"253,586",0,"2,051,686"
030000002014,300,03000000,Truro,2014,196,"1,792,085","1,792,085",17.50,"258,486",0,"2,050,571"
030000002015,300,03000000,Truro,2015,194,"1,788,414","1,609,573",17.50,"277,556",0,"1,887,129"
030000002016,300,03000000,Truro,2016,197,"1,879,850","1,621,100",17.50,"282,481",0,"1,903,581"
030000002017,300,03000000,Truro,2017,199,"1,912,666","1,596,786",17.50,"315,880","33,399","1,912,666"
030000002018,300,03000000,Truro,2018,209,"2,003,680","1,618,203",17.50,"394,659","69,597","2,012,862"
030000002019,300,03000000,Truro,2019,192,"1,934,442","1,595,915",17.50,"391,237",0,"1,987,152"
030000002020,300,03000000,Truro,2020,220,"2,296,521","1,894,630",17.50,"402,446","10,654","2,297,076"
030000002021,300,03000000,Truro,2021,213,"2,296,769","1,894,834",17.50,"402,446",0,"2,297,280"
030000002022,300,03000000,Truro,2022,199,"2,253,510","1,859,146",17.50,"408,416",0,"2,267,562"
030100002007,301,03010000,Tyngsborough,2007,"2,098","15,541,437","8,616,640",43.36,"6,924,797","357,389","15,541,437"
030100002008,301,03010000,Tyngsborough,2008,"2,074","16,038,143","8,917,341",44.06,"7,143,646","196,005","16,060,987"
030100002009,301,03010000,Tyngsborough,2009,"2,064","16,743,698","9,241,021",44.48,"7,502,677","359,031","16,743,698"
030100002010,301,03010000,Tyngsborough,2010,"1,977","16,627,737","9,341,709",44.84,"7,352,623",0,"16,694,332"
030100002011,301,03010000,Tyngsborough,2011,"1,952","16,042,053","9,473,834",41.81,"6,923,083",0,"16,396,917"
030100002012,301,03010000,Tyngsborough,2012,"1,863","15,581,685","9,652,634",39.42,"6,960,249",0,"16,612,883"
030100002013,301,03010000,Tyngsborough,2013,"1,860","16,365,480","10,162,808",40.08,"7,034,649",0,"17,197,457"
030100002014,301,03010000,Tyngsborough,2014,"1,837","16,473,615","10,531,483",36.50,"7,080,574",0,"17,612,057"
030100002015,301,03010000,Tyngsborough,2015,"1,802","16,424,709","10,954,033",34.28,"7,125,624",0,"18,079,657"
030100002016,301,03010000,Tyngsborough,2016,"1,750","16,310,113","11,087,277",33.38,"7,169,374",0,"18,256,651"
030100002017,301,03010000,Tyngsborough,2017,"1,692","15,994,838","11,008,609",31.57,"7,262,434",0,"18,271,043"
030100002018,301,03010000,Tyngsborough,2018,"1,678","16,426,722","11,396,682",30.71,"7,312,774",0,"18,709,456"
030100002019,301,03010000,Tyngsborough,2019,"1,608","16,125,262","11,397,568",29.32,"7,361,014",0,"18,758,582"
030100002020,301,03010000,Tyngsborough,2020,"1,602","16,876,605","12,035,384",27.16,"7,409,074",0,"19,444,458"
030100002021,301,03010000,Tyngsborough,2021,"1,645","17,653,819","12,650,386",28.34,"7,409,074",0,"20,059,460"
030100002022,301,03010000,Tyngsborough,2022,"1,626","18,200,501","12,713,256",30.15,"7,457,854",0,"20,171,110"
030200002007,302,03020000,Tyringham,2007,29,"217,685","326,528",17.50,"32,324",0,"358,852"
030200002008,302,03020000,Tyringham,2008,32,"242,228","303,598",17.50,"36,619",0,"340,217"
030200002009,302,03020000,Tyringham,2009,27,"211,475","266,822",17.50,"37,969",0,"304,791"
030200002010,302,03020000,Tyringham,2010,28,"221,493","260,037",17.50,"37,209",0,"297,246"
030200002011,302,03020000,Tyringham,2011,32,"250,239","250,313",17.50,"35,721",0,"286,034"
030200002012,302,03020000,Tyringham,2012,30,"241,849","244,240",17.50,"35,721",0,"279,961"
030200002013,302,03020000,Tyringham,2013,31,"258,128","247,395",17.50,"35,721",0,"283,116"
030200002014,302,03020000,Tyringham,2014,29,"251,902","248,608",17.50,"35,721",0,"284,329"
030200002015,302,03020000,Tyringham,2015,29,"249,462","224,515",17.50,"38,498",0,"263,013"
030200002016,302,03020000,Tyringham,2016,28,"249,734","219,336",17.50,"38,498",0,"257,834"
030200002017,302,03020000,Tyringham,2017,26,"225,957","192,376",17.50,"38,498",0,"230,874"
030200002018,302,03020000,Tyringham,2018,27,"234,931","194,462",17.50,"40,469","1,971","234,931"
030200002019,302,03020000,Tyringham,2019,28,"251,822","202,533",17.50,"49,289","8,820","251,822"
030200002020,302,03020000,Tyringham,2020,32,"295,787","244,025",17.50,"51,836","2,473","295,861"
030200002021,302,03020000,Tyringham,2021,34,"321,153","264,951",17.50,"56,202","4,366","321,153"
030200002022,302,03020000,Tyringham,2022,32,"305,095","251,703",17.50,"57,162",0,"308,865"
030300002007,303,03030000,Upton,2007,1,"11,198","4,809",38.79,"7,349",0,"12,158"
030300002008,303,03030000,Upton,2008,4,"46,691","20,600",37.50,"26,091","18,742","46,691"
030300002009,303,03030000,Upton,2009,2,"24,535","10,563",39.38,"24,535",0,"35,098"
030300002010,303,03030000,Upton,2010,2,"25,382","11,203",41.48,"24,044",0,"35,247"
030300002011,303,03030000,Upton,2011,4,"49,252","23,544",38.52,"25,708","2,626","49,252"
030300002012,303,03030000,Upton,2012,1,"12,582","6,272",39.53,"12,582",0,"18,854"
030300002013,303,03030000,Upton,2013,2,"26,251","13,295",39.02,"12,956",374,"26,251"
030300002014,303,03030000,Upton,2014,3,"39,954","20,706",38.24,"19,248","6,292","39,954"
030300002015,303,03030000,Upton,2015,3,"40,041","21,792",37.79,"19,248",0,"41,040"
030300002016,303,03030000,Upton,2016,2,"27,008","15,988",35.15,"19,248",0,"35,236"
030300002017,303,03030000,Upton,2017,4,"52,684","34,232",32.31,"19,248",0,"53,480"
030300002018,303,03030000,Upton,2018,4,"53,667","35,821",29.19,"19,248",0,"55,069"
030300002019,303,03030000,Upton,2019,8,"110,697","75,315",29.03,"35,382","16,134","110,697"
030300002020,303,03030000,Upton,2020,9,"129,346","89,703",25.33,"39,799","4,261","129,502"
030300002021,303,03030000,Upton,2021,6,"87,947","63,657",25.55,"39,799",0,"103,456"
030300002022,303,03030000,Upton,2022,6,"89,717","68,168",24.02,"39,979",0,"108,147"
030400002007,304,03040000,Uxbridge,2007,"2,143","16,305,919","7,699,224",48.01,"9,271,984",0,"16,971,208"
030400002008,304,03040000,Uxbridge,2008,"2,083","16,540,052","8,083,909",45.19,"9,377,789",0,"17,461,698"
030400002009,304,03040000,Uxbridge,2009,"2,027","17,120,712","8,646,597",46.26,"9,646,402",0,"18,292,999"
030400002010,304,03040000,Uxbridge,2010,"2,018","17,477,190","9,596,633",45.09,"9,453,474",0,"19,050,107"
030400002011,304,03040000,Uxbridge,2011,"2,006","17,147,339","9,663,507",44.52,"8,901,203",0,"18,564,710"
030400002012,304,03040000,Uxbridge,2012,"1,948","16,877,043","9,962,236",42.11,"8,948,989",0,"18,911,225"
030400002013,304,03040000,Uxbridge,2013,"1,925","17,330,083","10,285,734",41.32,"9,025,989",0,"19,311,723"
030400002014,304,03040000,Uxbridge,2014,"1,937","17,729,557","10,515,859",41.71,"9,074,414",0,"19,590,273"
030400002015,304,03040000,Uxbridge,2015,"1,934","18,066,543","10,926,419",40.35,"9,122,764",0,"20,049,183"
030400002016,304,03040000,Uxbridge,2016,"1,934","18,526,072","11,067,180",42.14,"9,171,114",0,"20,238,294"
030400002017,304,03040000,Uxbridge,2017,"1,904","18,410,940","10,786,060",42.09,"9,275,834",0,"20,061,894"
030400002018,304,03040000,Uxbridge,2018,"1,869","18,455,125","11,060,991",40.32,"9,331,904",0,"20,392,895"
030400002019,304,03040000,Uxbridge,2019,"1,779","18,397,205","11,363,380",38.23,"9,385,304",0,"20,748,684"
030400002020,304,03040000,Uxbridge,2020,"1,777","19,102,321","11,756,863",36.41,"9,438,614",0,"21,195,477"
030400002021,304,03040000,Uxbridge,2021,"1,776","19,464,064","12,445,154",36.06,"9,438,614",0,"21,883,768"
030400002022,304,03040000,Uxbridge,2022,"1,693","19,398,107","12,927,160",33.36,"9,489,404",0,"22,416,564"
030500002007,305,03050000,Wakefield,2007,"3,423","26,617,789","24,791,745",17.50,"4,365,403",0,"29,157,148"
030500002008,305,03050000,Wakefield,2008,"3,461","28,230,853","24,914,208",17.50,"4,647,689",0,"29,561,897"
030500002009,305,03050000,Wakefield,2009,"3,437","29,490,622","25,175,571",17.50,"4,868,148",0,"30,043,719"
030500002010,305,03050000,Wakefield,2010,"3,390","30,299,105","25,233,915",19.36,"4,770,785",0,"30,004,700"
030500002011,305,03050000,Wakefield,2011,"3,350","29,492,137","25,278,570",18.32,"4,769,282",0,"30,047,852"
030500002012,305,03050000,Wakefield,2012,"3,391","30,243,376","25,690,110",19.00,"4,794,886",0,"30,484,996"
030500002013,305,03050000,Wakefield,2013,"3,395","31,226,177","26,692,542",17.50,"4,962,310",0,"31,654,852"
030500002014,305,03050000,Wakefield,2014,"3,414","31,777,097","27,531,423",17.50,"5,111,980",0,"32,643,403"
030500002015,305,03050000,Wakefield,2015,"3,380","31,933,216","27,532,408",17.50,"5,317,017",0,"32,849,425"
030500002016,305,03050000,Wakefield,2016,"3,374","32,600,249","27,898,292",17.50,"5,401,367",0,"33,299,659"
030500002017,305,03050000,Wakefield,2017,"3,477","34,230,684","28,386,107",17.50,"5,844,577","443,210","34,230,684"
030500002018,305,03050000,Wakefield,2018,"3,535","35,673,993","29,443,005",17.50,"6,230,988","386,411","35,673,993"
030500002019,305,03050000,Wakefield,2019,"3,488","36,359,382","29,996,491",17.50,"6,362,891","131,903","36,359,382"
030500002020,305,03050000,Wakefield,2020,"3,484","37,851,807","31,170,923",17.50,"6,720,549","317,993","37,891,472"
030500002021,305,03050000,Wakefield,2021,"3,480","38,545,138","31,799,739",17.50,"6,745,399","24,850","38,545,138"
030500002022,305,03050000,Wakefield,2022,"3,384","38,638,840","31,877,042",17.50,"6,846,919","16,399","38,723,961"
030600002007,306,03060000,Wales,2007,146,"1,097,739","542,623",58.85,"623,689",0,"1,166,312"
030600002008,306,03060000,Wales,2008,150,"1,214,082","568,369",58.74,"692,029","22,024","1,260,398"
030600002009,306,03060000,Wales,2009,131,"1,083,615","511,611",56.21,"698,579",0,"1,210,190"
030600002010,306,03060000,Wales,2010,150,"1,237,789","562,473",55.83,"684,608",0,"1,247,081"
030600002011,306,03060000,Wales,2011,150,"1,290,630","586,443",57.50,"690,675","46,963","1,277,118"
030600002012,306,03060000,Wales,2012,150,"1,324,351","599,347",54.87,"725,004","30,621","1,324,351"
030600002013,306,03060000,Wales,2013,142,"1,325,357","604,836",54.00,"730,684",0,"1,335,520"
030600002014,306,03060000,Wales,2014,133,"1,277,849","602,399",54.68,"734,009",0,"1,336,408"
030600002015,306,03060000,Wales,2015,141,"1,356,195","645,271",53.64,"737,534",0,"1,382,805"
030600002016,306,03060000,Wales,2016,151,"1,467,393","661,118",56.30,"806,275","68,741","1,467,393"
030600002017,306,03060000,Wales,2017,156,"1,585,578","646,690",59.57,"938,888","132,613","1,585,578"
030600002018,306,03060000,Wales,2018,157,"1,580,013","594,640",62.87,"985,373","46,485","1,580,013"
030600002019,306,03060000,Wales,2019,157,"1,631,406","654,753",59.87,"990,083",0,"1,644,836"
030600002020,306,03060000,Wales,2020,143,"1,548,538","599,075",61.31,"994,373",0,"1,593,448"
030600002021,306,03060000,Wales,2021,145,"1,614,024","613,294",62.00,"1,000,730","6,357","1,614,024"
030600002022,306,03060000,Wales,2022,130,"1,543,004","564,773",63.40,"1,004,630",0,"1,569,403"
030700002007,307,03070000,Walpole,2007,"3,804","28,924,699","23,409,707",20.94,"5,514,992","1,014,768","28,924,699"
030700002008,307,03070000,Walpole,2008,"3,881","31,050,182","24,570,828",22.27,"6,479,354","964,362","31,050,182"
030700002009,307,03070000,Walpole,2009,"3,885","32,983,538","25,479,114",23.07,"7,504,424","1,025,070","32,983,538"
030700002010,307,03070000,Walpole,2010,"3,908","33,992,626","26,485,132",22.09,"7,354,336",0,"33,839,468"
030700002011,307,03070000,Walpole,2011,"3,820","32,863,428","26,734,779",21.17,"7,068,906",0,"33,803,685"
030700002012,307,03070000,Walpole,2012,"3,841","33,583,987","27,739,862",20.53,"7,106,855",0,"34,846,717"
030700002013,307,03070000,Walpole,2013,"3,879","35,385,663","28,681,277",22.55,"7,325,008",0,"36,006,285"
030700002014,307,03070000,Walpole,2014,"3,890","36,597,933","29,680,601",21.34,"7,446,256",0,"37,126,857"
030700002015,307,03070000,Walpole,2015,"3,869","36,833,860","30,016,055",20.85,"7,542,981",0,"37,559,036"
030700002016,307,03070000,Walpole,2016,"3,834","37,317,617","30,729,479",18.88,"7,638,831",0,"38,368,310"
030700002017,307,03070000,Walpole,2017,"3,818","36,843,723","30,659,945",17.50,"7,848,821",0,"38,508,766"
030700002018,307,03070000,Walpole,2018,"3,744","36,969,857","30,718,767",17.50,"7,961,141",0,"38,679,908"
030700002019,307,03070000,Walpole,2019,"3,732","38,230,558","31,540,211",17.50,"8,073,101",0,"39,613,312"
030700002020,307,03070000,Walpole,2020,"3,659","39,185,794","32,328,280",17.50,"8,182,871",0,"40,511,151"
030700002021,307,03070000,Walpole,2021,"3,587","39,454,988","32,550,365",17.50,"8,182,871",0,"40,733,236"
030700002022,307,03070000,Walpole,2022,"3,573","40,749,021","33,446,471",17.50,"8,290,061",0,"41,736,532"
030800002007,308,03080000,Waltham,2007,"4,823","42,761,500","59,697,543",17.50,"6,645,004",0,"66,342,547"
030800002008,308,03080000,Waltham,2008,"4,922","46,074,540","56,268,437",17.50,"7,224,786",0,"63,493,223"
030800002009,308,03080000,Waltham,2009,"4,804","48,110,738","52,317,305",17.50,"7,619,002",0,"59,936,307"
030800002010,308,03080000,Waltham,2010,"4,830","49,403,221","50,761,236",17.50,"7,466,622",0,"58,227,858"
030800002011,308,03080000,Waltham,2011,"4,831","47,912,898","48,460,847",17.50,"7,030,422",0,"55,491,269"
030800002012,308,03080000,Waltham,2012,"4,866","50,081,563","48,664,297",17.50,"7,068,165",0,"55,732,462"
030800002013,308,03080000,Waltham,2013,"5,045","54,877,132","50,008,834",17.50,"7,701,998",0,"57,710,832"
030800002014,308,03080000,Waltham,2014,"5,155","57,878,575","51,531,811",17.50,"8,308,686",0,"59,840,497"
030800002015,308,03080000,Waltham,2015,"5,195","58,974,378","51,151,815",17.50,"9,012,826",0,"60,164,641"
030800002016,308,03080000,Waltham,2016,"5,298","62,218,744","52,507,147",17.50,"9,711,597","698,771","62,218,744"
030800002017,308,03080000,Waltham,2017,"5,432","62,274,786","51,887,299",17.50,"10,863,166","675,890","62,750,465"
030800002018,308,03080000,Waltham,2018,"5,498","65,721,455","54,285,104",17.50,"12,031,585","573,185","66,316,689"
030800002019,308,03080000,Waltham,2019,"5,605","70,511,886","57,308,784",17.50,"13,203,102","1,766,751","70,511,886"
030800002020,308,03080000,Waltham,2020,"5,650","75,037,559","60,191,416",17.50,"14,846,143","1,643,041","75,037,559"
030800002021,308,03080000,Waltham,2021,"5,746","78,968,509","63,760,767",17.50,"15,541,249","361,599","79,302,016"
030800002022,308,03080000,Waltham,2022,"5,524","79,126,548","65,279,402",17.50,"15,706,969",0,"80,986,371"
030900002007,309,03090000,Ware,2007,"1,377","11,341,611","4,490,738",61.69,"7,590,105",0,"12,080,843"
030900002008,309,03090000,Ware,2008,"1,370","11,984,339","4,670,870",61.98,"7,988,468",0,"12,659,338"
030900002009,309,03090000,Ware,2009,"1,331","12,279,413","4,853,748",60.28,"8,166,339",0,"13,020,087"
030900002010,309,03090000,Ware,2010,"1,363","12,947,331","4,961,196",56.43,"8,003,012",0,"12,964,208"
030900002011,309,03090000,Ware,2011,"1,415","13,334,594","5,116,642",62.10,"8,060,271","535,060","13,176,913"
030900002012,309,03090000,Ware,2012,"1,385","13,217,324","5,226,096",60.20,"8,103,542",0,"13,329,638"
030900002013,309,03090000,Ware,2013,"1,371","13,610,889","5,398,699",59.79,"8,212,190","108,648","13,610,889"
030900002014,309,03090000,Ware,2014,"1,403","14,182,968","5,508,648",60.57,"8,674,320","462,130","14,182,968"
030900002015,309,03090000,Ware,2015,"1,394","14,311,777","5,575,059",61.52,"8,736,718","62,398","14,311,777"
030900002016,309,03090000,Ware,2016,"1,375","14,379,107","5,507,809",62.96,"8,871,298","134,580","14,379,107"
030900002017,309,03090000,Ware,2017,"1,393","14,839,037","5,469,680",63.53,"9,369,357","498,059","14,839,037"
030900002018,309,03090000,Ware,2018,"1,341","14,617,553","5,149,596",65.23,"9,467,957","98,600","14,617,553"
030900002019,309,03090000,Ware,2019,"1,308","14,793,547","5,213,248",64.76,"9,588,570","112,342","14,801,818"
030900002020,309,03090000,Ware,2020,"1,325","15,862,339","5,271,105",66.77,"10,591,234","1,002,664","15,862,339"
030900002021,309,03090000,Ware,2021,"1,289","15,723,621","5,305,670",66.26,"10,591,234",0,"15,896,904"
030900002022,309,03090000,Ware,2022,"1,277","16,595,927","5,393,117",67.50,"11,202,810","611,576","16,595,927"
031000002007,310,03100000,Wareham,2007,"3,302","27,620,252","16,502,182",47.29,"11,620,568",0,"28,122,750"
031000002008,310,03100000,Wareham,2008,"3,227","28,330,642","17,161,382",41.70,"11,916,801",0,"29,078,183"
031000002009,310,03100000,Wareham,2009,"3,191","29,713,675","17,701,346",41.58,"12,491,866","95,528","30,193,212"
031000002010,310,03100000,Wareham,2010,"3,117","30,323,434","17,409,106",42.64,"12,242,029",0,"29,651,135"
031000002011,310,03100000,Wareham,2011,"3,053","29,157,976","17,518,457",40.76,"12,159,874",0,"29,678,331"
031000002012,310,03100000,Wareham,2012,"2,991","28,986,212","17,900,064",41.64,"12,225,154",0,"30,125,218"
031000002013,310,03100000,Wareham,2013,"2,943","30,086,115","18,383,155",42.23,"12,345,207",0,"30,728,362"
031000002014,310,03100000,Wareham,2014,"2,862","29,686,081","18,523,807",41.17,"12,416,757",0,"30,940,564"
031000002015,310,03100000,Wareham,2015,"2,859","29,801,465","18,563,068",40.32,"12,488,232",0,"31,051,300"
031000002016,310,03100000,Wareham,2016,"2,815","30,579,433","18,285,648",42.99,"12,558,607",0,"30,844,255"
031000002017,310,03100000,Wareham,2017,"2,717","29,850,414","17,354,464",42.59,"12,708,042",0,"30,062,506"
031000002018,310,03100000,Wareham,2018,"2,680","30,448,305","17,216,125",43.95,"13,232,180","524,138","30,448,305"
031000002019,310,03100000,Wareham,2019,"2,556","30,391,882","17,563,012",42.21,"13,308,860",0,"30,871,872"
031000002020,310,03100000,Wareham,2020,"2,429","30,196,685","18,151,699",39.85,"13,381,730",0,"31,533,429"
031000002021,310,03100000,Wareham,2021,"2,403","29,995,900","18,760,166",37.46,"13,381,730",0,"32,141,896"
031000002022,310,03100000,Wareham,2022,"2,269","30,246,630","19,008,275",35.01,"13,449,800",0,"32,458,075"
031100002007,311,03110000,Warren,2007,59,"702,596","196,083",73.21,"506,513","152,793","702,596"
031100002008,311,03110000,Warren,2008,12,"158,055","44,646",72.23,"137,959",0,"182,605"
031100002009,311,03110000,Warren,2009,6,"71,661","20,366",71.72,"71,661",0,"92,027"
031100002010,311,03110000,Warren,2010,2,"24,613","7,172",69.96,"70,228",0,"77,400"
031100002011,311,03110000,Warren,2011,0,0,0,70.53,0,0,0
031100002012,311,03110000,Warren,2012,0,0,0,69.50,0,0,0
031100002013,311,03110000,Warren,2013,0,0,0,69.73,0,0,0
031100002014,311,03110000,Warren,2014,0,0,0,69.28,0,0,0
031100002015,311,03110000,Warren,2015,0,0,0,69.73,0,0,0
031100002016,311,03110000,Warren,2016,0,0,0,71.64,0,0,0
031100002017,311,03110000,Warren,2017,0,0,0,72.17,0,0,0
031100002018,311,03110000,Warren,2018,0,0,0,73.08,0,0,0
031100002019,311,03110000,Warren,2019,0,0,0,71.41,0,0,0
031100002020,311,03110000,Warren,2020,0,0,0,71.03,0,0,0
031100002021,311,03110000,Warren,2021,0,0,0,69.75,0,0,0
031100002022,311,03110000,Warren,2022,0,0,0,68.46,0,0,0
031200002007,312,03120000,Warwick,2007,0,0,0,60.35,0,0,0
031200002008,312,03120000,Warwick,2008,0,0,0,58.53,0,0,0
031200002009,312,03120000,Warwick,2009,0,0,0,53.23,0,0,0
031200002010,312,03120000,Warwick,2010,0,0,0,51.70,0,0,0
031200002011,312,03120000,Warwick,2011,0,0,0,51.33,0,0,0
031200002012,312,03120000,Warwick,2012,0,0,0,43.68,0,0,0
031200002013,312,03120000,Warwick,2013,0,0,0,46.20,0,0,0
031200002014,312,03120000,Warwick,2014,0,0,0,44.09,0,0,0
031200002015,312,03120000,Warwick,2015,0,0,0,44.21,0,0,0
031200002016,312,03120000,Warwick,2016,0,0,0,32.13,0,0,0
031200002017,312,03120000,Warwick,2017,0,0,0,27.85,0,0,0
031200002018,312,03120000,Warwick,2018,0,0,0,45.66,0,0,0
031200002019,312,03120000,Warwick,2019,0,0,0,45.56,0,0,0
031200002020,312,03120000,Warwick,2020,0,0,0,43.56,0,0,0
031200002021,312,03120000,Warwick,2021,0,0,0,33.48,0,0,0
031200002022,312,03120000,Warwick,2022,0,0,0,26.03,0,0,0
031300002007,313,03130000,Washington,2007,3,"32,549","18,105",45.91,"20,004",0,"38,109"
031300002008,313,03130000,Washington,2008,3,"34,066","20,948",45.86,"20,700",0,"41,648"
031300002009,313,03130000,Washington,2009,1,"11,943","6,978",45.52,"11,943",0,"18,921"
031300002010,313,03130000,Washington,2010,2,"24,613","16,085",34.65,"11,705",0,"27,790"
031300002011,313,03130000,Washington,2011,2,"24,072","16,378",34.38,"11,237",0,"27,615"
031300002012,313,03130000,Washington,2012,1,"12,250","9,358",17.50,"11,237",0,"20,595"
031300002013,313,03130000,Washington,2013,2,"25,394","19,302",19.79,"11,237",0,"30,539"
031300002014,313,03130000,Washington,2014,0,0,0,26.23,0,0,0
031300002015,313,03130000,Washington,2015,1,"13,005","10,244",17.50,"2,761","2,761","13,005"
031300002016,313,03130000,Washington,2016,1,"13,200","10,149",18.11,"3,051",290,"13,200"
031300002017,313,03130000,Washington,2017,1,"13,171","10,882",17.50,"3,051",0,"13,933"
031300002018,313,03130000,Washington,2018,2,"26,834","22,444",17.50,"4,390","1,339","26,834"
031300002019,313,03130000,Washington,2019,2,"27,674","22,157",18.06,"5,517","1,127","27,674"
031300002020,313,03130000,Washington,2020,2,"28,744","20,897",22.85,"7,847","2,330","28,744"
031300002021,313,03130000,Washington,2021,1,"14,658","10,895",23.06,"7,847",0,"18,742"
031300002022,313,03130000,Washington,2022,0,0,0,26.09,0,0,0
031400002007,314,03140000,Watertown,2007,"2,527","21,408,023","26,660,901",17.50,"2,840,200",0,"29,501,101"
031400002008,314,03140000,Watertown,2008,"2,548","22,755,172","25,584,736",17.50,"3,182,787",0,"28,767,523"
031400002009,314,03140000,Watertown,2009,"2,534","23,442,918","24,228,635",17.50,"3,486,296",0,"27,714,931"
031400002010,314,03140000,Watertown,2010,"2,558","24,506,187","24,010,035",17.50,"3,416,570",0,"27,426,605"
031400002011,314,03140000,Watertown,2011,"2,586","24,666,914","23,332,261",17.50,"3,216,974",0,"26,549,235"
031400002012,314,03140000,Watertown,2012,"2,650","25,827,066","23,433,118",17.50,"3,234,244",0,"26,667,362"
031400002013,314,03140000,Watertown,2013,"2,682","26,990,164","23,875,646",17.50,"3,341,524",0,"27,217,170"
031400002014,314,03140000,Watertown,2014,"2,729","28,042,729","24,440,387",17.50,"3,928,626","260,818","28,369,013"
031400002015,314,03140000,Watertown,2015,"2,776","28,744,450","24,409,669",17.50,"4,334,781","406,155","28,744,450"
031400002016,314,03140000,Watertown,2016,"2,590","26,987,816","23,909,715",17.50,"4,399,531",0,"28,309,246"
031400002017,314,03140000,Watertown,2017,"2,570","27,574,866","23,092,613",17.50,"4,540,881","82,722","27,633,494"
031400002018,314,03140000,Watertown,2018,"2,634","28,658,583","23,755,394",17.50,"4,903,189","362,308","28,658,583"
031400002019,314,03140000,Watertown,2019,"2,615","29,636,571","24,450,171",17.50,"5,186,400","283,211","29,636,571"
031400002020,314,03140000,Watertown,2020,"2,648","31,550,835","25,692,240",17.50,"5,858,595","672,195","31,550,835"
031400002021,314,03140000,Watertown,2021,"2,678","33,148,324","27,347,367",17.50,"5,858,595",0,"33,205,962"
031400002022,314,03140000,Watertown,2022,"2,607","33,614,343","27,731,833",17.50,"5,936,805","23,915","33,668,638"
031500002007,315,03150000,Wayland,2007,"2,849","21,706,401","22,177,863",17.50,"2,706,784",0,"24,884,647"
031500002008,315,03150000,Wayland,2008,"2,801","22,348,945","21,508,290",17.50,"3,068,068",0,"24,576,358"
031500002009,315,03150000,Wayland,2009,"2,744","23,105,603","21,557,416",17.50,"3,389,954",0,"24,947,370"
031500002010,315,03150000,Wayland,2010,"2,705","23,487,596","21,787,470",17.50,"3,322,155",0,"25,109,625"
031500002011,315,03150000,Wayland,2011,"2,689","22,901,224","21,497,031",17.50,"3,128,075",0,"24,625,106"
031500002012,315,03150000,Wayland,2012,"2,641","22,873,244","21,683,970",17.50,"3,144,868",0,"24,828,838"
031500002013,315,03150000,Wayland,2013,"2,635","23,638,559","22,212,916",17.50,"3,250,268",0,"25,463,184"
031500002014,315,03150000,Wayland,2014,"2,656","24,223,146","22,634,976",17.50,"3,316,668",0,"25,951,644"
031500002015,315,03150000,Wayland,2015,"2,644","24,309,849","21,783,923",17.50,"3,644,813",0,"25,428,736"
031500002016,315,03150000,Wayland,2016,"2,620","24,601,190","21,539,908",17.50,"3,710,313",0,"25,250,221"
031500002017,315,03150000,Wayland,2017,"2,637","24,640,383","20,643,819",17.50,"4,042,462","286,251","24,686,281"
031500002018,315,03150000,Wayland,2018,"2,602","25,043,290","20,778,238",17.50,"4,265,052","205,249","25,043,290"
031500002019,315,03150000,Wayland,2019,"2,647","26,378,777","21,731,959",17.50,"4,646,818","381,766","26,378,777"
031500002020,315,03150000,Wayland,2020,"2,663","27,841,233","22,568,639",17.50,"5,299,764","625,776","27,868,403"
031500002021,315,03150000,Wayland,2021,"2,653","28,213,341","23,276,007",17.50,"5,299,764",0,"28,575,771"
031500002022,315,03150000,Wayland,2022,"2,647","29,175,011","23,897,476",17.50,"5,379,174",0,"29,276,650"
031600002007,316,03160000,Webster,2007,"1,930","16,432,267","8,269,809",45.83,"8,162,458","763,114","16,432,267"
031600002008,316,03160000,Webster,2008,"1,994","17,755,145","8,781,928",44.78,"8,973,217","810,759","17,755,145"
031600002009,316,03160000,Webster,2009,"1,947","18,280,916","9,216,413",43.01,"9,199,351","91,286","18,415,764"
031600002010,316,03160000,Webster,2010,"1,990","19,369,599","9,323,234",47.11,"9,015,364",0,"18,338,598"
031600002011,316,03160000,Webster,2011,"1,988","19,122,110","9,432,847",47.91,"9,503,351","44,753","18,936,198"
031600002012,316,03160000,Webster,2012,"1,957","19,221,499","9,741,513",41.08,"9,554,369",0,"19,295,882"
031600002013,316,03160000,Webster,2013,"1,929","19,780,304","9,875,242",47.93,"9,905,062","350,693","19,780,304"
031600002014,316,03160000,Webster,2014,"1,974","20,497,533","10,176,657",49.94,"10,320,876","415,814","20,497,533"
031600002015,316,03160000,Webster,2015,"1,980","20,776,506","10,261,282",50.93,"10,515,224","194,348","20,776,506"
031600002016,316,03160000,Webster,2016,"1,990","21,401,885","10,346,397",52.99,"11,055,488","540,264","21,401,885"
031600002017,316,03160000,Webster,2017,"2,004","22,136,766","10,147,763",54.56,"11,989,003","933,515","22,136,766"
031600002018,316,03160000,Webster,2018,"1,989","22,425,991","10,170,354",54.91,"12,255,637","266,634","22,425,991"
031600002019,316,03160000,Webster,2019,"2,006","23,346,664","10,636,864",54.44,"12,709,800","454,163","23,346,664"
031600002020,316,03160000,Webster,2020,"1,966","24,776,508","11,062,493",55.35,"13,714,015","1,004,215","24,776,508"
031600002021,316,03160000,Webster,2021,"2,023","26,082,448","11,471,908",56.02,"14,610,856","896,525","26,082,764"
031600002022,316,03160000,Webster,2022,"1,870","25,360,639","11,546,702",53.19,"14,666,956",0,"26,213,658"
031700002007,317,03170000,Wellesley,2007,"4,578","35,128,684","32,249,496",17.50,"3,765,942",0,"36,015,438"
031700002008,317,03170000,Wellesley,2008,"4,653","37,728,351","33,113,521",17.50,"4,616,898","848,888","37,730,419"
031700002009,317,03170000,Wellesley,2009,"4,796","41,021,668","34,503,446",17.50,"6,518,222","1,901,324","41,021,668"
031700002010,317,03170000,Wellesley,2010,"4,920","43,474,466","35,866,435",17.50,"6,387,858",0,"42,254,293"
031700002011,317,03170000,Wellesley,2011,"4,889","42,176,324","36,405,114",17.50,"7,163,571",0,"43,568,685"
031700002012,317,03170000,Wellesley,2012,"4,917","42,989,228","37,498,680",17.50,"7,202,028",0,"44,700,708"
031700002013,317,03170000,Wellesley,2013,"5,002","45,335,500","38,747,883",17.50,"7,402,108",0,"46,149,991"
031700002014,317,03170000,Wellesley,2014,"4,972","46,194,905","39,997,992",17.50,"7,526,408",0,"47,524,400"
031700002015,317,03170000,Wellesley,2015,"5,050","47,297,421","40,402,136",17.50,"7,789,132",0,"48,191,268"
031700002016,317,03170000,Wellesley,2016,"5,081","48,641,678","41,171,516",17.50,"7,916,157",0,"49,087,673"
031700002017,317,03170000,Wellesley,2017,"5,095","49,005,991","40,807,164",17.50,"8,198,827","282,670","49,005,991"
031700002018,317,03170000,Wellesley,2018,"5,030","49,446,877","41,046,916",17.50,"8,399,961","201,134","49,446,877"
031700002019,317,03170000,Wellesley,2019,"5,029","51,173,115","42,217,820",17.50,"8,955,295","555,334","51,173,115"
031700002020,317,03170000,Wellesley,2020,"4,976","52,951,271","43,684,798",17.50,"9,273,504","311,178","52,958,302"
031700002021,317,03170000,Wellesley,2021,"4,876","52,873,251","43,620,433",17.50,"9,273,504",0,"52,893,937"
031700002022,317,03170000,Wellesley,2022,"4,466","49,998,664","41,248,897",17.50,"9,407,484",0,"50,656,381"
031800002007,318,03180000,Wellfleet,2007,141,"1,024,830","1,362,731",17.50,"134,999",0,"1,497,730"
031800002008,318,03180000,Wellfleet,2008,134,"1,014,001","1,199,684",17.50,"147,734",0,"1,347,418"
031800002009,318,03180000,Wellfleet,2009,129,"1,017,219","1,111,542",17.50,"157,726",0,"1,269,268"
031800002010,318,03180000,Wellfleet,2010,132,"1,114,135","1,172,923",17.50,"154,572",0,"1,327,495"
031800002011,318,03180000,Wellfleet,2011,146,"1,206,261","1,220,593",17.50,"145,542",0,"1,366,135"
031800002012,318,03180000,Wellfleet,2012,141,"1,181,906","1,149,462",17.50,"146,323",0,"1,295,785"
031800002013,318,03180000,Wellfleet,2013,129,"1,149,134","1,123,089",17.50,"151,483",0,"1,274,572"
031800002014,318,03180000,Wellfleet,2014,133,"1,232,951","1,194,924",17.50,"154,808",0,"1,349,732"
031800002015,318,03180000,Wellfleet,2015,132,"1,240,793","1,116,713",17.50,"176,624",0,"1,293,337"
031800002016,318,03180000,Wellfleet,2016,124,"1,150,250","993,135",17.50,"179,724",0,"1,172,859"
031800002017,318,03180000,Wellfleet,2017,108,"1,067,714","892,056",17.50,"185,664",0,"1,077,720"
031800002018,318,03180000,Wellfleet,2018,110,"1,107,735","917,147",17.50,"190,588","4,924","1,107,735"
031800002019,318,03180000,Wellfleet,2019,111,"1,136,908","937,949",17.50,"198,959","8,371","1,136,908"
031800002020,318,03180000,Wellfleet,2020,105,"1,139,476","940,068",17.50,"202,109",449,"1,142,177"
031800002021,318,03180000,Wellfleet,2021,115,"1,257,777","1,037,666",17.50,"220,111","18,002","1,257,777"
031800002022,318,03180000,Wellfleet,2022,114,"1,274,233","1,051,243",17.50,"223,660","2,879","1,274,903"
031900002007,319,03190000,Wendell,2007,0,0,0,55.90,0,0,0
031900002008,319,03190000,Wendell,2008,0,0,0,51.15,0,0,0
031900002009,319,03190000,Wendell,2009,0,0,0,48.06,0,0,0
031900002010,319,03190000,Wendell,2010,0,0,0,39.09,0,0,0
031900002011,319,03190000,Wendell,2011,0,0,0,24.58,0,0,0
031900002012,319,03190000,Wendell,2012,0,0,0,37.60,0,0,0
031900002013,319,03190000,Wendell,2013,0,0,0,36.73,0,0,0
031900002014,319,03190000,Wendell,2014,0,0,0,30.77,0,0,0
031900002015,319,03190000,Wendell,2015,0,0,0,32.04,0,0,0
031900002016,319,03190000,Wendell,2016,0,0,0,39.54,0,0,0
031900002017,319,03190000,Wendell,2017,0,0,0,48.65,0,0,0
031900002018,319,03190000,Wendell,2018,0,0,0,50.39,0,0,0
031900002019,319,03190000,Wendell,2019,0,0,0,48.33,0,0,0
031900002020,319,03190000,Wendell,2020,0,0,0,52.58,0,0,0
031900002021,319,03190000,Wendell,2021,0,0,0,58.96,0,0,0
031900002022,319,03190000,Wendell,2022,0,0,0,61.83,0,0,0
032000002007,320,03200000,Wenham,2007,0,0,0,17.50,0,0,0
032000002008,320,03200000,Wenham,2008,0,0,0,17.50,0,0,0
032000002009,320,03200000,Wenham,2009,0,0,0,17.50,0,0,0
032000002010,320,03200000,Wenham,2010,0,0,0,17.50,0,0,0
032000002011,320,03200000,Wenham,2011,0,0,0,17.50,0,0,0
032000002012,320,03200000,Wenham,2012,0,0,0,17.50,0,0,0
032000002013,320,03200000,Wenham,2013,0,0,0,17.50,0,0,0
032000002014,320,03200000,Wenham,2014,0,0,0,17.50,0,0,0
032000002015,320,03200000,Wenham,2015,1,"13,283","11,679",17.50,"8,422",0,"20,101"
032000002016,320,03200000,Wenham,2016,0,0,0,17.50,0,0,0
032000002017,320,03200000,Wenham,2017,0,0,0,17.50,0,0,0
032000002018,320,03200000,Wenham,2018,0,0,0,17.50,0,0,0
032000002019,320,03200000,Wenham,2019,0,0,0,17.50,0,0,0
032000002020,320,03200000,Wenham,2020,0,0,0,17.50,0,0,0
032000002021,320,03200000,Wenham,2021,0,0,0,17.50,0,0,0
032000002022,320,03200000,Wenham,2022,0,0,0,17.50,0,0,0
032100002007,321,03210000,Westborough,2007,"3,473","26,156,767","24,071,950",17.52,"3,129,366",0,"27,201,316"
032100002008,321,03210000,Westborough,2008,"3,446","27,284,908","24,682,401",18.82,"3,731,062",0,"28,413,463"
032100002009,321,03210000,Westborough,2009,"3,485","28,924,388","24,976,329",20.25,"4,432,684","216,997","29,409,013"
032100002010,321,03210000,Westborough,2010,"3,518","29,970,817","25,527,660",21.90,"4,344,030",0,"29,871,690"
032100002011,321,03210000,Westborough,2011,"3,536","29,700,461","25,642,790",20.26,"4,183,588",0,"29,826,378"
032100002012,321,03210000,Westborough,2012,"3,391","29,045,979","26,179,724",17.71,"4,206,047",0,"30,385,771"
032100002013,321,03210000,Westborough,2013,"3,366","30,072,174","26,844,072",17.57,"4,475,455",0,"31,319,527"
032100002014,321,03210000,Westborough,2014,"3,421","31,092,027","27,788,304",17.75,"4,736,300",0,"32,524,604"
032100002015,321,03210000,Westborough,2015,"3,465","31,788,293","27,852,628",17.50,"5,025,628",0,"32,878,256"
032100002016,321,03210000,Westborough,2016,"3,498","32,643,543","27,945,222",17.50,"5,113,078",0,"33,058,300"
032100002017,321,03210000,Westborough,2017,"3,563","33,283,538","27,451,731",18.55,"5,881,737","718,729","33,333,468"
032100002018,321,03210000,Westborough,2018,"3,849","36,606,246","28,766,772",21.50,"7,878,155","1,957,737","36,644,927"
032100002019,321,03210000,Westborough,2019,"3,749","37,382,714","29,912,840",19.98,"7,951,974",0,"37,864,814"
032100002020,321,03210000,Westborough,2020,"3,751","39,131,440","31,441,549",19.41,"8,064,504",0,"39,506,053"
032100002021,321,03210000,Westborough,2021,"3,783","40,523,119","32,212,271",20.51,"8,310,848","246,344","40,523,119"
032100002022,321,03210000,Westborough,2022,"3,821","42,200,577","31,967,462",24.25,"11,190,003","1,922,267","43,157,465"
032200002007,322,03220000,West Boylston,2007,"1,040","7,862,836","5,529,064",33.19,"2,737,047",0,"8,266,111"
032200002008,322,03220000,West Boylston,2008,"1,031","8,303,886","5,698,232",32.42,"2,880,036",0,"8,578,268"
032200002009,322,03220000,West Boylston,2009,"1,025","8,764,535","6,056,904",31.06,"3,023,114",0,"9,080,018"
032200002010,322,03220000,West Boylston,2010,982,"8,721,966","6,143,068",30.58,"2,962,652",0,"9,105,720"
032200002011,322,03220000,West Boylston,2011,968,"8,556,985","6,224,632",29.44,"2,789,574",0,"9,014,206"
032200002012,322,03220000,West Boylston,2012,918,"8,200,895","6,360,524",26.38,"2,804,550",0,"9,165,074"
032200002013,322,03220000,West Boylston,2013,924,"8,653,274","6,565,606",26.82,"2,841,510",0,"9,407,116"
032200002014,322,03220000,West Boylston,2014,922,"8,616,496","6,706,677",25.28,"2,864,560",0,"9,571,237"
032200002015,322,03220000,West Boylston,2015,893,"8,413,021","6,777,592",21.79,"2,886,885",0,"9,664,477"
032200002016,322,03220000,West Boylston,2016,896,"8,930,153","6,857,750",25.18,"2,909,285",0,"9,767,035"
032200002017,322,03220000,West Boylston,2017,868,"8,692,760","6,831,386",22.04,"2,957,025",0,"9,788,411"
032200002018,322,03220000,West Boylston,2018,862,"8,877,321","6,760,095",24.44,"2,982,885",0,"9,742,980"
032200002019,322,03220000,West Boylston,2019,851,"9,051,420","6,981,458",22.87,"3,008,415",0,"9,989,873"
032200002020,322,03220000,West Boylston,2020,853,"9,510,996","7,267,000",22.94,"3,034,005",0,"10,301,005"
032200002021,322,03220000,West Boylston,2021,854,"9,693,717","7,543,146",21.92,"3,034,005",0,"10,577,151"
032200002022,322,03220000,West Boylston,2022,832,"9,723,141","7,800,056",19.78,"3,058,965",0,"10,859,021"
032300002007,323,03230000,West Bridgewater,2007,999,"7,481,921","6,519,525",29.63,"1,739,647",0,"8,259,172"
032300002008,323,03230000,West Bridgewater,2008,"1,024","8,080,096","6,637,938",29.41,"1,930,660",0,"8,568,598"
032300002009,323,03230000,West Bridgewater,2009,"1,063","8,849,560","6,740,361",31.94,"2,226,304","178,539","8,966,665"
032300002010,323,03230000,West Bridgewater,2010,"1,087","9,332,740","6,973,221",31.63,"2,181,778",0,"9,154,999"
032300002011,323,03230000,West Bridgewater,2011,"1,083","9,121,055","6,925,166",31.07,"2,221,676",0,"9,146,842"
032300002012,323,03230000,West Bridgewater,2012,"1,093","9,407,934","6,966,042",32.04,"2,441,892","208,289","9,407,934"
032300002013,323,03230000,West Bridgewater,2013,"1,046","9,384,523","7,101,110",30.64,"2,550,273",0,"9,651,383"
032300002014,323,03230000,West Bridgewater,2014,"1,057","9,746,408","7,107,926",34.41,"2,817,296","88,209","9,925,222"
032300002015,323,03230000,West Bridgewater,2015,"1,052","9,789,063","6,918,340",34.29,"3,006,077","53,427","9,924,417"
032300002016,323,03230000,West Bridgewater,2016,"1,024","9,864,783","6,849,766",33.41,"3,031,677","8,940","9,881,443"
032300002017,323,03230000,West Bridgewater,2017,"1,050","10,285,489","6,653,790",36.11,"3,631,699","600,022","10,285,489"
032300002018,323,03230000,West Bridgewater,2018,"1,052","10,346,624","6,795,040",34.54,"3,663,259",0,"10,458,299"
032300002019,323,03230000,West Bridgewater,2019,"1,055","10,778,968","7,138,403",33.77,"3,694,909",0,"10,833,312"
032300002020,323,03230000,West Bridgewater,2020,"1,076","11,563,084","7,525,433",33.52,"4,058,306","342,742","11,583,739"
032300002021,323,03230000,West Bridgewater,2021,"1,107","12,165,316","8,009,301",33.64,"4,157,054","97,709","12,166,355"
032300002022,323,03230000,West Bridgewater,2022,"1,100","12,509,536","8,120,160",35.09,"4,569,989","232,322","12,690,149"
032400002007,324,03240000,West Brookfield,2007,32,"388,833","151,067",49.34,"237,766","94,012","388,833"
032400002008,324,03240000,West Brookfield,2008,27,"328,385","139,713",47.32,"239,116",0,"378,829"
032400002009,324,03240000,West Brookfield,2009,16,"214,017","95,359",45.82,"214,017",0,"309,376"
032400002010,324,03240000,West Brookfield,2010,18,"245,136","105,919",47.31,"209,737",0,"315,656"
032400002011,324,03240000,West Brookfield,2011,19,"251,779","114,004",45.87,"201,348",0,"315,352"
032400002012,324,03240000,West Brookfield,2012,17,"231,761","101,090",48.70,"201,348",0,"302,438"
032400002013,324,03240000,West Brookfield,2013,22,"303,706","139,106",44.86,"201,348",0,"340,454"
032400002014,324,03240000,West Brookfield,2014,23,"321,308","147,913",45.94,"201,348",0,"349,261"
032400002015,324,03240000,West Brookfield,2015,16,"233,036","115,505",45.00,"201,348",0,"316,853"
032400002016,324,03240000,West Brookfield,2016,25,"355,331","184,172",44.28,"201,348",0,"385,520"
032400002017,324,03240000,West Brookfield,2017,25,"354,550","186,072",45.93,"201,348",0,"387,420"
032400002018,324,03240000,West Brookfield,2018,34,"507,436","254,467",50.11,"252,969","51,621","507,436"
032400002019,324,03240000,West Brookfield,2019,45,"675,281","347,672",48.51,"327,609","74,640","675,281"
032400002020,324,03240000,West Brookfield,2020,42,"657,950","345,483",47.29,"327,609",0,"673,092"
032400002021,324,03240000,West Brookfield,2021,41,"656,386","351,215",46.49,"327,609",0,"678,824"
032400002022,324,03240000,West Brookfield,2022,37,"609,551","327,849",44.04,"328,719",0,"656,568"
032500002007,325,03250000,Westfield,2007,"6,415","53,649,787","21,748,478",61.08,"31,901,309","2,256,673","53,649,787"
032500002008,325,03250000,Westfield,2008,"6,320","55,203,858","22,572,618",60.45,"32,840,745","729,931","55,413,363"
032500002009,325,03250000,Westfield,2009,"6,202","57,201,000","23,301,263",60.20,"34,043,025","1,058,992","57,344,288"
032500002010,325,03250000,Westfield,2010,"6,122","58,064,881","23,683,434",58.92,"33,362,165",0,"57,045,599"
032500002011,325,03250000,Westfield,2011,"6,083","56,542,891","24,024,402",58.91,"32,372,885",0,"56,397,287"
032500002012,325,03250000,Westfield,2012,"5,890","56,348,312","24,659,576",56.32,"32,546,677",0,"57,206,253"
032500002013,325,03250000,Westfield,2013,"5,881","58,680,126","25,776,861",56.24,"32,927,874","356,588","58,704,735"
032500002014,325,03250000,Westfield,2014,"5,785","59,626,032","26,817,278",55.55,"33,072,499",0,"59,889,777"
032500002015,325,03250000,Westfield,2015,"5,685","59,091,821","27,452,394",54.40,"33,214,624",0,"60,667,018"
032500002016,325,03250000,Westfield,2016,"5,574","59,194,724","27,572,737",54.81,"33,353,974",0,"60,926,711"
032500002017,325,03250000,Westfield,2017,"5,504","59,795,241","26,781,337",55.73,"33,656,694",0,"60,438,031"
032500002018,325,03250000,Westfield,2018,"5,474","60,917,917","26,596,469",56.74,"34,321,448","664,754","60,917,917"
032500002019,325,03250000,Westfield,2019,"5,405","61,979,381","27,249,072",56.04,"34,730,309","408,861","61,979,381"
032500002020,325,03250000,Westfield,2020,"5,341","65,007,738","27,712,077",57.37,"37,295,661","2,565,352","65,007,738"
032500002021,325,03250000,Westfield,2021,"5,221","65,292,800","27,986,427",56.57,"37,306,373","10,712","65,292,800"
032500002022,325,03250000,Westfield,2022,"4,980","64,714,819","28,674,517",55.69,"37,455,773",0,"66,130,290"
032600002007,326,03260000,Westford,2007,"5,034","38,818,432","25,842,739",36.94,"12,975,693","1,670,491","38,818,432"
032600002008,326,03260000,Westford,2008,"5,055","40,555,313","26,531,707",38.17,"14,023,606","1,047,913","40,555,313"
032600002009,326,03260000,Westford,2009,"5,094","42,911,330","27,280,805",38.35,"15,630,525","1,606,919","42,911,330"
032600002010,326,03260000,Westford,2010,"5,133","44,563,082","27,807,520",38.12,"15,317,915",0,"43,125,435"
032600002011,326,03260000,Westford,2011,"5,086","42,723,467","28,681,127",36.35,"15,776,704",0,"44,457,831"
032600002012,326,03260000,Westford,2012,"5,086","43,881,686","29,241,053",35.99,"15,861,400",0,"45,102,453"
032600002013,326,03260000,Westford,2013,"5,065","45,585,175","30,308,996",36.14,"16,064,000",0,"46,372,996"
032600002014,326,03260000,Westford,2014,"5,035","45,685,221","31,603,683",32.17,"16,189,875",0,"47,793,558"
032600002015,326,03260000,Westford,2015,"4,959","45,600,414","32,229,875",31.38,"16,313,850",0,"48,543,725"
032600002016,326,03260000,Westford,2016,"4,911","45,124,999","33,597,365",26.68,"16,436,625",0,"50,033,990"
032600002017,326,03260000,Westford,2017,"4,908","45,233,495","33,677,123",26.15,"16,706,565",0,"50,383,688"
032600002018,326,03260000,Westford,2018,"4,883","46,319,271","35,059,135",24.31,"16,853,055",0,"51,912,190"
032600002019,326,03260000,Westford,2019,"4,851","47,840,867","36,197,500",23.55,"16,998,615",0,"53,196,115"
032600002020,326,03260000,Westford,2020,"4,854","50,292,113","37,292,159",24.78,"17,144,235",0,"54,436,394"
032600002021,326,03260000,Westford,2021,"4,715","49,470,078","38,573,963",21.93,"17,144,235",0,"55,718,198"
032600002022,326,03260000,Westford,2022,"4,586","49,437,145","38,453,895",22.22,"17,281,815",0,"55,735,710"
032700002007,327,03270000,Westhampton,2007,149,"1,161,648","830,817",48.59,"341,741","44,766","1,172,558"
032700002008,327,03270000,Westhampton,2008,148,"1,170,705","836,402",43.69,"392,663",0,"1,229,065"
032700002009,327,03270000,Westhampton,2009,139,"1,157,515","778,624",41.19,"420,422",0,"1,199,046"
032700002010,327,03270000,Westhampton,2010,145,"1,296,949","829,588",41.77,"412,014",0,"1,241,602"
032700002011,327,03270000,Westhampton,2011,143,"1,232,066","806,088",41.96,"440,058",0,"1,246,146"
032700002012,327,03270000,Westhampton,2012,135,"1,193,877","823,754",32.40,"442,420",0,"1,266,174"
032700002013,327,03270000,Westhampton,2013,130,"1,195,530","868,868",28.83,"447,620",0,"1,316,488"
032700002014,327,03270000,Westhampton,2014,131,"1,215,189","921,372",26.47,"450,895",0,"1,372,267"
032700002015,327,03270000,Westhampton,2015,138,"1,314,694","956,723",28.93,"454,345",0,"1,411,068"
032700002016,327,03270000,Westhampton,2016,137,"1,294,417","964,619",28.72,"457,770",0,"1,422,389"
032700002017,327,03270000,Westhampton,2017,140,"1,360,673","968,330",29.72,"465,470",0,"1,433,800"
032700002018,327,03270000,Westhampton,2018,131,"1,297,573","918,872",29.88,"469,400",0,"1,388,272"
032700002019,327,03270000,Westhampton,2019,131,"1,357,190","952,974",29.78,"473,330",0,"1,426,304"
032700002020,327,03270000,Westhampton,2020,127,"1,392,809","993,885",27.84,"477,140",0,"1,471,025"
032700002021,327,03270000,Westhampton,2021,116,"1,307,846","960,638",25.35,"477,140",0,"1,437,778"
032700002022,327,03270000,Westhampton,2022,103,"1,221,028","977,281",17.50,"480,230",0,"1,457,511"
032800002007,328,03280000,Westminster,2007,0,0,0,41.63,0,0,0
032800002008,328,03280000,Westminster,2008,0,0,0,46.08,0,0,0
032800002009,328,03280000,Westminster,2009,0,0,0,44.78,0,0,0
032800002010,328,03280000,Westminster,2010,0,0,0,45.99,0,0,0
032800002011,328,03280000,Westminster,2011,0,0,0,46.87,0,0,0
032800002012,328,03280000,Westminster,2012,0,0,0,46.33,0,0,0
032800002013,328,03280000,Westminster,2013,0,0,0,44.92,0,0,0
032800002014,328,03280000,Westminster,2014,0,0,0,45.75,0,0,0
032800002015,328,03280000,Westminster,2015,0,0,0,44.37,0,0,0
032800002016,328,03280000,Westminster,2016,0,0,0,45.24,0,0,0
032800002017,328,03280000,Westminster,2017,0,0,0,41.71,0,0,0
032800002018,328,03280000,Westminster,2018,0,0,0,40.24,0,0,0
032800002019,328,03280000,Westminster,2019,0,0,0,42.81,0,0,0
032800002020,328,03280000,Westminster,2020,0,0,0,44.58,0,0,0
032800002021,328,03280000,Westminster,2021,0,0,0,46.10,0,0,0
032800002022,328,03280000,Westminster,2022,0,0,0,43.75,0,0,0
032900002007,329,03290000,West Newbury,2007,0,0,0,17.50,0,0,0
032900002008,329,03290000,West Newbury,2008,0,0,0,17.50,0,0,0
032900002009,329,03290000,West Newbury,2009,0,0,0,17.50,0,0,0
032900002010,329,03290000,West Newbury,2010,0,0,0,17.50,0,0,0
032900002011,329,03290000,West Newbury,2011,0,0,0,17.50,0,0,0
032900002012,329,03290000,West Newbury,2012,0,0,0,17.50,0,0,0
032900002013,329,03290000,West Newbury,2013,0,0,0,17.50,0,0,0
032900002014,329,03290000,West Newbury,2014,0,0,0,17.50,0,0,0
032900002015,329,03290000,West Newbury,2015,1,"13,005","10,405",17.50,"13,005",0,"23,410"
032900002016,329,03290000,West Newbury,2016,1,"13,200","11,094",17.50,"13,005",0,"24,099"
032900002017,329,03290000,West Newbury,2017,0,0,0,17.50,0,0,0
032900002018,329,03290000,West Newbury,2018,1,"13,417","11,105",17.50,"2,312","2,312","13,417"
032900002019,329,03290000,West Newbury,2019,1,"13,837","11,416",17.50,"2,421",109,"13,837"
032900002020,329,03290000,West Newbury,2020,0,0,0,17.50,0,0,0
032900002021,329,03290000,West Newbury,2021,2,"29,316","24,185",17.50,"5,131","5,131","29,316"
032900002022,329,03290000,West Newbury,2022,2,"29,906","24,672",17.50,"5,263",103,"29,935"
033000002007,330,03300000,Weston,2007,"2,279","17,307,605","19,912,849",17.50,"1,790,526",0,"21,703,375"
033000002008,330,03300000,Weston,2008,"2,308","18,370,485","19,288,255",17.50,"2,217,819",0,"21,506,074"
033000002009,330,03300000,Weston,2009,"2,320","19,437,327","18,964,744",17.50,"2,608,444",0,"21,573,188"
033000002010,330,03300000,Weston,2010,"2,378","20,595,642","19,452,416",17.50,"2,556,275",0,"22,008,691"
033000002011,330,03300000,Weston,2011,"2,359","20,090,660","19,197,587",17.50,"2,406,938",0,"21,604,525"
033000002012,330,03300000,Weston,2012,"2,342","20,217,500","19,394,331",17.50,"2,419,859",0,"21,814,190"
033000002013,330,03300000,Weston,2013,"2,328","21,125,018","19,897,050",17.50,"2,512,979",0,"22,410,029"
033000002014,330,03300000,Weston,2014,"2,352","21,575,268","20,375,359",17.50,"2,571,779",0,"22,947,138"
033000002015,330,03300000,Weston,2015,"2,322","21,506,483","19,355,835",17.50,"2,988,929",0,"22,344,764"
033000002016,330,03300000,Weston,2016,"2,249","21,219,807","18,857,119",17.50,"3,045,154",0,"21,902,273"
033000002017,330,03300000,Weston,2017,"2,181","20,900,053","17,600,265",17.50,"3,299,788","254,634","20,900,053"
033000002018,330,03300000,Weston,2018,"2,159","21,251,738","17,672,626",17.50,"3,579,112","261,983","21,251,738"
033000002019,330,03300000,Weston,2019,"2,099","21,305,868","17,577,341",17.50,"3,728,527","149,415","21,305,868"
033000002020,330,03300000,Weston,2020,"2,119","22,508,838","18,569,791",17.50,"3,949,220","210,520","22,519,011"
033000002021,330,03300000,Weston,2021,"2,057","22,266,150","18,369,574",17.50,"3,949,220",0,"22,318,794"
033000002022,330,03300000,Weston,2022,"1,928","21,554,029","17,782,074",17.50,"4,007,060",0,"21,789,134"
033100002007,331,03310000,Westport,2007,"1,815","13,865,149","10,429,878",17.50,"4,191,901",0,"14,621,779"
033100002008,331,03310000,Westport,2008,"1,824","14,462,425","11,075,177",17.50,"4,296,424",0,"15,371,601"
033100002009,331,03310000,Westport,2009,"1,856","15,502,133","11,580,866",17.50,"4,478,373",0,"16,059,239"
033100002010,331,03310000,Westport,2010,"1,825","15,990,009","11,793,167",17.50,"4,388,806",0,"16,181,973"
033100002011,331,03310000,Westport,2011,"1,816","15,747,913","12,196,747",17.50,"4,132,413",0,"16,329,160"
033100002012,331,03310000,Westport,2012,"1,758","15,633,780","12,313,381",17.50,"4,154,597",0,"16,467,978"
033100002013,331,03310000,Westport,2013,"1,685","15,649,508","12,625,582",17.50,"4,221,997",0,"16,847,579"
033100002014,331,03310000,Westport,2014,"1,638","15,457,275","12,949,560",17.50,"4,262,947",0,"17,212,507"
033100002015,331,03310000,Westport,2015,"1,604","15,286,780","12,928,118",17.50,"4,303,047",0,"17,231,165"
033100002016,331,03310000,Westport,2016,"1,549","14,995,933","12,876,991",17.50,"4,341,772",0,"17,218,763"
033100002017,331,03310000,Westport,2017,"1,522","14,911,266","12,467,729",17.50,"4,425,482",0,"16,893,211"
033100002018,331,03310000,Westport,2018,"1,491","14,885,291","12,354,601",17.50,"4,470,212",0,"16,824,813"
033100002019,331,03310000,Westport,2019,"1,482","15,341,227","12,656,512",17.50,"4,514,672",0,"17,171,184"
033100002020,331,03310000,Westport,2020,"1,493","16,245,199","13,146,344",17.50,"4,559,462",0,"17,705,806"
033100002021,331,03310000,Westport,2021,"1,505","16,658,171","13,742,991",17.50,"4,559,462",0,"18,302,453"
033100002022,331,03310000,Westport,2022,"1,471","16,990,670","14,017,303",17.50,"4,603,592",0,"18,620,895"
033200002007,332,03320000,West Springfield,2007,"4,021","33,870,575","18,598,514",54.03,"15,272,061","1,826,891","33,870,575"
033200002008,332,03320000,West Springfield,2008,"3,970","35,265,587","18,707,901",54.42,"16,557,686","1,285,625","35,265,587"
033200002009,332,03320000,West Springfield,2009,"3,910","36,643,826","18,919,840",51.65,"17,723,986","1,166,300","36,643,826"
033200002010,332,03320000,West Springfield,2010,"3,942","38,205,385","19,265,177",50.71,"17,369,506",0,"36,634,683"
033200002011,332,03320000,West Springfield,2011,"3,935","37,738,816","19,240,559",53.29,"18,143,323","315,657","37,383,882"
033200002012,332,03320000,West Springfield,2012,"3,898","38,457,481","19,599,705",53.16,"18,857,776","617,052","38,457,481"
033200002013,332,03320000,West Springfield,2013,"3,836","39,534,882","20,240,555",51.53,"19,563,826","436,551","39,804,381"
033200002014,332,03320000,West Springfield,2014,"3,876","40,948,667","20,335,136",51.36,"20,717,957","1,049,705","41,053,093"
033200002015,332,03320000,West Springfield,2015,"3,871","41,551,687","20,188,627",51.77,"21,363,060","645,103","41,551,687"
033200002016,332,03320000,West Springfield,2016,"3,938","42,891,024","20,277,457",51.91,"22,613,567","1,250,507","42,891,024"
033200002017,332,03320000,West Springfield,2017,"3,980","44,295,065","20,212,569",52.82,"24,082,496","1,468,929","44,295,065"
033200002018,332,03320000,West Springfield,2018,"4,082","46,379,224","20,257,037",56.17,"26,122,187","2,039,691","46,379,224"
033200002019,332,03320000,West Springfield,2019,"4,106","48,360,495","20,291,474",57.20,"28,069,021","1,946,834","48,360,495"
033200002020,332,03320000,West Springfield,2020,"4,167","51,872,244","20,465,981",58.60,"31,406,263","3,337,242","51,872,244"
033200002021,332,03320000,West Springfield,2021,"4,138","52,593,244","20,539,659",58.78,"32,053,585","647,322","52,593,244"
033200002022,332,03320000,West Springfield,2022,"3,995","53,788,013","20,662,897",60.21,"33,125,116","1,071,531","53,788,013"
033300002007,333,03330000,West Stockbridge,2007,0,0,0,17.50,0,0,0
033300002008,333,03330000,West Stockbridge,2008,0,0,0,17.50,0,0,0
033300002009,333,03330000,West Stockbridge,2009,0,0,0,17.50,0,0,0
033300002010,333,03330000,West Stockbridge,2010,0,0,0,17.50,0,0,0
033300002011,333,03330000,West Stockbridge,2011,0,0,0,17.50,0,0,0
033300002012,333,03330000,West Stockbridge,2012,0,0,0,17.50,0,0,0
033300002013,333,03330000,West Stockbridge,2013,0,0,0,17.50,0,0,0
033300002014,333,03330000,West Stockbridge,2014,0,0,0,17.50,0,0,0
033300002015,333,03330000,West Stockbridge,2015,0,0,0,17.50,0,0,0
033300002016,333,03330000,West Stockbridge,2016,0,0,0,17.50,0,0,0
033300002017,333,03330000,West Stockbridge,2017,0,0,0,17.50,0,0,0
033300002018,333,03330000,West Stockbridge,2018,0,0,0,17.50,0,0,0
033300002019,333,03330000,West Stockbridge,2019,0,0,0,17.50,0,0,0
033300002020,333,03330000,West Stockbridge,2020,0,0,0,17.50,0,0,0
033300002021,333,03330000,West Stockbridge,2021,0,0,0,17.50,0,0,0
033300002022,333,03330000,West Stockbridge,2022,0,0,0,17.50,0,0,0
033400002007,334,03340000,West Tisbury,2007,0,0,0,17.50,0,0,0
033400002008,334,03340000,West Tisbury,2008,0,0,0,17.50,0,0,0
033400002009,334,03340000,West Tisbury,2009,0,0,0,17.50,0,0,0
033400002010,334,03340000,West Tisbury,2010,0,0,0,17.50,0,0,0
033400002011,334,03340000,West Tisbury,2011,0,0,0,17.50,0,0,0
033400002012,334,03340000,West Tisbury,2012,0,0,0,17.50,0,0,0
033400002013,334,03340000,West Tisbury,2013,0,0,0,17.50,0,0,0
033400002014,334,03340000,West Tisbury,2014,0,0,0,17.50,0,0,0
033400002015,334,03340000,West Tisbury,2015,0,0,0,17.50,0,0,0
033400002016,334,03340000,West Tisbury,2016,0,0,0,17.50,0,0,0
033400002017,334,03340000,West Tisbury,2017,0,0,0,17.50,0,0,0
033400002018,334,03340000,West Tisbury,2018,0,0,0,17.50,0,0,0
033400002019,334,03340000,West Tisbury,2019,0,0,0,17.50,0,0,0
033400002020,334,03340000,West Tisbury,2020,0,0,0,17.50,0,0,0
033400002021,334,03340000,West Tisbury,2021,0,0,0,17.50,0,0,0
033400002022,334,03340000,West Tisbury,2022,0,0,0,17.50,0,0,0
033500002007,335,03350000,Westwood,2007,"2,925","22,498,089","21,936,416",17.50,"2,588,559",0,"24,524,975"
033500002008,335,03350000,Westwood,2008,"3,030","24,472,148","22,175,336",17.50,"3,096,779",0,"25,272,115"
033500002009,335,03350000,Westwood,2009,"3,021","25,508,214","22,412,158",17.50,"3,547,941",0,"25,960,099"
033500002010,335,03350000,Westwood,2010,"3,074","26,986,270","22,996,257",17.50,"3,476,983",0,"26,473,240"
033500002011,335,03350000,Westwood,2011,"2,998","25,931,255","23,233,856",17.50,"3,756,916",0,"26,990,772"
033500002012,335,03350000,Westwood,2012,"3,052","26,758,357","23,390,650",17.50,"3,777,085",0,"27,167,735"
033500002013,335,03350000,Westwood,2013,"3,103","28,328,704","24,138,538",17.50,"4,382,005","413,081","28,520,543"
033500002014,335,03350000,Westwood,2014,"3,077","28,396,776","24,768,521",17.50,"4,528,863",0,"29,297,384"
033500002015,335,03350000,Westwood,2015,"3,110","29,096,357","24,830,260",17.50,"4,725,913",0,"29,556,173"
033500002016,335,03350000,Westwood,2016,"3,100","29,539,998","25,123,982",17.50,"4,803,413",0,"29,927,395"
033500002017,335,03350000,Westwood,2017,"3,063","29,301,470","24,485,112",17.50,"4,971,878","12,945","29,456,990"
033500002018,335,03350000,Westwood,2018,"3,077","30,014,822","24,903,789",17.50,"5,111,033","139,155","30,014,822"
033500002019,335,03350000,Westwood,2019,"3,012","30,492,582","25,156,380",17.50,"5,336,202","225,169","30,492,582"
033500002020,335,03350000,Westwood,2020,"2,978","31,407,909","25,911,525",17.50,"5,496,384","160,182","31,407,909"
033500002021,335,03350000,Westwood,2021,"3,001","32,201,274","26,566,051",17.50,"5,635,223","138,839","32,201,274"
033500002022,335,03350000,Westwood,2022,"2,941","32,473,680","26,790,785",17.50,"5,723,453","47,672","32,514,238"
033600002007,336,03360000,Weymouth,2007,"6,578","54,069,184","33,009,395",23.98,"21,059,789","1,415,553","54,069,184"
033600002008,336,03360000,Weymouth,2008,"6,670","57,436,766","35,313,488",27.39,"22,123,278","1,063,489","57,436,766"
033600002009,336,03360000,Weymouth,2009,"6,651","61,362,559","37,036,094",29.56,"24,326,465","2,203,187","61,362,559"
033600002010,336,03360000,Weymouth,2010,"6,562","62,237,991","37,337,725",30.37,"23,839,936",0,"61,177,661"
033600002011,336,03360000,Weymouth,2011,"6,641","62,823,243","38,124,103",32.09,"22,447,209","794,885","60,571,312"
033600002012,336,03360000,Weymouth,2012,"6,668","64,565,175","39,054,922",32.27,"25,510,253","2,932,992","64,565,175"
033600002013,336,03360000,Weymouth,2013,"6,680","67,376,256","40,341,671",32.43,"27,034,585","1,524,332","67,376,256"
033600002014,336,03360000,Weymouth,2014,"6,641","68,036,042","41,955,039",31.86,"27,200,610",0,"69,155,649"
033600002015,336,03360000,Weymouth,2015,"6,623","68,999,977","43,802,418",31.53,"27,366,185",0,"71,168,603"
033600002016,336,03360000,Weymouth,2016,"6,556","69,769,189","45,695,271",31.93,"27,530,085",0,"73,225,356"
033600002017,336,03360000,Weymouth,2017,"6,428","69,159,900","47,454,854",30.85,"27,883,625",0,"75,338,479"
033600002018,336,03360000,Weymouth,2018,"6,263","69,172,635","49,020,130",27.52,"28,071,515",0,"77,091,645"
033600002019,336,03360000,Weymouth,2019,"6,080","69,340,075","51,161,839",24.77,"28,253,945",0,"79,415,784"
033600002020,336,03360000,Weymouth,2020,"5,976","71,911,346","54,222,905",21.76,"28,433,225",0,"82,656,130"
033600002021,336,03360000,Weymouth,2021,"5,921","73,265,346","56,687,928",20.62,"28,433,225",0,"85,121,153"
033600002022,336,03360000,Weymouth,2022,"5,929","76,134,832","58,393,693",19.38,"28,611,095",0,"87,004,788"
033700002007,337,03370000,Whately,2007,115,"847,600","747,909",40.14,"172,888",0,"920,797"
033700002008,337,03370000,Whately,2008,104,"801,658","665,132",36.06,"207,745",0,"872,877"
033700002009,337,03370000,Whately,2009,102,"828,878","601,232",39.19,"246,385","19,901","847,617"
033700002010,337,03370000,Whately,2010,97,"831,399","581,336",39.65,"241,457",0,"822,793"
033700002011,337,03370000,Whately,2011,93,"770,959","548,156",38.77,"235,454",0,"783,610"
033700002012,337,03370000,Whately,2012,91,"778,132","571,400",32.95,"236,718",0,"808,118"
033700002013,337,03370000,Whately,2013,95,"871,685","643,358",17.50,"240,518",0,"883,876"
033700002014,337,03370000,Whately,2014,109,"1,002,642","761,189",26.55,"247,640",935,"1,008,829"
033700002015,337,03370000,Whately,2015,99,"973,888","773,751",24.08,"250,115",0,"1,023,866"
033700002016,337,03370000,Whately,2016,89,"877,254","745,655",17.50,"252,340",0,"997,995"
033700002017,337,03370000,Whately,2017,82,"852,416","714,075",17.50,"256,850",0,"970,925"
033700002018,337,03370000,Whately,2018,83,"869,184","720,991",17.50,"259,340",0,"980,331"
033700002019,337,03370000,Whately,2019,94,"981,560","785,698",18.90,"262,160",0,"1,047,858"
033700002020,337,03370000,Whately,2020,87,"968,969","792,219",18.24,"264,770",0,"1,056,989"
033700002021,337,03370000,Whately,2021,79,"904,197","739,905",18.17,"264,770",0,"1,004,675"
033700002022,337,03370000,Whately,2022,81,"961,185","774,927",19.38,"267,200",0,"1,042,127"
033800002007,338,03380000,Whitman,2007,14,"172,717","52,188",53.14,"126,825","33,427","179,013"
033800002008,338,03380000,Whitman,2008,14,"180,766","61,318",53.20,"131,107",0,"192,425"
033800002009,338,03380000,Whitman,2009,10,"119,435","40,958",52.79,"119,435",0,"160,393"
033800002010,338,03380000,Whitman,2010,9,"110,759","40,065",54.34,"117,046",0,"157,111"
033800002011,338,03380000,Whitman,2011,12,"167,528","60,734",55.37,"112,364",0,"173,098"
033800002012,338,03380000,Whitman,2012,11,"158,260","58,829",54.11,"112,364",0,"171,193"
033800002013,338,03380000,Whitman,2013,13,"189,431","70,715",53.29,"118,716","6,352","189,431"
033800002014,338,03380000,Whitman,2014,13,"192,367","71,155",55.34,"121,212","2,496","192,367"
033800002015,338,03380000,Whitman,2015,6,"78,029","29,915",55.21,"78,029",0,"107,944"
033800002016,338,03380000,Whitman,2016,9,"118,800","47,836",54.91,"78,029",0,"125,865"
033800002017,338,03380000,Whitman,2017,9,"118,538","48,874",55.77,"78,029",0,"126,903"
033800002018,338,03380000,Whitman,2018,9,"120,752","51,831",54.72,"78,029",0,"129,860"
033800002019,338,03380000,Whitman,2019,9,"124,534","54,467",54.18,"78,029",0,"132,496"
033800002020,338,03380000,Whitman,2020,10,"143,718","64,098",53.09,"80,336","1,591","144,434"
033800002021,338,03380000,Whitman,2021,12,"203,602","93,108",52.11,"110,494","30,158","203,602"
033800002022,338,03380000,Whitman,2022,9,"134,575","63,660",50.15,"110,764",0,"174,424"
033900002007,339,03390000,Wilbraham,2007,0,0,0,43.57,0,0,0
033900002008,339,03390000,Wilbraham,2008,0,0,0,44.84,0,0,0
033900002009,339,03390000,Wilbraham,2009,0,0,0,41.87,0,0,0
033900002010,339,03390000,Wilbraham,2010,0,0,0,37.52,0,0,0
033900002011,339,03390000,Wilbraham,2011,0,0,0,41.08,0,0,0
033900002012,339,03390000,Wilbraham,2012,0,0,0,38.50,0,0,0
033900002013,339,03390000,Wilbraham,2013,0,0,0,37.78,0,0,0
033900002014,339,03390000,Wilbraham,2014,0,0,0,36.03,0,0,0
033900002015,339,03390000,Wilbraham,2015,0,0,0,36.10,0,0,0
033900002016,339,03390000,Wilbraham,2016,0,0,0,32.18,0,0,0
033900002017,339,03390000,Wilbraham,2017,0,0,0,32.24,0,0,0
033900002018,339,03390000,Wilbraham,2018,0,0,0,31.88,0,0,0
033900002019,339,03390000,Wilbraham,2019,0,0,0,33.84,0,0,0
033900002020,339,03390000,Wilbraham,2020,0,0,0,36.58,0,0,0
033900002021,339,03390000,Wilbraham,2021,0,0,0,17.50,0,0,0
033900002022,339,03390000,Wilbraham,2022,0,0,0,33.29,0,0,0
034000002007,340,03400000,Williamsburg,2007,181,"1,431,625","1,223,519",39.71,"401,047",0,"1,624,566"
034000002008,340,03400000,Williamsburg,2008,156,"1,303,228","1,103,460",33.28,"410,847",0,"1,514,307"
034000002009,340,03400000,Williamsburg,2009,159,"1,358,268","1,050,677",35.06,"432,416",0,"1,483,093"
034000002010,340,03400000,Williamsburg,2010,166,"1,529,284","1,098,680",34.57,"423,768",0,"1,522,448"
034000002011,340,03400000,Williamsburg,2011,176,"1,588,796","1,185,579",33.38,"405,448",0,"1,591,027"
034000002012,340,03400000,Williamsburg,2012,177,"1,626,834","1,211,055",31.10,"415,779","8,154","1,626,834"
034000002013,340,03400000,Williamsburg,2013,179,"1,690,612","1,270,564",28.31,"434,689","4,269","1,705,253"
034000002014,340,03400000,Williamsburg,2014,197,"1,847,448","1,352,484",30.03,"509,920","60,275","1,862,404"
034000002015,340,03400000,Williamsburg,2015,188,"1,740,595","1,393,645",22.28,"514,620",0,"1,908,265"
034000002016,340,03400000,Williamsburg,2016,185,"1,731,396","1,404,042",20.63,"519,245",0,"1,923,287"
034000002017,340,03400000,Williamsburg,2017,176,"1,665,309","1,295,778",22.86,"528,925",0,"1,824,703"
034000002018,340,03400000,Williamsburg,2018,171,"1,640,815","1,224,301",26.47,"534,055",0,"1,758,356"
034000002019,340,03400000,Williamsburg,2019,178,"1,888,347","1,281,224",32.15,"608,437","73,068","1,889,661"
034000002020,340,03400000,Williamsburg,2020,170,"1,900,771","1,235,134",35.02,"665,637","57,200","1,900,771"
034000002021,340,03400000,Williamsburg,2021,176,"2,006,917","1,291,212",35.66,"715,705","50,068","2,006,917"
034000002022,340,03400000,Williamsburg,2022,168,"2,025,768","1,285,613",36.54,"785,367","24,450","2,070,980"
034100002007,341,03410000,Williamstown,2007,401,"2,993,565","3,003,582",17.50,"927,943",0,"3,931,525"
034100002008,341,03410000,Williamstown,2008,381,"2,947,485","2,967,122",17.50,"946,993",0,"3,914,115"
034100002009,341,03410000,Williamstown,2009,363,"2,926,746","2,854,443",17.50,"965,143",0,"3,819,586"
034100002010,341,03410000,Williamstown,2010,373,"3,169,487","2,914,408",17.50,"945,841",0,"3,860,249"
034100002011,341,03410000,Williamstown,2011,362,"2,954,222","2,820,665",17.50,"890,585",0,"3,711,250"
034100002012,341,03410000,Williamstown,2012,351,"2,930,427","2,765,115",17.50,"895,366",0,"3,660,481"
034100002013,341,03410000,Williamstown,2013,364,"3,160,940","2,913,200",17.50,"909,926",0,"3,823,126"
034100002014,341,03410000,Williamstown,2014,378,"3,339,446","3,057,274",17.50,"919,376",0,"3,976,650"
034100002015,341,03410000,Williamstown,2015,376,"3,344,866","2,917,285",17.50,"928,776",0,"3,846,061"
034100002016,341,03410000,Williamstown,2016,397,"3,691,423","3,123,894",17.50,"938,701",0,"4,062,595"
034100002017,341,03410000,Williamstown,2017,404,"3,780,882","3,127,725",17.50,"960,921",0,"4,088,646"
034100002018,341,03410000,Williamstown,2018,394,"3,766,818","3,122,141",17.50,"972,741",0,"4,094,882"
034100002019,341,03410000,Williamstown,2019,0,0,0,17.50,0,0,0
034100002020,341,03410000,Williamstown,2020,0,0,0,17.50,0,0,0
034100002021,341,03410000,Williamstown,2021,0,0,0,17.50,0,0,0
034100002022,341,03410000,Williamstown,2022,0,0,0,17.50,0,0,0
034200002007,342,03420000,Wilmington,2007,"3,700","28,589,474","24,012,970",34.85,"4,787,473","1,083,021","28,800,443"
034200002008,342,03420000,Wilmington,2008,"3,731","30,225,618","23,520,068",37.58,"6,758,867","1,918,077","30,278,935"
034200002009,342,03420000,Wilmington,2009,"3,857","32,940,342","22,982,850",39.44,"9,957,492","3,198,625","32,940,342"
034200002010,342,03420000,Wilmington,2010,"3,783","33,354,631","23,083,400",39.46,"9,758,342",0,"32,841,742"
034200002011,342,03420000,Wilmington,2011,"3,811","33,071,492","22,741,572",39.78,"10,131,715","469,538","32,873,287"
034200002012,342,03420000,Wilmington,2012,"3,762","33,089,929","23,047,600",36.93,"10,186,107",0,"33,233,707"
034200002013,342,03420000,Wilmington,2013,"3,654","33,475,096","23,350,005",36.01,"10,653,176",0,"34,003,181"
034200002014,342,03420000,Wilmington,2014,"3,597","33,711,449","24,229,668",31.73,"10,743,101",0,"34,972,769"
034200002015,342,03420000,Wilmington,2015,"3,571","33,711,949","24,256,928",30.86,"10,891,330",0,"35,148,258"
034200002016,342,03420000,Wilmington,2016,"3,496","33,895,542","24,840,882",28.83,"10,978,730",0,"35,819,612"
034200002017,342,03420000,Wilmington,2017,"3,426","33,396,838","24,739,359",26.65,"11,167,160",0,"35,906,519"
034200002018,342,03420000,Wilmington,2018,"3,439","34,239,954","25,512,508",25.67,"11,270,330",0,"36,782,838"
034200002019,342,03420000,Wilmington,2019,"3,386","34,794,527","26,550,382",23.69,"11,371,910",0,"37,922,292"
034200002020,342,03420000,Wilmington,2020,"3,242","34,910,848","27,323,352",19.96,"11,469,170",0,"38,792,522"
034200002021,342,03420000,Wilmington,2021,"3,220","35,336,725","28,856,084",18.34,"11,469,170",0,"40,325,254"
034200002022,342,03420000,Wilmington,2022,"2,818","31,976,675","26,380,757",17.50,"11,553,710",0,"37,934,467"
034300002007,343,03430000,Winchendon,2007,"1,818","14,428,043","4,236,403",71.14,"10,353,509","444,668","14,589,912"
034300002008,343,03430000,Winchendon,2008,"1,763","14,745,122","4,352,216",69.89,"10,575,115","39,397","14,927,331"
034300002009,343,03430000,Winchendon,2009,"1,711","15,156,933","4,512,742",69.45,"10,861,118","69,076","15,373,860"
034300002010,343,03430000,Winchendon,2010,"1,720","16,219,065","4,477,183",69.84,"10,643,896",0,"15,121,079"
034300002011,343,03430000,Winchendon,2011,"1,701","15,672,163","4,664,700",69.13,"11,055,922",0,"15,720,622"
034300002012,343,03430000,Winchendon,2012,"1,625","15,461,197","4,686,612",68.78,"11,115,275",0,"15,801,887"
034300002013,343,03430000,Winchendon,2013,"1,559","15,336,038","4,744,751",67.18,"11,177,635",0,"15,922,386"
034300002014,343,03430000,Winchendon,2014,"1,498","14,932,868","4,859,333",67.14,"11,215,085",0,"16,074,418"
034300002015,343,03430000,Winchendon,2015,"1,472","14,667,673","4,914,309",66.88,"11,251,885",0,"16,166,194"
034300002016,343,03430000,Winchendon,2016,"1,458","14,868,534","4,931,923",67.74,"11,288,335",0,"16,220,258"
034300002017,343,03430000,Winchendon,2017,"1,429","14,883,842","4,860,783",67.63,"11,366,930",0,"16,227,713"
034300002018,343,03430000,Winchendon,2018,"1,373","14,578,930","4,751,326",67.63,"11,408,120",0,"16,159,446"
034300002019,343,03430000,Winchendon,2019,"1,397","15,435,432","4,871,517",68.44,"11,450,030",0,"16,321,547"
034300002020,343,03430000,Winchendon,2020,"1,369","15,998,737","5,085,773",67.76,"11,491,100",0,"16,576,873"
034300002021,343,03430000,Winchendon,2021,"1,322","15,745,626","5,282,604",66.32,"11,491,100",0,"16,773,704"
034300002022,343,03430000,Winchendon,2022,"1,283","16,192,011","5,511,010",65.30,"11,529,590",0,"17,040,600"
034400002007,344,03440000,Winchester,2007,"3,660","27,686,228","25,368,782",17.50,"3,582,999",0,"28,951,781"
034400002008,344,03440000,Winchester,2008,"3,812","30,248,339","26,104,922",17.50,"4,143,417","560,418","30,248,339"
034400002009,344,03440000,Winchester,2009,"3,838","32,130,974","26,921,385",17.50,"5,209,589","1,066,172","32,130,974"
034400002010,344,03440000,Winchester,2010,"3,923","33,869,183","27,942,076",17.50,"5,105,397",0,"33,047,473"
034400002011,344,03440000,Winchester,2011,"4,032","34,209,063","28,412,977",17.50,"5,684,874","106,063","34,097,851"
034400002012,344,03440000,Winchester,2012,"4,096","35,352,719","29,111,601",17.50,"6,241,118","525,725","35,352,719"
034400002013,344,03440000,Winchester,2013,"4,172","37,274,562","30,107,863",17.50,"7,166,699","925,581","37,274,562"
034400002014,344,03440000,Winchester,2014,"4,244","38,667,214","31,202,716",17.50,"7,464,498","297,799","38,667,214"
034400002015,344,03440000,Winchester,2015,"4,302","39,564,444","32,332,932",17.50,"7,572,048",0,"39,904,980"
034400002016,344,03440000,Winchester,2016,"4,340","40,749,516","33,648,454",17.50,"7,680,548",0,"41,329,002"
034400002017,344,03440000,Winchester,2017,"4,433","41,694,755","34,474,073",17.50,"7,924,363",0,"42,398,436"
034400002018,344,03440000,Winchester,2018,"4,484","43,175,541","35,662,566",17.50,"8,058,883",0,"43,721,449"
034400002019,344,03440000,Winchester,2019,"4,650","46,376,139","37,332,874",17.50,"9,043,265","984,382","46,376,139"
034400002020,344,03440000,Winchester,2020,"4,638","48,242,101","38,833,443",17.50,"9,421,254","365,393","48,254,697"
034400002021,344,03440000,Winchester,2021,"4,685","49,895,728","40,278,256",17.50,"9,617,689","196,218","49,895,945"
034400002022,344,03440000,Winchester,2022,"4,513","49,628,251","40,943,308",17.50,"9,753,079",0,"50,696,387"
034500002007,345,03450000,Windsor,2007,4,"43,399","22,696",50.45,"30,997","1,716","53,693"
034500002008,345,03450000,Windsor,2008,7,"79,487","46,037",52.91,"50,091","2,453","96,128"
034500002009,345,03450000,Windsor,2009,5,"59,717","33,889",49.66,"50,341",0,"84,230"
034500002010,345,03450000,Windsor,2010,4,"49,226","30,072",36.15,"49,334",0,"79,406"
034500002011,345,03450000,Windsor,2011,4,"48,143","30,554",44.71,"47,361",0,"77,915"
034500002012,345,03450000,Windsor,2012,8,"98,001","57,428",45.29,"47,361",0,"104,789"
034500002013,345,03450000,Windsor,2013,7,"88,880","53,746",44.16,"47,361",0,"101,107"
034500002014,345,03450000,Windsor,2014,7,"90,258","59,063",36.31,"47,361",0,"106,424"
034500002015,345,03450000,Windsor,2015,7,"91,034","66,927",29.02,"47,361",0,"114,288"
034500002016,345,03450000,Windsor,2016,3,"39,600","33,367",19.04,"39,600",0,"72,967"
034500002017,345,03450000,Windsor,2017,2,"26,342","22,244",17.50,"26,342",0,"48,586"
034500002018,345,03450000,Windsor,2018,2,"26,834","22,290",17.50,"26,342",0,"48,632"
034500002019,345,03450000,Windsor,2019,3,"41,511","34,247",17.50,"26,342",0,"60,589"
034500002020,345,03450000,Windsor,2020,5,"71,859","59,284",17.50,"26,342",0,"85,626"
034500002021,345,03450000,Windsor,2021,4,"58,631","48,371",17.50,"26,342",0,"74,713"
034500002022,345,03450000,Windsor,2022,4,"59,811","49,344",17.50,"26,462",0,"75,806"
034600002007,346,03460000,Winthrop,2007,"1,922","15,189,263","10,737,357",19.71,"4,843,961",0,"15,581,318"
034600002008,346,03460000,Winthrop,2008,"1,931","16,040,450","11,241,167",23.32,"5,042,458",0,"16,283,625"
034600002009,346,03460000,Winthrop,2009,"1,880","16,653,714","11,482,366",23.17,"5,184,551","128,890","16,666,917"
034600002010,346,03460000,Winthrop,2010,"1,922","17,547,574","12,509,487",28.69,"5,080,860",0,"17,590,347"
034600002011,346,03460000,Winthrop,2011,"1,881","16,947,234","12,482,874",27.72,"4,784,037",0,"17,266,911"
034600002012,346,03460000,Winthrop,2012,"1,950","17,937,169","12,779,319",30.28,"5,157,850","348,130","17,937,169"
034600002013,346,03460000,Winthrop,2013,"1,919","18,416,072","13,141,365",28.44,"5,274,707","116,857","18,416,072"
034600002014,346,03460000,Winthrop,2014,"1,958","19,449,616","13,466,250",31.66,"6,026,962","708,659","19,493,212"
034600002015,346,03460000,Winthrop,2015,"1,985","19,874,502","13,576,177",32.14,"6,298,325","246,097","19,874,502"
034600002016,346,03460000,Winthrop,2016,"1,946","19,501,002","13,757,564",30.36,"6,346,975",0,"20,104,539"
034600002017,346,03460000,Winthrop,2017,"1,888","19,355,381","13,740,113",29.66,"6,450,815",0,"20,190,928"
034600002018,346,03460000,Winthrop,2018,"1,968","20,873,788","14,619,405",29.73,"6,509,855",0,"21,129,260"
034600002019,346,03460000,Winthrop,2019,"2,027","22,361,613","15,285,867",30.70,"7,075,746","565,891","22,361,613"
034600002020,346,03460000,Winthrop,2020,"2,012","23,351,887","16,010,984",28.36,"7,340,903","265,157","23,351,887"
034600002021,346,03460000,Winthrop,2021,"1,986","23,537,384","16,793,461",26.48,"7,340,903",0,"24,134,364"
034600002022,346,03460000,Winthrop,2022,"1,907","23,441,502","17,313,006",20.56,"7,398,113",0,"24,711,119"
034700002007,347,03470000,Woburn,2007,"4,619","37,332,334","38,094,517",17.50,"5,154,156",0,"43,248,673"
034700002008,347,03470000,Woburn,2008,"4,723","40,314,036","38,276,911",18.03,"5,788,496",0,"44,065,407"
034700002009,347,03470000,Woburn,2009,"4,699","42,494,196","37,749,504",20.18,"6,708,151",0,"44,457,655"
034700002010,347,03470000,Woburn,2010,"4,653","43,397,769","37,761,424",20.87,"6,573,988",0,"44,335,412"
034700002011,347,03470000,Woburn,2011,"4,715","43,013,307","37,654,434",20.87,"6,189,936",0,"43,844,370"
034700002012,347,03470000,Woburn,2012,"4,777","44,725,939","38,469,627",18.67,"6,256,312","33,146","44,725,939"
034700002013,347,03470000,Woburn,2013,"4,739","46,091,898","39,862,499",18.46,"6,819,375",0,"46,681,874"
034700002014,347,03470000,Woburn,2014,"4,762","47,182,461","40,697,687",18.73,"7,323,850",0,"48,021,537"
034700002015,347,03470000,Woburn,2015,"4,860","48,695,159","40,727,571",20.13,"8,202,269","626,894","48,929,840"
034700002016,347,03470000,Woburn,2016,"4,789","49,230,531","41,631,275",17.50,"8,321,994",0,"49,953,269"
034700002017,347,03470000,Woburn,2017,"4,758","49,930,544","41,567,504",17.50,"8,583,684","41,046","50,151,188"
034700002018,347,03470000,Woburn,2018,"4,685","50,380,963","41,884,963",17.50,"8,724,234",0,"50,609,197"
034700002019,347,03470000,Woburn,2019,"4,659","51,790,238","42,726,946",17.50,"9,063,292","339,058","51,790,238"
034700002020,347,03470000,Woburn,2020,"4,596","53,841,306","44,419,077",17.50,"9,422,229","358,937","53,841,306"
034700002021,347,03470000,Woburn,2021,"4,517","54,604,898","45,049,041",17.50,"9,555,857","133,628","54,604,898"
034700002022,347,03470000,Woburn,2022,"4,384","54,858,831","45,258,536",17.50,"9,687,377","44,438","54,945,913"
034800002007,348,03480000,Worcester,2007,"25,950","242,782,324","77,309,187",67.32,"167,480,913","4,413,778","244,790,100"
034800002008,348,03480000,Worcester,2008,"25,544","252,522,466","80,540,711",67.19,"174,025,314","4,500,842","254,566,025"
034800002009,348,03480000,Worcester,2009,"25,158","262,175,702","83,762,339",67.01,"180,493,947","4,388,049","264,256,286"
034800002010,348,03480000,Worcester,2010,"25,365","274,595,072","81,810,677",67.65,"176,884,068",0,"258,694,745"
034800002011,348,03480000,Worcester,2011,"25,609","275,818,707","84,305,903",68.57,"187,838,166","6,439,785","272,144,069"
034800002012,348,03480000,Worcester,2012,"26,216","286,908,105","85,772,826",69.31,"201,135,279","12,288,714","286,908,105"
034800002013,348,03480000,Worcester,2013,"26,145","298,950,312","88,586,175",69.71,"210,364,137","9,228,858","298,950,312"
034800002014,348,03480000,Worcester,2014,"26,729","311,832,465","91,934,732",69.67,"219,897,733","9,533,596","311,832,465"
034800002015,348,03480000,Worcester,2015,"26,874","314,854,113","96,374,700",69.46,"220,569,583",0,"316,944,283"
034800002016,348,03480000,Worcester,2016,"27,452","329,468,507","97,927,769",70.59,"231,540,738","10,971,155","329,468,507"
034800002017,348,03480000,Worcester,2017,"27,381","332,590,292","97,188,059",70.80,"235,402,233","3,861,495","332,590,292"
034800002018,348,03480000,Worcester,2018,"27,751","342,886,581","97,679,398",71.70,"245,207,183","9,804,950","342,886,581"
034800002019,348,03480000,Worcester,2019,"27,611","353,662,082","100,450,297",71.60,"253,211,785","8,004,602","353,662,082"
034800002020,348,03480000,Worcester,2020,"27,800","379,530,589","104,076,553",72.18,"275,454,036","22,242,251","379,530,589"
034800002021,348,03480000,Worcester,2021,"27,442","382,606,984","105,210,987",71.73,"277,395,997","1,941,961","382,606,984"
034800002022,348,03480000,Worcester,2022,"26,540","400,051,103","108,945,977",71.39,"291,115,647","13,709,129","400,061,624"
034900002007,349,03490000,Worthington,2007,10,"108,497","89,804",40.75,"70,458",0,"160,262"
034900002008,349,03490000,Worthington,2008,10,"113,553","89,058",37.05,"72,331",0,"161,389"
034900002009,349,03490000,Worthington,2009,8,"95,548","69,044",38.36,"72,731",0,"141,775"
034900002010,349,03490000,Worthington,2010,6,"73,839","58,793",24.12,"71,276",0,"130,069"
034900002011,349,03490000,Worthington,2011,5,"60,179","50,743",21.01,"60,179",0,"110,922"
034900002012,349,03490000,Worthington,2012,4,"49,000","61,740",17.50,"49,000",0,"110,740"
034900002013,349,03490000,Worthington,2013,8,"101,578","101,578",17.50,"49,000",0,"150,578"
034900002014,349,03490000,Worthington,2014,8,"103,152","103,152",17.50,"49,000",0,"152,152"
034900002015,349,03490000,Worthington,2015,12,"181,017","161,882",17.50,"49,000",0,"210,882"
034900002016,349,03490000,Worthington,2016,115,"1,164,872","939,802",17.50,"225,070","31,171","1,164,872"
034900002017,349,03490000,Worthington,2017,122,"1,206,121","969,030",17.50,"237,091","12,021","1,206,121"
034900002018,349,03490000,Worthington,2018,109,"1,160,346","967,158",17.50,"240,361",0,"1,207,519"
034900002019,349,03490000,Worthington,2019,107,"1,138,991","939,668",17.50,"243,571",0,"1,183,239"
034900002020,349,03490000,Worthington,2020,109,"1,201,025","968,704",17.50,"246,841",0,"1,215,545"
034900002021,349,03490000,Worthington,2021,123,"1,374,750","1,018,495",17.50,"356,255","109,414","1,374,750"
034900002022,349,03490000,Worthington,2022,102,"1,188,970","980,900",17.50,"359,315",0,"1,340,215"
035000002007,350,03500000,Wrentham,2007,"1,187","8,536,882","4,905,786",31.49,"3,631,096","185,091","8,536,882"
035000002008,350,03500000,Wrentham,2008,"1,144","8,611,110","5,032,071",30.13,"3,688,296",0,"8,720,367"
035000002009,350,03500000,Wrentham,2009,"1,139","9,026,427","5,280,507",30.44,"3,814,719","57,624","9,095,226"
035000002010,350,03500000,Wrentham,2010,"1,160","9,476,432","5,747,185",33.11,"3,738,425",0,"9,485,610"
035000002011,350,03500000,Wrentham,2011,"1,138","9,107,308","5,781,211",32.01,"3,520,026",0,"9,301,237"
035000002012,350,03500000,Wrentham,2012,"1,097","8,997,164","5,880,789",29.95,"3,538,923",0,"9,419,712"
035000002013,350,03500000,Wrentham,2013,"1,055","8,996,681","5,899,004",29.80,"3,581,123",0,"9,480,127"
035000002014,350,03500000,Wrentham,2014,"1,030","8,892,423","6,253,155",23.96,"3,606,873",0,"9,860,028"
035000002015,350,03500000,Wrentham,2015,"1,038","9,070,000","6,555,043",21.59,"3,632,823",0,"10,187,866"
035000002016,350,03500000,Wrentham,2016,958,"8,534,196","6,762,850",17.50,"3,656,773",0,"10,419,623"
035000002017,350,03500000,Wrentham,2017,966,"8,711,772","6,915,585",21.07,"3,709,903",0,"10,625,488"
035000002018,350,03500000,Wrentham,2018,923,"8,596,119","7,106,012",17.50,"3,737,593",0,"10,843,605"
035000002019,350,03500000,Wrentham,2019,944,"9,153,992","7,552,043",17.50,"3,765,913",0,"11,317,956"
035000002020,350,03500000,Wrentham,2020,908,"9,200,581","7,590,479",17.50,"3,793,153",0,"11,383,632"
035000002021,350,03500000,Wrentham,2021,874,"9,053,869","7,469,442",17.50,"3,793,153",0,"11,262,595"
035000002022,350,03500000,Wrentham,2022,822,"8,698,912","7,176,602",17.50,"3,817,813",0,"10,994,415"
035100002007,351,03510000,Yarmouth,2007,0,0,0,17.50,0,0,0
035100002008,351,03510000,Yarmouth,2008,0,0,0,17.50,0,0,0
035100002009,351,03510000,Yarmouth,2009,1,"11,943","9,336",17.50,"2,607","2,607","11,943"
035100002010,351,03510000,Yarmouth,2010,2,"24,613","19,848",17.50,"2,555",0,"22,403"
035100002011,351,03510000,Yarmouth,2011,1,"12,036","10,055",17.50,"4,574",0,"14,629"
035100002012,351,03510000,Yarmouth,2012,1,"12,250","10,608",17.50,"4,574",0,"15,182"
035100002013,351,03510000,Yarmouth,2013,1,"12,697","10,850",17.50,"4,574",0,"15,424"
035100002014,351,03510000,Yarmouth,2014,0,0,0,17.50,0,0,0
035100002015,351,03510000,Yarmouth,2015,0,0,0,17.50,0,0,0
035100002016,351,03510000,Yarmouth,2016,0,0,0,17.50,0,0,0
035100002017,351,03510000,Yarmouth,2017,0,0,0,17.50,0,0,0
035100002018,351,03510000,Yarmouth,2018,0,0,0,17.50,0,0,0
035100002019,351,03510000,Yarmouth,2019,0,0,0,17.50,0,0,0
035100002020,351,03510000,Yarmouth,2020,0,0,0,17.50,0,0,0
035100002021,351,03510000,Yarmouth,2021,0,0,0,17.50,0,0,0
035100002022,351,03510000,Yarmouth,2022,0,0,0,17.50,0,0,0
035200002022,352,03520000,Devens,2022,,,,,"308,558",,
040600002007,406,04060000,Northampton-Smith Vocational Agricultural,2007,145,"2,025,133","1,468,568",29.91,"875,377",0,"2,343,945"
040600002008,406,04060000,Northampton-Smith Vocational Agricultural,2008,154,"2,278,216","1,708,914",28.68,"947,961",0,"2,656,875"
040600002009,406,04060000,Northampton-Smith Vocational Agricultural,2009,134,"2,111,565","1,581,883",25.99,"954,661",0,"2,536,544"
040600002010,406,04060000,Northampton-Smith Vocational Agricultural,2010,131,"2,146,694","1,617,583",24.65,"935,567",0,"2,553,150"
040600002011,406,04060000,Northampton-Smith Vocational Agricultural,2011,134,"2,230,338","1,765,084",22.19,"880,911",0,"2,645,995"
040600002012,406,04060000,Northampton-Smith Vocational Agricultural,2012,122,"2,070,902","1,658,734",18.80,"885,640",0,"2,544,374"
040600002013,406,04060000,Northampton-Smith Vocational Agricultural,2013,123,"2,229,442","1,757,745",21.30,"890,560",0,"2,648,305"
040600002014,406,04060000,Northampton-Smith Vocational Agricultural,2014,106,"2,020,055","1,627,859",18.31,"893,210",0,"2,521,069"
040600002015,406,04060000,Northampton-Smith Vocational Agricultural,2015,91,"1,764,814","1,447,978",18.49,"895,485",0,"2,343,463"
040600002016,406,04060000,Northampton-Smith Vocational Agricultural,2016,97,"1,980,086","1,655,651",17.50,"897,910",0,"2,553,561"
040600002017,406,04060000,Northampton-Smith Vocational Agricultural,2017,103,"2,177,668","1,807,196",17.50,"903,575",0,"2,710,771"
040600002018,406,04060000,Northampton-Smith Vocational Agricultural,2018,106,"2,248,555","1,863,952",17.50,"906,755",0,"2,770,707"
040600002019,406,04060000,Northampton-Smith Vocational Agricultural,2019,105,"2,391,969","1,973,375",17.50,"909,905",0,"2,883,280"
040600002020,406,04060000,Northampton-Smith Vocational Agricultural,2020,104,"2,535,730","2,072,723",17.50,"913,025",0,"2,985,748"
040600002021,406,04060000,Northampton-Smith Vocational Agricultural,2021,113,"2,690,854","2,219,955",17.50,"913,025",0,"3,132,980"
040600002022,406,04060000,Northampton-Smith Vocational Agricultural,2022,116,"3,117,227","2,571,713",17.50,"916,505",0,"3,488,218"
060000002007,600,06000000,Acton-Boxborough,2007,"2,838","22,506,705","17,791,669",28.78,"4,715,036","1,576,524","22,506,705"
060000002008,600,06000000,Acton-Boxborough,2008,"2,886","23,994,743","18,369,316",30.47,"5,625,427","910,391","23,994,743"
060000002009,600,06000000,Acton-Boxborough,2009,"2,940","25,793,437","18,940,607",30.91,"6,852,830","1,227,403","25,793,437"
060000002010,600,06000000,Acton-Boxborough,2010,"2,983","26,931,635","19,569,628",30.66,"6,715,773",0,"26,285,401"
060000002011,600,06000000,Acton-Boxborough,2011,"2,969","26,278,547","19,800,807",28.46,"6,931,919",0,"26,732,726"
060000002012,600,06000000,Acton-Boxborough,2012,"2,988","26,873,147","20,359,612",27.69,"6,969,133",0,"27,328,745"
060000002013,600,06000000,Acton-Boxborough,2013,"2,955","27,636,880","20,909,979",27.46,"7,124,122",0,"28,034,101"
060000002014,600,06000000,Acton-Boxborough,2014,"2,972","28,337,812","21,701,014",24.81,"7,198,422",0,"28,899,436"
060000002015,600,06000000,Acton-Boxborough,2015,"5,649","52,422,543","40,290,368",25.27,"14,254,476",0,"54,544,844"
060000002016,600,06000000,Acton-Boxborough,2016,"5,544","52,599,957","41,315,952",21.89,"14,393,076",0,"55,709,028"
060000002017,600,06000000,Acton-Boxborough,2017,"5,509","52,547,574","40,653,492",23.39,"14,696,071",0,"55,349,563"
060000002018,600,06000000,Acton-Boxborough,2018,"5,443","53,421,567","42,045,809",21.41,"14,859,361",0,"56,905,170"
060000002019,600,06000000,Acton-Boxborough,2019,"5,436","55,170,323","43,056,913",21.89,"15,022,441",0,"58,079,354"
060000002020,600,06000000,Acton-Boxborough,2020,"5,429","57,507,919","45,085,137",17.59,"15,185,311",0,"60,270,448"
060000002021,600,06000000,Acton-Boxborough,2021,"5,294","57,745,973","46,230,356",19.88,"15,185,311",0,"61,415,667"
060000002022,600,06000000,Acton-Boxborough,2022,"5,120","57,822,928","46,723,042",19.20,"15,338,911",0,"62,061,953"
060300002007,603,06030000,Adams-Cheshire,2007,"1,656","13,377,962","3,796,726",66.18,"9,810,525",0,"13,607,251"
060300002008,603,06030000,Adams-Cheshire,2008,"1,653","14,106,031","3,891,220",67.14,"10,299,351","404,286","14,190,571"
060300002009,603,06030000,Adams-Cheshire,2009,"1,596","14,355,783","4,039,739",66.01,"10,464,212","16,693","14,503,951"
060300002010,603,06030000,Adams-Cheshire,2010,"1,572","14,762,562","4,503,688",64.72,"10,254,928",0,"14,758,616"
060300002011,603,06030000,Adams-Cheshire,2011,"1,530","14,205,800","4,515,273",64.93,"9,659,551",0,"14,174,824"
060300002012,603,06030000,Adams-Cheshire,2012,"1,511","14,489,416","4,653,780",61.84,"9,835,636","124,228","14,489,416"
060300002013,603,06030000,Adams-Cheshire,2013,"1,493","14,848,664","4,798,921",62.01,"10,049,743","214,107","14,848,664"
060300002014,603,06030000,Adams-Cheshire,2014,"1,445","14,525,980","4,882,095",61.18,"10,085,868",0,"14,967,963"
060300002015,603,06030000,Adams-Cheshire,2015,"1,424","14,419,594","4,988,650",61.08,"10,121,468",0,"15,110,118"
060300002016,603,06030000,Adams-Cheshire,2016,"1,398","14,523,439","5,160,616",61.86,"10,156,418",0,"15,317,034"
060300002017,603,06030000,Adams-Cheshire,2017,"1,415","15,296,780","5,502,583",62.74,"10,234,243",0,"15,736,826"
060300002018,603,06030000,Adams-Cheshire,2018,"1,377","15,055,573","5,538,278",63.21,"10,275,553",0,"15,813,831"
060300002019,603,06030000,Adams-Cheshire,2019,"1,349","15,232,490","5,717,786",62.46,"10,316,023",0,"16,033,809"
060300002020,603,06030000,Adams-Cheshire,2020,"1,291","15,617,632","5,891,351",62.28,"10,354,753",0,"16,246,104"
060300002021,603,06030000,Adams-Cheshire,2021,"1,254","15,339,850","5,843,907",61.90,"10,354,753",0,"16,198,660"
060300002022,603,06030000,Adams-Cheshire,2022,"1,178","15,216,793","5,725,567",62.37,"10,390,093",0,"16,115,660"
060500002007,605,06050000,Amherst-Pelham,2007,"1,930","15,860,056","8,312,731",43.99,"9,689,857",0,"18,002,588"
060500002008,605,06050000,Amherst-Pelham,2008,"1,871","16,118,464","8,736,670",40.14,"9,793,582",0,"18,530,252"
060500002009,605,06050000,Amherst-Pelham,2009,"1,801","16,270,720","8,932,603",37.44,"9,883,632",0,"18,816,235"
060500002010,605,06050000,Amherst-Pelham,2010,"1,763","16,430,083","10,908,954",34.75,"9,685,959",0,"20,594,913"
060500002011,605,06050000,Amherst-Pelham,2011,"1,726","15,978,764","10,987,020",35.66,"9,120,106",0,"20,107,126"
060500002012,605,06050000,Amherst-Pelham,2012,"1,647","15,588,078","11,132,046",32.36,"9,169,067",0,"20,301,113"
060500002013,605,06050000,Amherst-Pelham,2013,"1,610","15,882,762","11,359,856",32.30,"9,233,467",0,"20,593,323"
060500002014,605,06050000,Amherst-Pelham,2014,"1,581","15,889,254","11,667,688",29.80,"9,272,992",0,"20,940,680"
060500002015,605,06050000,Amherst-Pelham,2015,"1,529","15,504,219","11,484,398",28.93,"9,311,217",0,"20,795,615"
060500002016,605,06050000,Amherst-Pelham,2016,"1,532","15,834,018","11,664,726",27.27,"9,349,517",0,"21,014,243"
060500002017,605,06050000,Amherst-Pelham,2017,"1,496","15,535,447","11,457,106",26.88,"9,431,797",0,"20,888,903"
060500002018,605,06050000,Amherst-Pelham,2018,"1,490","15,847,417","11,645,169",26.54,"9,476,497",0,"21,121,666"
060500002019,605,06050000,Amherst-Pelham,2019,"1,433","16,044,645","11,852,511",25.93,"9,519,487",0,"21,371,998"
060500002020,605,06050000,Amherst-Pelham,2020,"1,399","16,548,734","12,082,979",26.00,"9,561,457",0,"21,644,436"
060500002021,605,06050000,Amherst-Pelham,2021,"1,399","16,921,239","12,834,959",23.88,"9,561,457",0,"22,396,416"
060500002022,605,06050000,Amherst-Pelham,2022,"1,330","16,668,697","12,787,466",23.29,"9,601,357",0,"22,388,823"
061000002007,610,06100000,Ashburnham-Westminster,2007,"2,349","17,725,876","8,610,748",47.04,"9,391,438","209,527","18,002,186"
061000002008,610,06100000,Ashburnham-Westminster,2008,"2,385","18,827,304","8,914,333",49.31,"9,934,552","521,533","18,848,885"
061000002009,610,06100000,Ashburnham-Westminster,2009,"2,359","19,657,064","9,471,071",48.10,"10,333,667","251,441","19,804,738"
061000002010,610,06100000,Ashburnham-Westminster,2010,"2,410","20,747,434","10,251,619",49.26,"10,126,994",0,"20,378,613"
061000002011,610,06100000,Ashburnham-Westminster,2011,"2,383","20,412,503","10,455,439",49.80,"9,882,650",0,"20,338,089"
061000002012,610,06100000,Ashburnham-Westminster,2012,"2,349","20,584,849","10,676,599",49.05,"9,935,704",0,"20,612,303"
061000002013,610,06100000,Ashburnham-Westminster,2013,"2,280","20,759,601","10,923,476",47.92,"10,026,904",0,"20,950,380"
061000002014,610,06100000,Ashburnham-Westminster,2014,"2,248","20,785,812","11,067,299",48.66,"10,083,104",0,"21,150,403"
061000002015,610,06100000,Ashburnham-Westminster,2015,"2,224","20,944,478","11,060,794",48.74,"10,138,704",0,"21,199,498"
061000002016,610,06100000,Ashburnham-Westminster,2016,"2,253","21,651,624","11,097,471",50.22,"10,554,153","415,449","21,651,624"
061000002017,610,06100000,Ashburnham-Westminster,2017,"2,206","21,190,453","11,043,254",48.32,"10,675,483",0,"21,718,737"
061000002018,610,06100000,Ashburnham-Westminster,2018,"2,208","21,596,183","11,367,955",47.55,"10,741,723",0,"22,109,678"
061000002019,610,06100000,Ashburnham-Westminster,2019,"2,260","22,810,310","11,550,868",48.90,"11,259,442","517,719","22,810,310"
061000002020,610,06100000,Ashburnham-Westminster,2020,"2,266","23,747,271","12,136,491",48.37,"11,669,561","351,338","23,806,052"
061000002021,610,06100000,Ashburnham-Westminster,2021,"2,286","24,646,397","12,303,561",50.08,"12,361,170","673,275","24,664,731"
061000002022,610,06100000,Ashburnham-Westminster,2022,"2,184","24,454,472","12,482,932",47.73,"12,426,690",0,"24,909,622"
061500002007,615,06150000,Athol-Royalston,2007,"2,184","17,708,359","623,845",71.08,"17,084,514","264,022","17,708,359"
061500002008,615,06150000,Athol-Royalston,2008,"2,153","18,516,080","678,872",70.22,"17,837,208","752,694","18,516,080"
061500002009,615,06150000,Athol-Royalston,2009,"2,088","19,014,821","720,901",69.91,"18,293,920","456,712","19,014,821"
061500002010,615,06150000,Athol-Royalston,2010,"1,940","18,226,671","2,067,242",67.79,"17,928,042",0,"19,995,284"
061500002011,615,06150000,Athol-Royalston,2011,"1,928","17,923,395","2,103,961",68.36,"16,880,687",0,"18,984,648"
061500002012,615,06150000,Athol-Royalston,2012,"1,886","17,935,653","2,172,893",68.38,"16,971,310",0,"19,144,203"
061500002013,615,06150000,Athol-Royalston,2013,"1,807","17,818,204","2,286,653",66.34,"17,043,590",0,"19,330,243"
061500002014,615,06150000,Athol-Royalston,2014,"1,726","17,517,520","2,367,862",66.33,"17,086,740",0,"19,454,602"
061500002015,615,06150000,Athol-Royalston,2015,"1,719","17,539,155","2,500,939",65.71,"17,129,715",0,"19,630,654"
061500002016,615,06150000,Athol-Royalston,2016,"1,717","17,879,139","2,687,482",68.05,"17,172,640",0,"19,860,122"
061500002017,615,06150000,Athol-Royalston,2017,"1,726","18,244,828","2,897,520",68.08,"17,267,570",0,"20,165,090"
061500002018,615,06150000,Athol-Royalston,2018,"1,729","18,603,787","3,090,653",68.38,"17,319,440",0,"20,410,093"
061500002019,615,06150000,Athol-Royalston,2019,"1,738","19,486,246","3,220,286",69.09,"17,371,580",0,"20,591,866"
061500002020,615,06150000,Athol-Royalston,2020,"1,733","20,420,115","3,408,285",69.43,"17,423,570",0,"20,831,855"
061500002021,615,06150000,Athol-Royalston,2021,"1,770","21,729,159","3,616,401",70.80,"18,112,758","689,188","21,729,159"
061500002022,615,06150000,Athol-Royalston,2022,"1,666","21,516,033","3,826,520",68.59,"18,162,738",0,"21,989,258"
061600002012,616,06160000,Ayer Shirley,2012,"1,819","16,879,384","9,899,773",43.10,"7,844,036",0,"17,743,809"
061600002013,616,06160000,Ayer Shirley,2013,"1,785","17,419,519","10,045,000",42.70,"7,915,436",0,"17,960,436"
061600002014,616,06160000,Ayer Shirley,2014,"1,767","17,689,265","10,457,924",41.42,"7,959,611",0,"18,417,535"
061600002015,616,06160000,Ayer Shirley,2015,"1,771","18,020,997","10,736,761",41.14,"8,003,886",0,"18,740,647"
061600002016,616,06160000,Ayer Shirley,2016,"1,739","17,776,166","10,841,421",40.21,"8,047,361",0,"18,888,782"
061600002017,616,06160000,Ayer Shirley,2017,"1,758","17,539,418","10,906,245",38.40,"8,144,051",0,"19,050,296"
061600002018,616,06160000,Ayer Shirley,2018,"1,771","17,859,765","11,291,639",37.11,"8,197,181",0,"19,488,820"
061600002019,616,06160000,Ayer Shirley,2019,"1,738","18,209,773","11,893,424",34.62,"8,249,321",0,"20,142,745"
061600002020,616,06160000,Ayer Shirley,2020,"1,737","19,201,203","12,571,064",34.49,"8,301,431",0,"20,872,495"
061600002021,616,06160000,Ayer Shirley,2021,"1,689","19,068,236","12,820,462",32.69,"8,301,431",0,"21,121,893"
061600002022,616,06160000,Ayer Shirley,2022,"1,642","19,326,736","13,326,540",30.88,"8,350,691",0,"21,677,231"
061800002007,618,06180000,Berkshire Hills,2007,"1,149","9,250,332","10,102,954",17.50,"2,737,903",0,"12,840,857"
061800002008,618,06180000,Berkshire Hills,2008,"1,120","9,395,655","9,910,102",17.50,"2,793,903",0,"12,704,005"
061800002009,618,06180000,Berkshire Hills,2009,"1,106","9,799,535","9,631,380",17.50,"2,864,582",0,"12,495,962"
061800002010,618,06180000,Berkshire Hills,2010,"1,105","9,958,320","9,695,771",17.50,"2,807,290",0,"12,503,061"
061800002011,618,06180000,Berkshire Hills,2011,"1,103","9,969,549","9,487,659",17.50,"2,643,288",0,"12,130,947"
061800002012,618,06180000,Berkshire Hills,2012,"1,074","9,915,801","9,513,236",17.50,"2,657,478",0,"12,170,714"
061800002013,618,06180000,Berkshire Hills,2013,"1,064","10,178,607","9,534,109",17.50,"2,700,038",0,"12,234,147"
061800002014,618,06180000,Berkshire Hills,2014,"1,072","10,635,683","9,671,358",17.50,"2,726,838",0,"12,398,196"
061800002015,618,06180000,Berkshire Hills,2015,"1,067","10,662,018","9,324,675",17.50,"2,753,513",0,"12,078,188"
061800002016,618,06180000,Berkshire Hills,2016,"1,086","10,878,643","9,349,872",17.50,"2,780,663",0,"12,130,535"
061800002017,618,06180000,Berkshire Hills,2017,"1,063","11,414,759","9,456,019",17.50,"2,839,128",0,"12,295,147"
061800002018,618,06180000,Berkshire Hills,2018,"1,079","11,592,012","9,603,359",17.50,"2,871,498",0,"12,474,857"
061800002019,618,06180000,Berkshire Hills,2019,"1,053","11,863,555","9,773,550",17.51,"2,903,088",0,"12,676,638"
061800002020,618,06180000,Berkshire Hills,2020,"1,010","12,066,016","9,920,455",17.50,"2,933,388",0,"12,853,843"
061800002021,618,06180000,Berkshire Hills,2021,970,"11,846,383","9,773,266",17.50,"2,933,388",0,"12,706,654"
061800002022,618,06180000,Berkshire Hills,2022,937,"11,959,904","9,866,921",17.50,"2,961,498",0,"12,828,419"
062000002007,620,06200000,Berlin-Boylston,2007,422,"3,230,183","3,023,460",17.50,"851,501",0,"3,874,961"
062000002008,620,06200000,Berlin-Boylston,2008,430,"3,463,889","3,187,414",17.50,"892,400",0,"4,079,814"
062000002009,620,06200000,Berlin-Boylston,2009,438,"3,734,852","3,255,818",17.50,"939,819",0,"4,195,637"
062000002010,620,06200000,Berlin-Boylston,2010,435,"3,848,242","3,256,016",17.50,"921,023",0,"4,177,039"
062000002011,620,06200000,Berlin-Boylston,2011,431,"3,748,889","3,345,125",17.50,"867,217",0,"4,212,342"
062000002012,620,06200000,Berlin-Boylston,2012,428,"3,766,444","3,420,481",17.50,"871,873",0,"4,292,354"
062000002013,620,06200000,Berlin-Boylston,2013,424,"3,871,973","3,391,112",17.50,"888,833",0,"4,279,945"
062000002014,620,06200000,Berlin-Boylston,2014,502,"4,631,328","4,040,189",17.50,"1,036,398",0,"5,076,587"
062000002015,620,06200000,Berlin-Boylston,2015,517,"4,817,370","4,122,172",17.50,"1,049,323",0,"5,171,495"
062000002016,620,06200000,Berlin-Boylston,2016,533,"5,052,434","4,334,259",17.50,"1,062,648",0,"5,396,907"
062000002017,620,06200000,Berlin-Boylston,2017,528,"5,023,757","4,202,073",17.50,"1,091,688",0,"5,293,761"
062000002018,620,06200000,Berlin-Boylston,2018,540,"5,247,616","4,352,079",17.50,"1,107,888",0,"5,459,967"
062000002019,620,06200000,Berlin-Boylston,2019,553,"5,654,506","4,534,769",17.50,"1,124,478","11,849","5,659,247"
062000002020,620,06200000,Berlin-Boylston,2020,954,"9,927,446","8,048,259",17.50,"2,139,724",0,"10,187,983"
062000002021,620,06200000,Berlin-Boylston,2021,950,"10,107,518","8,212,670",17.50,"2,139,724",0,"10,352,394"
062000002022,620,06200000,Berlin-Boylston,2022,977,"10,696,910","8,558,303",17.50,"2,169,034",0,"10,727,337"
062200002007,622,06220000,Blackstone-Millville,2007,"2,078","15,675,653","6,231,925",52.95,"10,509,983",0,"16,741,908"
062200002008,622,06220000,Blackstone-Millville,2008,"2,058","16,290,966","6,659,559",54.49,"10,845,267",0,"17,504,826"
062200002009,622,06220000,Blackstone-Millville,2009,"2,045","17,163,606","6,723,921",55.62,"11,330,629",0,"18,054,550"
062200002010,622,06220000,Blackstone-Millville,2010,"2,029","17,821,603","7,213,787",56.07,"11,104,016",0,"18,317,803"
062200002011,622,06220000,Blackstone-Millville,2011,"2,053","17,631,669","7,334,869",56.68,"10,455,320",0,"17,790,189"
062200002012,622,06220000,Blackstone-Millville,2012,"1,999","17,725,268","7,567,852",56.46,"10,511,449",0,"18,079,301"
062200002013,622,06220000,Blackstone-Millville,2013,"1,958","18,008,630","7,894,508",54.52,"10,589,769",0,"18,484,277"
062200002014,622,06220000,Blackstone-Millville,2014,"1,914","17,925,439","8,081,231",54.78,"10,637,619",0,"18,718,850"
062200002015,622,06220000,Blackstone-Millville,2015,"1,879","17,804,636","8,183,978",53.73,"10,684,594",0,"18,868,572"
062200002016,622,06220000,Blackstone-Millville,2016,"1,800","17,580,139","8,234,791",53.99,"10,729,594",0,"18,964,385"
062200002017,622,06220000,Blackstone-Millville,2017,"1,767","17,055,908","8,133,559",52.37,"10,826,779",0,"18,960,338"
062200002018,622,06220000,Blackstone-Millville,2018,"1,783","17,728,143","8,280,761",53.30,"10,880,269",0,"19,161,030"
062200002019,622,06220000,Blackstone-Millville,2019,"1,755","18,045,229","8,455,406",53.07,"10,932,919",0,"19,388,325"
062200002020,622,06220000,Blackstone-Millville,2020,"1,744","18,718,436","8,774,546",51.98,"10,985,239",0,"19,759,785"
062200002021,622,06220000,Blackstone-Millville,2021,"1,737","19,305,134","9,159,231",52.30,"10,985,239",0,"20,144,470"
062200002022,622,06220000,Blackstone-Millville,2022,"1,675","19,313,058","9,358,379",51.54,"11,035,489",0,"20,393,868"
062500002007,625,06250000,Bridgewater-Raynham,2007,"5,633","41,935,929","23,349,196",37.31,"19,665,067",0,"43,014,263"
062500002008,625,06250000,Bridgewater-Raynham,2008,"5,733","44,782,550","24,739,437",37.57,"20,734,543","378,046","45,473,980"
062500002009,625,06250000,Bridgewater-Raynham,2009,"5,714","47,098,996","25,851,193",37.92,"21,612,939","513,260","47,464,132"
062500002010,625,06250000,Bridgewater-Raynham,2010,"5,688","48,428,019","27,952,831",38.82,"21,180,680",0,"49,133,511"
062500002011,625,06250000,Bridgewater-Raynham,2011,"5,676","47,983,788","28,556,936",39.77,"19,943,306",0,"48,500,242"
062500002012,625,06250000,Bridgewater-Raynham,2012,"5,582","48,390,610","29,073,200",39.62,"20,050,371",0,"49,123,571"
062500002013,625,06250000,Bridgewater-Raynham,2013,"5,471","49,427,213","30,075,604",38.52,"20,269,571",0,"50,345,175"
062500002014,625,06250000,Bridgewater-Raynham,2014,"5,364","49,488,995","30,660,371",38.69,"20,403,671",0,"51,064,042"
062500002015,625,06250000,Bridgewater-Raynham,2015,"5,317","49,690,981","31,221,396",37.86,"20,536,596",0,"51,757,992"
062500002016,625,06250000,Bridgewater-Raynham,2016,"5,407","51,489,038","31,846,579",39.55,"20,671,771",0,"52,518,350"
062500002017,625,06250000,Bridgewater-Raynham,2017,"5,398","51,178,987","31,816,877",38.23,"20,968,661",0,"52,785,538"
062500002018,625,06250000,Bridgewater-Raynham,2018,"5,445","52,866,849","32,583,398",38.67,"21,132,011",0,"53,715,409"
062500002019,625,06250000,Bridgewater-Raynham,2019,"5,378","54,041,579","34,169,692",36.34,"21,293,351",0,"55,463,043"
062500002020,625,06250000,Bridgewater-Raynham,2020,"5,494","57,734,651","35,678,127",37.43,"22,061,362","763,173","57,739,489"
062500002021,625,06250000,Bridgewater-Raynham,2021,"5,506","59,327,587","36,619,588",37.86,"22,716,693","646,637","59,336,281"
062500002022,625,06250000,Bridgewater-Raynham,2022,"5,446","60,696,670","37,575,602",36.68,"23,266,232","404,375","60,841,834"
063200002007,632,06320000,Chesterfield-Goshen,2007,175,"1,312,143","731,037",55.25,"711,347",0,"1,442,384"
063200002008,632,06320000,Chesterfield-Goshen,2008,164,"1,277,283","717,531",52.12,"719,547",0,"1,437,078"
063200002009,632,06320000,Chesterfield-Goshen,2009,163,"1,377,086","699,752",53.36,"772,802",0,"1,472,554"
063200002010,632,06320000,Chesterfield-Goshen,2010,172,"1,450,753","732,969",51.34,"757,346",0,"1,490,315"
063200002011,632,06320000,Chesterfield-Goshen,2011,168,"1,401,680","744,562",50.18,"713,102",0,"1,457,664"
063200002012,632,06320000,Chesterfield-Goshen,2012,157,"1,350,534","753,143",45.49,"716,930",0,"1,470,073"
063200002013,632,06320000,Chesterfield-Goshen,2013,160,"1,413,142","785,219",46.48,"723,330",0,"1,508,549"
063200002014,632,06320000,Chesterfield-Goshen,2014,156,"1,413,824","797,176",44.23,"727,230",0,"1,524,406"
063200002015,632,06320000,Chesterfield-Goshen,2015,146,"1,269,753","783,121",38.90,"730,880",0,"1,514,001"
063200002016,632,06320000,Chesterfield-Goshen,2016,136,"1,290,268","795,911",39.39,"734,280",0,"1,530,191"
063200002017,632,06320000,Chesterfield-Goshen,2017,124,"1,239,669","767,824",38.58,"741,100",0,"1,508,924"
063200002018,632,06320000,Chesterfield-Goshen,2018,122,"1,195,140","763,068",36.75,"744,760",0,"1,507,828"
063200002019,632,06320000,Chesterfield-Goshen,2019,125,"1,273,267","786,037",37.77,"748,510",0,"1,534,547"
063200002020,632,06320000,Chesterfield-Goshen,2020,114,"1,171,005","742,974",36.55,"751,930",0,"1,494,904"
063200002021,632,06320000,Chesterfield-Goshen,2021,112,"1,184,019","774,310",34.60,"751,930",0,"1,526,240"
063200002022,632,06320000,Chesterfield-Goshen,2022,100,"1,138,618","808,979",28.95,"754,930",0,"1,563,909"
063500002007,635,06350000,Central Berkshire,2007,"2,172","17,068,928","9,492,361",52.45,"8,092,876",0,"17,585,237"
063500002008,635,06350000,Central Berkshire,2008,"2,182","17,956,787","9,547,848",51.49,"8,550,035","316,063","18,097,883"
063500002009,635,06350000,Central Berkshire,2009,"2,152","18,638,347","9,708,028",50.74,"8,930,319","380,284","18,638,347"
063500002010,635,06350000,Central Berkshire,2010,"2,094","18,841,798","10,035,980",47.28,"8,751,713",0,"18,787,693"
063500002011,635,06350000,Central Berkshire,2011,"2,004","17,732,901","10,045,858",46.89,"8,291,382",0,"18,337,240"
063500002012,635,06350000,Central Berkshire,2012,"1,947","17,880,776","10,085,382",44.89,"8,335,894",0,"18,421,276"
063500002013,635,06350000,Central Berkshire,2013,"1,861","17,613,394","10,334,614",43.24,"8,410,334",0,"18,744,948"
063500002014,635,06350000,Central Berkshire,2014,"1,776","17,159,555","10,602,338",36.72,"8,454,734",0,"19,057,072"
063500002015,635,06350000,Central Berkshire,2015,"1,732","16,974,405","10,521,566",39.24,"8,498,034",0,"19,019,600"
063500002016,635,06350000,Central Berkshire,2016,"1,701","16,927,679","10,815,311",37.65,"8,540,559",0,"19,355,870"
063500002017,635,06350000,Central Berkshire,2017,"1,612","16,389,265","10,548,832",36.24,"8,629,219",0,"19,178,051"
063500002018,635,06350000,Central Berkshire,2018,"1,623","16,770,479","10,582,972",36.35,"8,677,909",0,"19,260,881"
063500002019,635,06350000,Central Berkshire,2019,"1,610","17,387,171","10,650,195",37.89,"8,726,209",0,"19,376,404"
063500002020,635,06350000,Central Berkshire,2020,"1,568","17,917,237","10,887,646",38.00,"8,773,249",0,"19,660,895"
063500002021,635,06350000,Central Berkshire,2021,"1,532","17,769,138","10,821,874",38.59,"8,773,249",0,"19,595,123"
063500002022,635,06350000,Central Berkshire,2022,"1,516","18,403,561","11,139,154",38.82,"8,818,729",0,"19,957,883"
064000002007,640,06400000,Concord-Carlisle,2007,"1,289","11,043,068","11,833,214",17.50,"1,704,025",0,"13,537,239"
064000002008,640,06400000,Concord-Carlisle,2008,"1,295","11,535,486","12,039,761",17.50,"1,798,430",0,"13,838,191"
064000002009,640,06400000,Concord-Carlisle,2009,"1,307","12,261,008","11,881,005",17.50,"1,925,396",0,"13,806,401"
064000002010,640,06400000,Concord-Carlisle,2010,"1,309","12,736,973","12,027,622",17.50,"1,886,888",0,"13,914,510"
064000002011,640,06400000,Concord-Carlisle,2011,"1,286","12,226,663","11,610,510",17.50,"1,776,656",0,"13,387,166"
064000002012,640,06400000,Concord-Carlisle,2012,"1,249","12,055,418","11,452,179",17.50,"1,786,194",0,"13,238,373"
064000002013,640,06400000,Concord-Carlisle,2013,"1,252","12,584,072","11,667,076",17.50,"1,836,274",0,"13,503,350"
064000002014,640,06400000,Concord-Carlisle,2014,"1,265","12,876,490","11,748,056",17.50,"1,867,899",0,"13,615,955"
064000002015,640,06400000,Concord-Carlisle,2015,"1,283","13,172,186","11,470,046",17.50,"2,020,931",0,"13,490,977"
064000002016,640,06400000,Concord-Carlisle,2016,"1,301","13,659,882","11,719,574",17.50,"2,053,456",0,"13,773,030"
064000002017,640,06400000,Concord-Carlisle,2017,"1,340","14,101,517","11,779,839",17.50,"2,321,678","268,222","14,101,517"
064000002018,640,06400000,Concord-Carlisle,2018,"1,321","14,235,386","11,805,585",17.50,"2,429,801","108,123","14,235,386"
064000002019,640,06400000,Concord-Carlisle,2019,"1,319","14,677,155","12,108,652",17.50,"2,568,503","138,702","14,677,155"
064000002020,640,06400000,Concord-Carlisle,2020,"1,321","15,326,810","12,636,179",17.50,"2,700,821","122,128","15,337,000"
064000002021,640,06400000,Concord-Carlisle,2021,"1,323","15,698,387","12,951,170",17.50,"2,747,217","46,396","15,698,387"
064000002022,640,06400000,Concord-Carlisle,2022,"1,346","16,437,449","13,560,896",17.50,"2,885,882","129,336","16,446,778"
064500002007,645,06450000,Dennis-Yarmouth,2007,"3,944","31,921,636","27,640,649",17.50,"6,521,044",0,"34,161,693"
064500002008,645,06450000,Dennis-Yarmouth,2008,"3,835","32,866,009","28,181,902",17.50,"6,712,794",0,"34,894,696"
064500002009,645,06450000,Dennis-Yarmouth,2009,"3,798","33,929,083","28,230,096",17.50,"6,902,694",0,"35,132,790"
064500002010,645,06450000,Dennis-Yarmouth,2010,"3,728","34,720,684","29,362,682",17.50,"6,764,640",0,"36,127,322"
064500002011,645,06450000,Dennis-Yarmouth,2011,"3,678","33,550,155","29,272,877",17.50,"6,369,450",0,"35,642,327"
064500002012,645,06450000,Dennis-Yarmouth,2012,"3,559","33,188,220","29,829,472",17.50,"6,403,644",0,"36,233,116"
064500002013,645,06450000,Dennis-Yarmouth,2013,"3,498","34,159,114","30,421,379",17.50,"6,543,564",0,"36,964,943"
064500002014,645,06450000,Dennis-Yarmouth,2014,"3,509","34,997,479","31,287,824",17.50,"6,631,289",0,"37,919,113"
064500002015,645,06450000,Dennis-Yarmouth,2015,"3,469","34,668,834","30,189,585",17.50,"6,718,014",0,"36,907,599"
064500002016,645,06450000,Dennis-Yarmouth,2016,"3,409","35,460,503","30,284,637",17.50,"6,803,239",0,"37,087,876"
064500002017,645,06450000,Dennis-Yarmouth,2017,"3,465","36,706,251","30,483,143",17.50,"6,993,814",0,"37,476,957"
064500002018,645,06450000,Dennis-Yarmouth,2018,"3,395","36,833,289","30,597,193",17.50,"7,095,664",0,"37,692,857"
064500002019,645,06450000,Dennis-Yarmouth,2019,"3,407","38,305,324","31,508,282",17.50,"7,197,874",0,"38,706,156"
064500002020,645,06450000,Dennis-Yarmouth,2020,"3,388","40,299,027","32,486,327",17.50,"7,812,700","614,826","40,299,027"
064500002021,645,06450000,Dennis-Yarmouth,2021,"3,334","40,772,315","32,996,593",17.50,"7,812,700",0,"40,809,293"
064500002022,645,06450000,Dennis-Yarmouth,2022,"3,140","40,000,864","32,339,804",17.50,"7,906,900",0,"40,246,704"
065000002007,650,06500000,Dighton-Rehoboth,2007,"3,310","25,227,557","13,220,377",43.32,"12,078,498","676,053","25,298,875"
065000002008,650,06500000,Dighton-Rehoboth,2008,"3,303","26,488,176","14,032,590",41.05,"12,595,982","377,088","26,628,572"
065000002009,650,06500000,Dighton-Rehoboth,2009,"3,293","27,834,400","14,867,498",40.63,"13,142,953","370,920","28,010,451"
065000002010,650,06500000,Dighton-Rehoboth,2010,"3,227","28,579,094","15,934,995",36.86,"12,880,094",0,"28,815,089"
065000002011,650,06500000,Dighton-Rehoboth,2011,"3,167","27,227,095","16,519,761",37.98,"12,127,640",0,"28,647,401"
065000002012,650,06500000,Dighton-Rehoboth,2012,"3,103","27,435,686","16,943,069",36.86,"12,192,746",0,"29,135,815"
065000002013,650,06500000,Dighton-Rehoboth,2013,"3,080","28,588,235","17,614,915",37.65,"12,315,946",0,"29,930,861"
065000002014,650,06500000,Dighton-Rehoboth,2014,"2,969","28,145,868","17,936,311",36.90,"12,390,171",0,"30,326,482"
065000002015,650,06500000,Dighton-Rehoboth,2015,"2,914","28,150,365","18,051,150",36.54,"12,463,021",0,"30,514,171"
065000002016,650,06500000,Dighton-Rehoboth,2016,"2,929","28,723,483","18,028,977",38.73,"12,536,246",0,"30,565,223"
065000002017,650,06500000,Dighton-Rehoboth,2017,"2,922","29,000,399","17,773,340",39.19,"12,696,956",0,"30,470,296"
065000002018,650,06500000,Dighton-Rehoboth,2018,"2,877","28,781,592","18,150,262",35.97,"12,783,266",0,"30,933,528"
065000002019,650,06500000,Dighton-Rehoboth,2019,"2,892","30,099,135","18,922,107",37.13,"12,870,026",0,"31,792,133"
065000002020,650,06500000,Dighton-Rehoboth,2020,"2,897","31,540,121","19,831,231",36.46,"12,956,936",0,"32,788,167"
065000002021,650,06500000,Dighton-Rehoboth,2021,"2,854","31,470,517","20,472,580",34.41,"12,956,936",0,"33,429,516"
065000002022,650,06500000,Dighton-Rehoboth,2022,"2,665","30,297,677","20,851,154",31.08,"13,036,886",0,"33,888,040"
065500002007,655,06550000,Dover-Sherborn,2007,"1,057","8,206,331","8,468,634",17.50,"1,273,362",0,"9,741,996"
065500002008,655,06550000,Dover-Sherborn,2008,"1,086","8,844,812","8,708,826",17.50,"1,385,096",0,"10,093,922"
065500002009,655,06550000,Dover-Sherborn,2009,"1,101","9,304,310","8,639,071",17.50,"1,465,508",0,"10,104,579"
065500002010,655,06550000,Dover-Sherborn,2010,"1,142","9,990,853","9,006,852",17.50,"1,436,198",0,"10,443,050"
065500002011,655,06550000,Dover-Sherborn,2011,"1,181","10,131,212","9,255,639",17.50,"1,352,295",0,"10,607,934"
065500002012,655,06550000,Dover-Sherborn,2012,"1,191","10,389,452","9,537,204",17.50,"1,359,555",0,"10,896,759"
065500002013,655,06550000,Dover-Sherborn,2013,"1,225","11,120,543","10,202,046",17.50,"1,408,555",0,"11,610,601"
065500002014,655,06550000,Dover-Sherborn,2014,"1,207","11,227,795","10,290,387",17.50,"1,438,730",0,"11,729,117"
065500002015,655,06550000,Dover-Sherborn,2015,"1,203","11,333,898","10,098,983",17.50,"1,629,376",0,"11,728,359"
065500002016,655,06550000,Dover-Sherborn,2016,"1,208","11,580,014","10,114,738",17.50,"1,659,576",0,"11,774,314"
065500002017,655,06550000,Dover-Sherborn,2017,"1,213","11,702,650","9,794,356",17.50,"1,908,294","248,718","11,702,650"
065500002018,655,06550000,Dover-Sherborn,2018,"1,207","11,848,628","9,800,905",17.50,"2,047,723","139,429","11,848,628"
065500002019,655,06550000,Dover-Sherborn,2019,"1,223","12,427,516","10,244,725",17.50,"2,182,791","135,068","12,427,516"
065500002020,655,06550000,Dover-Sherborn,2020,"1,225","13,018,705","10,740,432",17.50,"2,282,394","95,482","13,022,826"
065500002021,655,06550000,Dover-Sherborn,2021,"1,241","13,502,936","11,139,922",17.50,"2,363,014","80,620","13,502,936"
065500002022,655,06550000,Dover-Sherborn,2022,"1,229","13,732,497","11,329,309",17.50,"2,413,514","40,174","13,742,823"
065800002007,658,06580000,Dudley-Charlton,2007,"4,304","32,233,347","10,252,229",56.81,"22,188,433","806,186","32,440,662"
065800002008,658,06580000,Dudley-Charlton,2008,"4,298","33,797,564","11,029,311",56.30,"23,069,087","579,820","34,098,398"
065800002009,658,06580000,Dudley-Charlton,2009,"4,351","36,110,116","11,697,527",56.94,"24,412,589","1,343,502","36,110,116"
065800002010,658,06580000,Dudley-Charlton,2010,"4,273","36,777,726","11,966,621",54.75,"23,924,337",0,"35,890,958"
065800002011,658,06580000,Dudley-Charlton,2011,"4,216","35,729,460","12,287,043",54.62,"23,361,642",0,"35,648,685"
065800002012,658,06580000,Dudley-Charlton,2012,"4,121","35,694,097","12,669,036",51.03,"23,487,058",0,"36,156,094"
065800002013,658,06580000,Dudley-Charlton,2013,"4,001","36,205,278","13,079,319",53.45,"23,647,098",0,"36,726,417"
065800002014,658,06580000,Dudley-Charlton,2014,"3,902","36,078,034","13,510,547",53.68,"23,744,648",0,"37,255,195"
065800002015,658,06580000,Dudley-Charlton,2015,"3,895","36,713,400","14,006,333",54.18,"23,842,023",0,"37,848,356"
065800002016,658,06580000,Dudley-Charlton,2016,"3,870","37,460,711","14,629,068",54.11,"23,938,773",0,"38,567,841"
065800002017,658,06580000,Dudley-Charlton,2017,"3,862","37,500,027","15,535,167",54.44,"24,151,183",0,"39,686,350"
065800002018,658,06580000,Dudley-Charlton,2018,"3,802","37,720,696","16,113,609",54.47,"24,265,243",0,"40,378,852"
065800002019,658,06580000,Dudley-Charlton,2019,"3,765","38,840,212","16,771,540",54.17,"24,378,193",0,"41,149,733"
065800002020,658,06580000,Dudley-Charlton,2020,"3,669","39,553,020","17,196,696",53.42,"24,488,263",0,"41,684,959"
065800002021,658,06580000,Dudley-Charlton,2021,"3,556","39,294,595","17,806,070",52.62,"24,488,263",0,"42,294,333"
065800002022,658,06580000,Dudley-Charlton,2022,"3,338","38,219,798","18,216,746",50.11,"24,588,403",0,"42,805,149"
066000002007,660,06600000,Nauset,2007,"1,737","13,492,342","13,864,524",17.50,"3,298,923",0,"17,163,447"
066000002008,660,06600000,Nauset,2008,"1,611","13,240,289","13,643,131",17.50,"3,379,473",0,"17,022,604"
066000002009,660,06600000,Nauset,2009,"1,487","12,973,291","12,791,886",17.50,"3,453,823",0,"16,245,709"
066000002010,660,06600000,Nauset,2010,"1,436","12,824,764","12,606,630",17.50,"3,384,747",0,"15,991,377"
066000002011,660,06600000,Nauset,2011,"1,423","12,466,861","12,161,887",17.50,"3,187,010",0,"15,348,897"
066000002012,660,06600000,Nauset,2012,"1,344","11,987,364","11,783,104",17.49,"3,204,119",0,"14,987,223"
066000002013,660,06600000,Nauset,2013,"1,304","12,271,544","11,841,626",17.49,"3,256,279",0,"15,097,905"
066000002014,660,06600000,Nauset,2014,"1,309","12,583,436","12,006,085",17.51,"3,289,004",0,"15,295,089"
066000002015,660,06600000,Nauset,2015,"1,301","12,650,853","11,365,672",17.50,"3,321,529",0,"14,687,201"
066000002016,660,06600000,Nauset,2016,"1,273","12,867,301","11,188,533",17.50,"3,353,354",0,"14,541,887"
066000002017,660,06600000,Nauset,2017,"1,235","12,935,106","10,790,864",17.50,"3,421,279",0,"14,212,143"
066000002018,660,06600000,Nauset,2018,"1,183","12,490,517","10,380,459",17.50,"3,456,769",0,"13,837,228"
066000002019,660,06600000,Nauset,2019,"1,150","12,759,248","10,525,994",17.50,"3,491,269",0,"14,017,263"
066000002020,660,06600000,Nauset,2020,"1,186","13,781,730","11,296,893",17.50,"3,526,849",0,"14,823,742"
066000002021,660,06600000,Nauset,2021,"1,196","13,928,036","11,407,465",17.50,"3,526,849",0,"14,934,314"
066000002022,660,06600000,Nauset,2022,"1,190","14,255,426","11,760,727",17.50,"3,562,549",0,"15,323,276"
066200002007,662,06620000,Farmington River,2007,278,"2,244,629","2,179,857",17.50,"389,406",0,"2,569,263"
066200002008,662,06620000,Farmington River,2008,251,"2,032,717","2,125,018",17.50,"401,956",0,"2,526,974"
066200002009,662,06620000,Farmington River,2009,246,"2,101,262","2,056,801",17.50,"414,256",0,"2,471,057"
066200002010,662,06620000,Farmington River,2010,258,"2,272,477","2,094,866",17.50,"405,970",0,"2,500,836"
066200002011,662,06620000,Farmington River,2011,262,"2,284,470","2,094,019",17.50,"382,253",0,"2,476,272"
066200002012,662,06620000,Farmington River,2012,279,"2,507,654","2,157,223",17.50,"384,305",0,"2,541,528"
066200002013,662,06620000,Farmington River,2013,261,"2,477,293","2,210,649",17.50,"394,745",0,"2,605,394"
066200002014,662,06620000,Farmington River,2014,250,"2,381,535","2,239,793",17.50,"400,995",0,"2,640,788"
066200002015,662,06620000,Farmington River,2015,243,"2,333,265","2,082,363",17.50,"407,070",0,"2,489,433"
066200002016,662,06620000,Farmington River,2016,254,"2,496,034","2,114,411",17.50,"413,420",0,"2,527,831"
066200002017,662,06620000,Farmington River,2017,248,"2,464,478","2,057,324",17.50,"427,060",0,"2,484,384"
066200002018,662,06620000,Farmington River,2018,238,"2,368,941","1,978,521",17.50,"434,200",0,"2,412,721"
066200002019,662,06620000,Farmington River,2019,236,"2,470,961","1,982,431",17.50,"488,530","54,330","2,470,961"
066200002020,662,06620000,Farmington River,2020,214,"2,310,317","1,903,782",17.50,"494,950",0,"2,398,732"
066200002021,662,06620000,Farmington River,2021,208,"2,289,345","1,877,720",17.50,"494,950",0,"2,372,670"
066200002022,662,06620000,Farmington River,2022,210,"2,405,494","1,931,789",17.50,"501,250",0,"2,433,039"
066500002007,665,06650000,Freetown-Lakeville,2007,"1,910","14,519,330","8,906,388",37.47,"6,832,785",0,"15,739,173"
066500002008,665,06650000,Freetown-Lakeville,2008,"1,955","15,553,549","9,668,371",35.51,"7,200,036",0,"16,868,407"
066500002009,665,06650000,Freetown-Lakeville,2009,"1,991","16,583,275","10,105,484",35.45,"7,565,074",0,"17,670,558"
066500002010,665,06650000,Freetown-Lakeville,2010,"1,976","17,047,223","10,617,731",35.64,"7,413,773",0,"18,031,504"
066500002011,665,06650000,Freetown-Lakeville,2011,"1,950","16,531,201","10,502,887",36.70,"6,980,661",0,"17,483,548"
066500002012,665,06650000,Freetown-Lakeville,2012,"3,005","25,567,244","16,827,381",34.09,"10,359,748",0,"27,187,129"
066500002013,665,06650000,Freetown-Lakeville,2013,"2,976","26,403,268","17,241,340",34.86,"10,478,788",0,"27,720,128"
066500002014,665,06650000,Freetown-Lakeville,2014,"2,934","26,716,909","17,493,884",34.77,"10,552,138",0,"28,046,022"
066500002015,665,06650000,Freetown-Lakeville,2015,"2,854","26,295,108","17,518,350",34.79,"10,623,488",0,"28,141,838"
066500002016,665,06650000,Freetown-Lakeville,2016,"2,760","25,836,232","17,647,952",33.22,"10,692,488",0,"28,340,440"
066500002017,665,06650000,Freetown-Lakeville,2017,"2,855","27,153,763","17,863,322",34.72,"10,849,513",0,"28,712,835"
066500002018,665,06650000,Freetown-Lakeville,2018,"2,788","26,949,047","17,944,798",33.90,"10,933,153",0,"28,877,951"
066500002019,665,06650000,Freetown-Lakeville,2019,"2,834","28,557,209","18,586,174",34.91,"11,018,173",0,"29,604,347"
066500002020,665,06650000,Freetown-Lakeville,2020,"2,800","29,471,190","19,374,781",32.31,"11,102,173",0,"30,476,954"
066500002021,665,06650000,Freetown-Lakeville,2021,"2,826","30,420,775","20,383,874",30.84,"11,102,173",0,"31,486,047"
066500002022,665,06650000,Freetown-Lakeville,2022,"2,715","30,046,776","21,121,724",29.03,"11,183,623",0,"32,305,347"
067000002007,670,06700000,Frontier,2007,724,"5,733,999","3,534,975",30.47,"2,746,608",0,"6,281,583"
067000002008,670,06700000,Frontier,2008,716,"5,983,480","3,789,925",27.17,"2,814,392",0,"6,604,317"
067000002009,670,06700000,Frontier,2009,714,"6,338,406","3,919,060",28.51,"2,915,581",0,"6,834,641"
067000002010,670,06700000,Frontier,2010,673,"6,166,669","4,548,404",27.77,"2,857,269",0,"7,405,673"
067000002011,670,06700000,Frontier,2011,654,"5,993,206","4,594,579",27.83,"2,690,347",0,"7,284,926"
067000002012,670,06700000,Frontier,2012,644,"5,922,687","4,614,585",21.67,"2,704,790",0,"7,319,375"
067000002013,670,06700000,Frontier,2013,622,"5,890,106","4,643,352",22.21,"2,729,670",0,"7,373,022"
067000002014,670,06700000,Frontier,2014,575,"5,648,702","4,748,410",18.71,"2,744,045",0,"7,492,455"
067000002015,670,06700000,Frontier,2015,576,"5,716,411","4,750,289",19.46,"2,758,445",0,"7,508,734"
067000002016,670,06700000,Frontier,2016,566,"5,662,972","4,785,017",17.85,"2,772,595",0,"7,557,612"
067000002017,670,06700000,Frontier,2017,584,"5,886,720","4,852,262",18.58,"2,804,715",0,"7,656,977"
067000002018,670,06700000,Frontier,2018,551,"5,732,224","4,635,171",19.85,"2,821,245",0,"7,456,416"
067000002019,670,06700000,Frontier,2019,566,"6,131,417","4,934,660",18.90,"2,838,225",0,"7,772,885"
067000002020,670,06700000,Frontier,2020,577,"6,490,224","5,195,546",18.97,"2,855,535",0,"8,051,081"
067000002021,670,06700000,Frontier,2021,579,"6,668,351","5,440,174",17.74,"2,855,535",0,"8,295,709"
067000002022,670,06700000,Frontier,2022,560,"6,641,610","5,465,964",17.70,"2,872,335",0,"8,338,299"
067200002007,672,06720000,Gateway,2007,"1,409","11,307,523","5,576,855",55.27,"5,817,025","352,916","11,393,880"
067200002008,672,06720000,Gateway,2008,"1,356","11,430,685","5,636,748",53.94,"5,921,631",0,"11,558,379"
067200002009,672,06720000,Gateway,2009,"1,294","11,453,179","5,658,310",52.41,"5,986,331",0,"11,644,641"
067200002010,672,06720000,Gateway,2010,"1,259","11,448,116","5,871,665",50.11,"5,866,604",0,"11,738,269"
067200002011,672,06720000,Gateway,2011,"1,233","11,136,860","5,975,739",49.40,"5,523,878",0,"11,499,617"
067200002012,672,06720000,Gateway,2012,"1,156","10,684,938","5,977,311",46.41,"5,553,533",0,"11,530,844"
067200002013,672,06720000,Gateway,2013,"1,131","10,913,250","6,024,049",45.00,"5,598,773",0,"11,622,822"
067200002014,672,06720000,Gateway,2014,"1,084","10,501,988","6,111,205",42.76,"5,625,873",0,"11,737,078"
067200002015,672,06720000,Gateway,2015,"1,066","10,475,106","6,121,175",42.62,"5,652,523",0,"11,773,698"
067200002016,672,06720000,Gateway,2016,950,"9,565,466","5,566,378",43.16,"5,531,374",0,"11,097,752"
067200002017,672,06720000,Gateway,2017,893,"9,151,021","5,435,268",41.22,"5,580,489",0,"11,015,757"
067200002018,672,06720000,Gateway,2018,880,"9,186,466","5,185,242",44.36,"5,606,889",0,"10,792,131"
067200002019,672,06720000,Gateway,2019,867,"9,373,308","5,155,696",44.86,"5,632,899",0,"10,788,595"
067200002020,672,06720000,Gateway,2020,860,"9,819,285","5,242,416",45.77,"5,658,699",0,"10,901,115"
067200002021,672,06720000,Gateway,2021,851,"10,053,035","5,377,560",45.19,"5,658,699",0,"11,036,259"
067200002022,672,06720000,Gateway,2022,780,"9,593,037","5,218,013",45.44,"5,682,099",0,"10,900,112"
067300002007,673,06730000,Groton-Dunstable,2007,"2,909","22,069,166","11,478,206",38.84,"10,590,960","900,915","22,069,166"
067300002008,673,06730000,Groton-Dunstable,2008,"2,860","22,567,813","12,305,992",33.32,"10,757,109",0,"23,063,101"
067300002009,673,06730000,Groton-Dunstable,2009,"2,838","23,533,501","13,095,797",33.44,"11,080,035",0,"24,175,832"
067300002010,673,06730000,Groton-Dunstable,2010,"2,757","23,587,738","16,063,245",31.44,"10,858,434",0,"26,921,679"
067300002011,673,06730000,Groton-Dunstable,2011,"2,745","22,939,192","16,429,914",29.22,"10,224,085",0,"26,653,999"
067300002012,673,06730000,Groton-Dunstable,2012,"2,735","23,308,786","17,069,512",22.38,"10,278,973",0,"27,348,485"
067300002013,673,06730000,Groton-Dunstable,2013,"2,640","23,452,027","17,673,118",21.99,"10,384,573",0,"28,057,691"
067300002014,673,06730000,Groton-Dunstable,2014,"2,596","23,574,679","18,322,278",20.71,"10,449,473",0,"28,771,751"
067300002015,673,06730000,Groton-Dunstable,2015,"2,552","23,421,974","18,828,192",18.42,"10,513,273",0,"29,341,465"
067300002016,673,06730000,Groton-Dunstable,2016,"2,496","23,366,261","19,288,600",19.01,"10,575,673",0,"29,864,273"
067300002017,673,06730000,Groton-Dunstable,2017,"2,380","21,908,747","18,375,113",17.50,"10,706,573",0,"29,081,686"
067300002018,673,06730000,Groton-Dunstable,2018,"2,385","22,374,530","18,540,836",17.60,"10,778,123",0,"29,318,959"
067300002019,673,06730000,Groton-Dunstable,2019,"2,373","23,046,297","18,825,814",18.32,"10,849,343",0,"29,675,157"
067300002020,673,06730000,Groton-Dunstable,2020,"2,357","23,962,885","19,528,829",17.61,"10,920,053",0,"30,448,882"
067300002021,673,06730000,Groton-Dunstable,2021,"2,317","24,034,914","19,807,347",17.50,"10,920,053",0,"30,727,400"
067300002022,673,06730000,Groton-Dunstable,2022,"2,253","23,977,455","19,781,401",17.50,"10,987,643",0,"30,769,044"
067400002007,674,06740000,Gill-Montague,2007,"1,239","10,362,291","5,144,962",55.84,"6,225,637",0,"11,370,599"
067400002008,674,06740000,Gill-Montague,2008,"1,203","10,629,600","5,170,843",55.96,"6,375,223",0,"11,546,066"
067400002009,674,06740000,Gill-Montague,2009,"1,156","10,694,903","5,178,227",54.97,"6,433,023",0,"11,611,250"
067400002010,674,06740000,Gill-Montague,2010,"1,119","10,705,697","5,206,242",51.75,"6,304,363",0,"11,510,605"
067400002011,674,06740000,Gill-Montague,2011,"1,118","10,709,037","5,230,945",53.89,"5,936,062",0,"11,167,007"
067400002012,674,06740000,Gill-Montague,2012,"1,117","10,890,170","5,322,669",51.66,"5,967,929",0,"11,290,598"
067400002013,674,06740000,Gill-Montague,2013,"1,061","10,709,407","5,432,442",49.31,"6,010,369",0,"11,442,811"
067400002014,674,06740000,Gill-Montague,2014,"1,105","11,221,184","5,642,595",50.13,"6,037,994",0,"11,680,589"
067400002015,674,06740000,Gill-Montague,2015,"1,098","11,383,341","5,825,645",49.89,"6,065,444",0,"11,891,089"
067400002016,674,06740000,Gill-Montague,2016,"1,089","11,391,876","6,028,359",46.93,"6,092,669",0,"12,121,028"
067400002017,674,06740000,Gill-Montague,2017,"1,091","11,388,880","6,051,487",47.20,"6,152,674",0,"12,204,161"
067400002018,674,06740000,Gill-Montague,2018,"1,078","11,605,184","6,037,197",48.30,"6,185,014",0,"12,222,211"
067400002019,674,06740000,Gill-Montague,2019,"1,099","12,227,503","6,132,607",49.85,"6,217,984",0,"12,350,591"
067400002020,674,06740000,Gill-Montague,2020,"1,072","12,729,673","6,160,944",51.61,"6,568,729","350,745","12,729,673"
067400002021,674,06740000,Gill-Montague,2021,"1,074","13,224,253","6,123,497",53.69,"7,100,756","532,027","13,224,253"
067400002022,674,06740000,Gill-Montague,2022,970,"12,355,223","6,065,329",50.91,"7,129,856",0,"13,195,185"
067500002007,675,06750000,Hamilton-Wenham,2007,"2,010","15,069,063","11,961,487",17.50,"3,269,343",0,"15,230,830"
067500002008,675,06750000,Hamilton-Wenham,2008,"2,021","15,863,562","12,603,727",17.50,"3,408,380",0,"16,012,107"
067500002009,675,06750000,Hamilton-Wenham,2009,"1,956","16,231,350","12,979,612",17.50,"3,506,180",0,"16,485,792"
067500002010,675,06750000,Hamilton-Wenham,2010,"1,927","16,539,445","13,759,009",17.50,"3,436,056",0,"17,195,065"
067500002011,675,06750000,Hamilton-Wenham,2011,"1,910","16,099,995","13,883,368",17.50,"3,235,322",0,"17,118,690"
067500002012,675,06750000,Hamilton-Wenham,2012,"1,822","15,671,050","13,956,082",17.50,"3,252,691",0,"17,208,773"
067500002013,675,06750000,Hamilton-Wenham,2013,"1,825","16,304,849","14,293,365",17.50,"3,325,691",0,"17,619,056"
067500002014,675,06750000,Hamilton-Wenham,2014,"1,789","16,257,548","14,512,213",17.50,"3,370,416",0,"17,882,629"
067500002015,675,06750000,Hamilton-Wenham,2015,"1,717","15,726,746","13,965,278",17.50,"3,413,341",0,"17,378,619"
067500002016,675,06750000,Hamilton-Wenham,2016,"1,785","16,707,535","14,120,458",17.50,"3,457,966",0,"17,578,424"
067500002017,675,06750000,Hamilton-Wenham,2017,"1,758","16,651,753","13,827,676",17.50,"3,554,656",0,"17,382,332"
067500002018,675,06750000,Hamilton-Wenham,2018,"1,735","16,696,409","13,868,580",17.50,"3,606,706",0,"17,475,286"
067500002019,675,06750000,Hamilton-Wenham,2019,"1,768","17,608,637","14,365,369",17.50,"3,659,746",0,"18,025,115"
067500002020,675,06750000,Hamilton-Wenham,2020,"1,722","17,895,420","14,618,380",17.50,"3,711,406",0,"18,329,786"
067500002021,675,06750000,Hamilton-Wenham,2021,"1,780","18,910,528","15,169,999",17.50,"3,742,189","29,123","18,912,188"
067500002022,675,06750000,Hamilton-Wenham,2022,"1,640","17,836,079","14,714,765",17.50,"3,791,389",0,"18,506,154"
068000002007,680,06800000,Hampden-Wilbraham,2007,"3,804","28,628,962","18,371,310",44.23,"10,257,652","665,702","28,628,962"
068000002008,680,06800000,Hampden-Wilbraham,2008,"3,764","29,666,356","18,507,813",45.03,"11,187,984","900,891","29,695,797"
068000002009,680,06800000,Hampden-Wilbraham,2009,"3,652","30,302,280","18,629,304",42.54,"11,749,844","484,992","30,379,148"
068000002010,680,06800000,Hampden-Wilbraham,2010,"3,587","30,835,123","19,103,251",38.21,"11,514,847",0,"30,618,098"
068000002011,680,06800000,Hampden-Wilbraham,2011,"3,553","29,974,197","18,956,605",40.69,"11,046,497",0,"30,003,102"
068000002012,680,06800000,Hampden-Wilbraham,2012,"3,528","30,318,463","19,431,538",38.48,"11,105,799",0,"30,537,337"
068000002013,680,06800000,Hampden-Wilbraham,2013,"3,391","30,471,568","19,904,990",37.07,"11,241,439",0,"31,146,429"
068000002014,680,06800000,Hampden-Wilbraham,2014,"3,301","30,267,610","20,416,003",35.68,"11,323,964",0,"31,739,967"
068000002015,680,06800000,Hampden-Wilbraham,2015,"3,252","30,372,595","20,400,941",35.28,"11,405,264",0,"31,806,205"
068000002016,680,06800000,Hampden-Wilbraham,2016,"3,142","29,954,423","20,917,022",31.07,"11,483,814",0,"32,400,836"
068000002017,680,06800000,Hampden-Wilbraham,2017,"3,056","29,402,188","20,490,243",31.06,"11,651,894",0,"32,142,137"
068000002018,680,06800000,Hampden-Wilbraham,2018,"3,016","29,683,318","20,807,570",30.17,"11,742,374",0,"32,549,944"
068000002019,680,06800000,Hampden-Wilbraham,2019,"2,967","30,100,033","20,633,481",31.45,"11,831,384",0,"32,464,865"
068000002020,680,06800000,Hampden-Wilbraham,2020,"2,966","31,472,652","21,135,655",32.85,"11,920,364",0,"33,056,019"
068000002021,680,06800000,Hampden-Wilbraham,2021,"2,919","31,697,327","22,048,457",17.68,"11,920,364",0,"33,968,821"
068000002022,680,06800000,Hampden-Wilbraham,2022,"2,806","31,633,421","21,974,391",30.53,"12,004,544",0,"33,978,935"
068300002007,683,06830000,Hampshire,2007,866,"6,805,484","4,138,583",49.23,"2,676,375","240,329","6,814,958"
068300002008,683,06830000,Hampshire,2008,829,"6,739,463","4,154,095",46.46,"2,812,809",0,"6,966,904"
068300002009,683,06830000,Hampshire,2009,849,"7,281,652","4,261,680",46.73,"3,066,174","207,163","7,327,854"
068300002010,683,06830000,Hampshire,2010,852,"7,552,394","4,295,649",45.29,"3,004,851",0,"7,300,500"
068300002011,683,06830000,Hampshire,2011,811,"7,104,748","4,238,418",43.97,"3,066,486",0,"7,304,904"
068300002012,683,06830000,Hampshire,2012,801,"7,166,323","4,430,064",39.69,"3,082,948",0,"7,513,012"
068300002013,683,06830000,Hampshire,2013,779,"7,159,285","4,518,959",38.06,"3,114,108",0,"7,633,067"
068300002014,683,06830000,Hampshire,2014,765,"7,221,048","4,622,819",36.32,"3,133,233",0,"7,756,052"
068300002015,683,06830000,Hampshire,2015,750,"7,159,547","4,689,344",34.73,"3,151,983",0,"7,841,327"
068300002016,683,06830000,Hampshire,2016,734,"7,223,607","4,822,063",34.07,"3,170,333",0,"7,992,396"
068300002017,683,06830000,Hampshire,2017,724,"7,226,816","4,870,971",33.09,"3,210,153",0,"8,081,124"
068300002018,683,06830000,Hampshire,2018,704,"7,135,055","4,768,992",33.78,"3,231,273",0,"8,000,265"
068300002019,683,06830000,Hampshire,2019,681,"7,177,310","4,802,721",33.00,"3,251,703",0,"8,054,424"
068300002020,683,06830000,Hampshire,2020,663,"7,292,664","4,957,708",31.30,"3,271,593",0,"8,229,301"
068300002021,683,06830000,Hampshire,2021,672,"7,581,893","5,141,694",32.02,"3,271,593",0,"8,413,287"
068300002022,683,06830000,Hampshire,2022,638,"7,385,184","5,155,929",29.41,"3,290,733",0,"8,446,662"
068500002007,685,06850000,Hawlemont,2007,127,"1,007,233","489,631",59.38,"620,085",0,"1,109,716"
068500002008,685,06850000,Hawlemont,2008,111,"935,837","424,000",61.34,"625,635",0,"1,049,635"
068500002009,685,06850000,Hawlemont,2009,107,"977,501","437,137",60.37,"650,788",0,"1,087,925"
068500002010,685,06850000,Hawlemont,2010,108,"1,015,178","455,789",56.30,"637,772",0,"1,093,561"
068500002011,685,06850000,Hawlemont,2011,104,"943,708","475,782",50.69,"600,513",0,"1,076,295"
068500002012,685,06850000,Hawlemont,2012,92,"852,740","451,986",46.59,"603,737",0,"1,055,723"
068500002013,685,06850000,Hawlemont,2013,91,"880,128","468,192",47.36,"607,377",0,"1,075,569"
068500002014,685,06850000,Hawlemont,2014,98,"950,613","539,883",44.15,"609,827",0,"1,149,710"
068500002015,685,06850000,Hawlemont,2015,95,"933,646","531,341",43.37,"612,202",0,"1,143,543"
068500002016,685,06850000,Hawlemont,2016,93,"950,854","532,283",44.12,"614,527",0,"1,146,810"
068500002017,685,06850000,Hawlemont,2017,89,"966,196","536,672",44.78,"619,422",0,"1,156,094"
068500002018,685,06850000,Hawlemont,2018,82,"948,610","528,435",44.55,"621,882",0,"1,150,317"
068500002019,685,06850000,Hawlemont,2019,106,"1,319,629","686,073",46.86,"633,556","11,674","1,319,629"
068500002020,685,06850000,Hawlemont,2020,93,"1,194,592","597,682",49.97,"636,346",0,"1,234,028"
068500002021,685,06850000,Hawlemont,2021,93,"1,210,178","645,856",46.49,"636,346",0,"1,282,202"
068500002022,685,06850000,Hawlemont,2022,79,"1,114,457","626,296",43.34,"638,716",0,"1,265,012"
069000002007,690,06900000,King Philip,2007,"2,111","16,295,851","9,507,703",33.16,"6,788,148","543,624","16,295,851"
069000002008,690,06900000,King Philip,2008,"2,139","17,396,805","10,500,808",31.87,"7,139,022","107,849","17,639,830"
069000002009,690,06900000,King Philip,2009,"2,184","18,770,909","11,301,852",31.58,"7,572,964","330,035","18,874,816"
069000002010,690,06900000,King Philip,2010,"2,171","19,266,153","12,421,086",33.06,"7,421,505",0,"19,842,591"
069000002011,690,06900000,King Philip,2011,"2,160","18,766,472","12,655,997",31.31,"6,987,941",0,"19,643,938"
069000002012,690,06900000,King Philip,2012,"2,212","19,491,490","13,489,687",29.37,"7,025,455",0,"20,515,142"
069000002013,690,06900000,King Philip,2013,"2,203","20,106,153","14,008,919",28.43,"7,113,575",0,"21,122,494"
069000002014,690,06900000,King Philip,2014,"2,226","20,756,038","15,085,093",25.35,"7,169,225",0,"22,254,318"
069000002015,690,06900000,King Philip,2015,"2,195","20,668,060","15,441,355",23.60,"7,224,100",0,"22,665,455"
069000002016,690,06900000,King Philip,2016,"2,174","20,796,265","16,339,640",20.92,"7,278,450",0,"23,618,090"
069000002017,690,06900000,King Philip,2017,"2,206","21,464,344","16,747,910",22.42,"7,399,780",0,"24,147,690"
069000002018,690,06900000,King Philip,2018,"2,176","21,686,950","17,288,364",20.54,"7,465,060",0,"24,753,424"
069000002019,690,06900000,King Philip,2019,"2,142","22,108,495","17,573,207",20.51,"7,529,320",0,"25,102,527"
069000002020,690,06900000,King Philip,2020,"2,122","22,968,589","18,207,740",20.73,"7,592,980",0,"25,800,720"
069000002021,690,06900000,King Philip,2021,"2,057","22,821,189","18,216,801",20.18,"7,592,980",0,"25,809,781"
069000002022,690,06900000,King Philip,2022,"2,024","23,108,673","18,487,068",19.15,"7,653,700",0,"26,140,768"
069500002007,695,06950000,Lincoln-Sudbury,2007,"1,608","13,657,169","11,726,968",17.50,"2,197,526","142,523","13,924,494"
069500002008,695,06950000,Lincoln-Sudbury,2008,"1,643","14,669,142","12,512,472",17.50,"2,374,621",0,"14,887,093"
069500002009,695,06950000,Lincoln-Sudbury,2009,"1,654","15,512,737","13,029,848",17.50,"2,522,250","108,268","15,552,098"
069500002010,695,06950000,Lincoln-Sudbury,2010,"1,669","16,180,112","13,524,542",17.50,"2,471,805",0,"15,996,347"
069500002011,695,06950000,Lincoln-Sudbury,2011,"1,648","15,640,388","13,606,478",17.50,"2,500,432",0,"16,106,910"
069500002012,695,06950000,Lincoln-Sudbury,2012,"1,648","15,881,721","14,058,638",17.50,"2,513,855",0,"16,572,493"
069500002013,695,06950000,Lincoln-Sudbury,2013,"1,650","16,550,937","14,522,938",17.50,"2,609,495",0,"17,132,433"
069500002014,695,06950000,Lincoln-Sudbury,2014,"1,632","16,660,368","14,759,478",17.50,"2,686,012",0,"17,445,490"
069500002015,695,06950000,Lincoln-Sudbury,2015,"1,701","17,538,177","15,255,513",17.50,"2,820,121",0,"18,075,634"
069500002016,695,06950000,Lincoln-Sudbury,2016,"1,676","17,586,404","15,195,939",17.50,"2,862,021",0,"18,057,960"
069500002017,695,06950000,Lincoln-Sudbury,2017,"1,667","17,527,242","14,585,219",17.50,"2,953,706","80,002","17,538,925"
069500002018,695,06950000,Lincoln-Sudbury,2018,"1,633","17,315,388","14,392,659",17.50,"3,002,696",0,"17,395,355"
069500002019,695,06950000,Lincoln-Sudbury,2019,"1,588","17,438,817","14,387,024",17.50,"3,051,793","49,097","17,438,817"
069500002020,695,06950000,Lincoln-Sudbury,2020,"1,583","17,865,442","14,738,989",17.50,"3,127,363","74,660","17,866,352"
069500002021,695,06950000,Lincoln-Sudbury,2021,"1,568","17,971,715","14,826,665",17.50,"3,145,998","17,687","17,972,663"
069500002022,695,06950000,Lincoln-Sudbury,2022,"1,586","18,587,999","15,335,100",17.50,"3,264,670","106,901","18,599,770"
069800002007,698,06980000,Manchester Essex,2007,"1,205","9,141,258","9,202,986",17.50,"1,511,536",0,"10,714,522"
069800002008,698,06980000,Manchester Essex,2008,"1,209","9,630,975","9,237,772",17.50,"1,597,236",0,"10,835,008"
069800002009,698,06980000,Manchester Essex,2009,"1,236","10,323,403","9,323,664",17.50,"1,718,411",0,"11,042,075"
069800002010,698,06980000,Manchester Essex,2010,"1,266","10,893,474","9,499,354",17.50,"1,684,043",0,"11,183,397"
069800002011,698,06980000,Manchester Essex,2011,"1,332","11,219,611","9,669,672",17.50,"1,585,661",0,"11,255,333"
069800002012,698,06980000,Manchester Essex,2012,"1,401","12,153,403","10,046,472",17.50,"2,106,931","512,757","12,153,403"
069800002013,698,06980000,Manchester Essex,2013,"1,446","13,132,240","10,490,205",17.50,"2,642,035","535,104","13,132,240"
069800002014,698,06980000,Manchester Essex,2014,"1,488","13,658,346","10,881,653",17.50,"2,776,693","134,658","13,658,346"
069800002015,698,06980000,Manchester Essex,2015,"1,481","13,572,189","11,221,647",17.50,"2,813,718",0,"14,035,365"
069800002016,698,06980000,Manchester Essex,2016,"1,458","13,636,380","11,449,215",17.50,"2,850,168",0,"14,299,383"
069800002017,698,06980000,Manchester Essex,2017,"1,394","13,222,782","11,043,112",17.50,"2,926,838",0,"13,969,950"
069800002018,698,06980000,Manchester Essex,2018,"1,351","13,044,523","10,860,009",17.50,"2,967,368",0,"13,827,377"
069800002019,698,06980000,Manchester Essex,2019,"1,346","13,504,655","11,094,289",17.50,"3,007,748",0,"14,102,037"
069800002020,698,06980000,Manchester Essex,2020,"1,364","14,371,784","11,738,511",17.50,"3,048,668",0,"14,787,179"
069800002021,698,06980000,Manchester Essex,2021,"1,348","14,540,612","11,993,491",17.50,"3,048,668",0,"15,042,159"
069800002022,698,06980000,Manchester Essex,2022,"1,253","13,975,373","11,529,683",17.50,"3,086,258",0,"14,615,941"
070000002007,700,07000000,Marthas Vineyard,2007,848,"7,932,850","7,970,360",17.49,"2,820,735",0,"10,791,095"
070000002008,700,07000000,Marthas Vineyard,2008,821,"8,068,434","8,233,407",17.50,"2,861,785",0,"11,095,192"
070000002009,700,07000000,Marthas Vineyard,2009,795,"7,978,454","7,784,419",17.51,"2,901,535",0,"10,685,954"
070000002010,700,07000000,Marthas Vineyard,2010,755,"8,027,782","7,579,454",17.50,"2,843,504",0,"10,422,958"
070000002011,700,07000000,Marthas Vineyard,2011,749,"7,689,159","7,354,264",17.50,"2,677,387",0,"10,031,651"
070000002012,700,07000000,Marthas Vineyard,2012,725,"7,459,791","6,982,300",17.49,"2,691,760",0,"9,674,060"
070000002013,700,07000000,Marthas Vineyard,2013,716,"7,821,993","7,071,878",17.50,"2,720,400",0,"9,792,278"
070000002014,700,07000000,Marthas Vineyard,2014,729,"8,027,352","7,261,038",17.51,"2,738,625",0,"9,999,663"
070000002015,700,07000000,Marthas Vineyard,2015,734,"8,168,795","7,068,505",17.50,"2,756,975",0,"9,825,480"
070000002016,700,07000000,Marthas Vineyard,2016,730,"8,315,537","6,895,864",17.50,"2,775,225",0,"9,671,089"
070000002017,700,07000000,Marthas Vineyard,2017,705,"8,366,347","6,863,098",17.50,"2,814,000",0,"9,677,098"
070000002018,700,07000000,Marthas Vineyard,2018,704,"8,775,465","7,160,292",17.50,"2,835,120",0,"9,995,412"
070000002019,700,07000000,Marthas Vineyard,2019,675,"8,807,319","7,199,058",17.50,"2,855,370",0,"10,054,428"
070000002020,700,07000000,Marthas Vineyard,2020,677,"9,542,318","7,809,437",17.50,"2,875,680",0,"10,685,117"
070000002021,700,07000000,Marthas Vineyard,2021,711,"10,520,256","8,507,902",17.50,"2,875,680",0,"11,383,582"
070000002022,700,07000000,Marthas Vineyard,2022,737,"11,375,990","9,214,998",17.50,"2,897,790",0,"12,112,788"
070500002007,705,07050000,Masconomet,2007,"2,190","17,202,789","12,854,203",18.78,"4,773,155",0,"17,627,358"
070500002008,705,07050000,Masconomet,2008,"2,188","18,048,378","13,991,386",18.95,"4,933,394",0,"18,924,780"
070500002009,705,07050000,Masconomet,2009,"2,137","18,669,125","14,530,501",19.15,"5,052,267",0,"19,582,768"
070500002010,705,07050000,Masconomet,2010,"2,187","19,727,906","16,061,599",18.56,"4,951,222",0,"21,012,821"
070500002011,705,07050000,Masconomet,2011,"2,127","18,612,164","16,036,618",17.66,"4,661,972",0,"20,698,590"
070500002012,705,07050000,Masconomet,2012,"2,123","18,928,100","16,514,464",17.92,"4,686,999",0,"21,201,463"
070500002013,705,07050000,Masconomet,2013,"2,095","19,357,735","16,963,367",18.09,"4,770,799",0,"21,734,166"
070500002014,705,07050000,Masconomet,2014,"2,092","19,715,478","17,420,377",17.64,"4,823,099",0,"22,243,476"
070500002015,705,07050000,Masconomet,2015,"2,092","19,907,859","17,251,458",17.50,"4,875,399",0,"22,126,857"
070500002016,705,07050000,Masconomet,2016,"2,013","19,398,726","16,836,310",17.49,"4,925,724",0,"21,762,034"
070500002017,705,07050000,Masconomet,2017,"1,977","19,430,987","16,230,896",17.50,"5,034,459",0,"21,265,355"
070500002018,705,07050000,Masconomet,2018,"1,882","18,987,857","15,814,213",17.50,"5,090,919",0,"20,905,132"
070500002019,705,07050000,Masconomet,2019,"1,846","19,183,372","15,826,282",17.50,"5,146,299",0,"20,972,581"
070500002020,705,07050000,Masconomet,2020,"1,835","19,848,020","16,294,823",17.50,"5,201,349",0,"21,496,172"
070500002021,705,07050000,Masconomet,2021,"1,776","19,718,785","16,147,421",17.50,"5,201,349",0,"21,348,770"
070500002022,705,07050000,Masconomet,2022,"1,733","19,942,250","16,452,356",17.50,"5,253,339",0,"21,705,695"
071000002007,710,07100000,Mendon-Upton,2007,"2,556","19,301,063","8,448,890",37.08,"10,852,173","1,143,548","19,301,063"
071000002008,710,07100000,Mendon-Upton,2008,"2,626","20,644,958","8,956,960",39.03,"11,687,998","835,825","20,644,958"
071000002009,710,07100000,Mendon-Upton,2009,"2,658","21,996,366","9,449,432",39.64,"12,546,934","858,936","21,996,366"
071000002010,710,07100000,Mendon-Upton,2010,"2,649","22,672,457","10,147,020",41.09,"12,295,995",0,"22,443,015"
071000002011,710,07100000,Mendon-Upton,2011,"2,648","22,132,248","10,574,513",39.56,"11,793,702",0,"22,368,215"
071000002012,710,07100000,Mendon-Upton,2012,"2,581","22,155,000","11,066,163",39.89,"11,857,016",0,"22,923,179"
071000002013,710,07100000,Mendon-Upton,2013,"2,436","22,015,006","11,315,699",39.32,"11,954,456",0,"23,270,155"
071000002014,710,07100000,Mendon-Upton,2014,"2,415","22,375,411","11,860,177",37.46,"12,014,831",0,"23,875,008"
071000002015,710,07100000,Mendon-Upton,2015,"2,375","21,900,366","12,299,101",36.10,"12,074,206",0,"24,373,307"
071000002016,710,07100000,Mendon-Upton,2016,"2,295","21,475,634","12,907,063",34.81,"12,131,581",0,"25,038,644"
071000002017,710,07100000,Mendon-Upton,2017,"2,211","20,452,434","13,459,709",31.78,"12,253,186",0,"25,712,895"
071000002018,710,07100000,Mendon-Upton,2018,"2,143","20,207,384","13,867,755",28.05,"12,317,476",0,"26,185,231"
071000002019,710,07100000,Mendon-Upton,2019,"2,175","21,244,024","14,784,122",27.10,"12,382,726",0,"27,166,848"
071000002020,710,07100000,Mendon-Upton,2020,"2,201","22,449,447","15,888,903",24.98,"12,448,756",0,"28,337,659"
071000002021,710,07100000,Mendon-Upton,2021,"2,177","22,739,749","16,799,739",24.46,"12,448,756",0,"29,248,495"
071000002022,710,07100000,Mendon-Upton,2022,"2,103","22,629,367","17,240,401",23.82,"12,511,846",0,"29,752,247"
071200002013,712,07120000,Monomoy,2013,"1,898","17,569,657","16,140,983",17.50,"2,460,460",0,"18,601,443"
071200002014,712,07120000,Monomoy,2014,"1,836","17,319,106","16,031,006",17.50,"2,506,360",0,"18,537,366"
071200002015,712,07120000,Monomoy,2015,"1,863","17,618,966","15,518,373",17.50,"2,708,296",0,"18,226,669"
071200002016,712,07120000,Monomoy,2016,"1,874","18,464,076","15,720,020",17.50,"2,755,146","35,760","18,475,166"
071200002017,712,07120000,Monomoy,2017,"1,881","19,086,298","15,841,935",17.50,"3,244,363","489,217","19,086,298"
071200002018,712,07120000,Monomoy,2018,"1,867","19,283,172","15,996,456",17.50,"3,300,373","42,353","19,296,829"
071200002019,712,07120000,Monomoy,2019,"1,873","20,057,741","16,512,901",17.50,"3,544,840","244,467","20,057,741"
071200002020,712,07120000,Monomoy,2020,"1,846","20,829,712","17,031,398",17.50,"3,798,314","253,474","20,829,712"
071200002021,712,07120000,Monomoy,2021,"1,794","21,026,944","17,347,229",17.50,"3,798,314",0,"21,145,543"
071200002022,712,07120000,Monomoy,2022,"1,732","20,768,968","17,123,821",17.50,"3,850,274",0,"20,974,095"
071500002007,715,07150000,Mount Greylock,2007,584,"4,791,177","4,533,455",28.37,"1,699,377",0,"6,232,832"
071500002008,715,07150000,Mount Greylock,2008,557,"4,697,972","4,234,702",28.88,"1,727,227",0,"5,961,929"
071500002009,715,07150000,Mount Greylock,2009,553,"4,870,291","4,171,647",28.82,"1,776,889",0,"5,948,536"
071500002010,715,07150000,Mount Greylock,2010,550,"5,038,821","4,176,618",26.86,"1,741,351",0,"5,917,969"
071500002011,715,07150000,Mount Greylock,2011,556,"4,954,696","4,130,699",27.71,"1,639,621",0,"5,770,320"
071500002012,715,07150000,Mount Greylock,2012,533,"4,795,752","4,018,167",26.15,"1,648,423",0,"5,666,590"
071500002013,715,07150000,Mount Greylock,2013,509,"4,847,655","3,957,893",27.05,"1,668,783",0,"5,626,676"
071500002014,715,07150000,Mount Greylock,2014,485,"4,713,594","3,902,934",24.67,"1,680,908",0,"5,583,842"
071500002015,715,07150000,Mount Greylock,2015,516,"5,049,227","3,998,439",25.12,"1,693,808",0,"5,692,247"
071500002016,715,07150000,Mount Greylock,2016,487,"4,887,694","3,824,463",24.23,"1,705,983",0,"5,530,446"
071500002017,715,07150000,Mount Greylock,2017,494,"4,960,436","3,813,364",23.55,"1,733,153",0,"5,546,517"
071500002018,715,07150000,Mount Greylock,2018,500,"5,175,934","3,845,508",26.25,"1,748,153",0,"5,593,661"
071500002019,715,07150000,Mount Greylock,2019,"1,071","10,983,818","8,251,697",24.88,"3,521,567",0,"11,773,264"
071500002020,715,07150000,Mount Greylock,2020,"1,083","11,569,192","8,401,578",25.66,"3,554,057",0,"11,955,635"
071500002021,715,07150000,Mount Greylock,2021,"1,044","11,284,469","8,495,288",24.65,"3,554,057",0,"12,049,345"
071500002022,715,07150000,Mount Greylock,2022,"1,014","11,519,400","8,440,595",26.73,"3,584,477",0,"12,025,072"
071700002007,717,07170000,Mohawk Trail,2007,"1,254","10,269,301","5,648,614",51.91,"6,034,784",0,"11,683,398"
071700002008,717,07170000,Mohawk Trail,2008,"1,249","10,605,776","5,769,493",50.36,"6,204,233",0,"11,973,726"
071700002009,717,07170000,Mohawk Trail,2009,"1,158","10,359,333","5,721,445",48.18,"6,262,133",0,"11,983,578"
071700002010,717,07170000,Mohawk Trail,2010,"1,145","10,590,789","5,820,331",46.66,"6,136,890",0,"11,957,221"
071700002011,717,07170000,Mohawk Trail,2011,"1,118","10,304,180","5,807,577",47.18,"5,778,373",0,"11,585,950"
071700002012,717,07170000,Mohawk Trail,2012,"1,084","10,123,559","5,977,059",43.63,"5,809,394",0,"11,786,453"
071700002013,717,07170000,Mohawk Trail,2013,"1,020","9,875,049","6,107,017",39.97,"5,850,194",0,"11,957,211"
071700002014,717,07170000,Mohawk Trail,2014,962,"9,444,879","6,294,792",35.24,"5,874,244",0,"12,169,036"
071700002015,717,07170000,Mohawk Trail,2015,944,"9,300,413","6,365,060",33.46,"5,897,844",0,"12,262,904"
071700002016,717,07170000,Mohawk Trail,2016,938,"9,310,511","6,523,226",31.26,"5,921,294",0,"12,444,520"
071700002017,717,07170000,Mohawk Trail,2017,948,"9,915,353","6,433,157",35.71,"5,973,434",0,"12,406,591"
071700002018,717,07170000,Mohawk Trail,2018,934,"9,838,051","6,364,738",36.01,"6,001,454",0,"12,366,192"
071700002019,717,07170000,Mohawk Trail,2019,918,"10,008,930","6,399,727",35.56,"6,028,994",0,"12,428,721"
071700002020,717,07170000,Mohawk Trail,2020,930,"10,650,335","6,438,287",39.50,"6,056,894",0,"12,495,181"
071700002021,717,07170000,Mohawk Trail,2021,901,"10,427,669","6,461,323",37.60,"6,056,894",0,"12,518,217"
071700002022,717,07170000,Mohawk Trail,2022,816,"9,675,021","6,376,119",33.10,"6,081,374",0,"12,457,493"
072000002007,720,07200000,Narragansett,2007,"1,628","12,694,975","3,200,990",63.86,"9,493,985","743,861","12,694,975"
072000002008,720,07200000,Narragansett,2008,"1,652","13,440,494","3,363,034",61.37,"10,077,460","583,475","13,440,494"
072000002009,720,07200000,Narragansett,2009,"1,616","13,890,162","3,558,412",61.97,"10,356,119","254,290","13,914,531"
072000002010,720,07200000,Narragansett,2010,"1,573","14,047,952","4,510,425",59.79,"10,148,997",0,"14,659,422"
072000002011,720,07200000,Narragansett,2011,"1,508","13,273,696","4,548,674",59.11,"9,556,093",0,"14,104,767"
072000002012,720,07200000,Narragansett,2012,"1,461","13,213,993","4,564,055",59.21,"9,607,394",0,"14,171,449"
072000002013,720,07200000,Narragansett,2013,"1,420","13,537,728","4,721,311",58.49,"9,664,194",0,"14,385,505"
072000002014,720,07200000,Narragansett,2014,"1,374","13,335,812","4,863,858",58.60,"9,698,544",0,"14,562,402"
072000002015,720,07200000,Narragansett,2015,"1,309","12,841,231","4,967,494",56.76,"9,731,269",0,"14,698,763"
072000002016,720,07200000,Narragansett,2016,"1,311","13,170,587","5,169,393",58.44,"9,764,044",0,"14,933,437"
072000002017,720,07200000,Narragansett,2017,"1,286","13,256,830","5,303,181",59.49,"9,834,774",0,"15,137,955"
072000002018,720,07200000,Narragansett,2018,"1,304","13,504,485","5,366,791",60.09,"9,873,894",0,"15,240,685"
072000002019,720,07200000,Narragansett,2019,"1,295","13,898,170","5,553,556",60.05,"9,912,744",0,"15,466,300"
072000002020,720,07200000,Narragansett,2020,"1,290","14,647,553","5,831,335",59.08,"9,951,444",0,"15,782,779"
072000002021,720,07200000,Narragansett,2021,"1,302","15,197,160","5,910,692",59.99,"9,951,444",0,"15,862,136"
072000002022,720,07200000,Narragansett,2022,"1,234","14,626,287","6,105,079",56.93,"9,988,464",0,"16,093,543"
072500002007,725,07250000,Nashoba,2007,"3,121","23,697,784","19,133,543",24.25,"5,871,972",0,"25,005,515"
072500002008,725,07250000,Nashoba,2008,"3,170","25,411,849","20,274,365",24.33,"6,289,004",0,"26,563,369"
072500002009,725,07250000,Nashoba,2009,"3,173","26,805,348","21,157,439",22.73,"6,605,746",0,"27,763,185"
072500002010,725,07250000,Nashoba,2010,"3,215","28,088,853","22,132,725",24.77,"6,473,631",0,"28,606,356"
072500002011,725,07250000,Nashoba,2011,"3,237","27,791,844","22,306,466",24.43,"6,095,442",0,"28,401,908"
072500002012,725,07250000,Nashoba,2012,"3,245","28,345,672","22,733,730",23.80,"6,128,165",0,"28,861,895"
072500002013,725,07250000,Nashoba,2013,"3,248","29,407,907","23,699,381",23.59,"6,330,455",0,"30,029,836"
072500002014,725,07250000,Nashoba,2014,"3,249","29,650,929","24,483,221",21.14,"6,411,680",0,"30,894,901"
072500002015,725,07250000,Nashoba,2015,"3,225","29,833,754","24,514,579",21.55,"6,492,305",0,"31,006,884"
072500002016,725,07250000,Nashoba,2016,"3,277","30,925,691","25,002,991",21.29,"6,574,230",0,"31,577,221"
072500002017,725,07250000,Nashoba,2017,"3,306","31,260,414","24,600,261",22.12,"6,756,060","85,923","31,356,321"
072500002018,725,07250000,Nashoba,2018,"3,203","31,083,246","24,524,720",21.64,"6,852,150",0,"31,376,870"
072500002019,725,07250000,Nashoba,2019,"3,164","31,883,434","24,892,165",21.23,"6,991,269","139,119","31,883,434"
072500002020,725,07250000,Nashoba,2020,"3,121","32,964,567","25,692,699",21.35,"7,273,744","280,599","32,966,443"
072500002021,725,07250000,Nashoba,2021,"3,083","33,255,128","26,177,398",21.26,"7,273,744",0,"33,451,142"
072500002022,725,07250000,Nashoba,2022,"3,138","34,773,057","26,910,918",20.50,"7,867,074","588,395","34,777,992"
072800002007,728,07280000,New Salem-Wendell,2007,139,"1,068,078","538,560",56.67,"635,233",0,"1,173,793"
072800002008,728,07280000,New Salem-Wendell,2008,134,"1,119,947","538,342",54.34,"663,419",0,"1,201,761"
072800002009,728,07280000,New Salem-Wendell,2009,127,"1,108,280","538,661",51.57,"669,769",0,"1,208,430"
072800002010,728,07280000,New Salem-Wendell,2010,125,"1,124,016","570,244",50.60,"656,374",0,"1,226,618"
072800002011,728,07280000,New Salem-Wendell,2011,117,"1,039,961","627,734",40.60,"618,029",0,"1,245,763"
072800002012,728,07280000,New Salem-Wendell,2012,120,"1,102,692","649,363",41.30,"621,347",0,"1,270,710"
072800002013,728,07280000,New Salem-Wendell,2013,119,"1,136,073","642,537",44.59,"626,107",0,"1,268,644"
072800002014,728,07280000,New Salem-Wendell,2014,116,"1,171,083","681,574",42.72,"629,007",0,"1,310,581"
072800002015,728,07280000,New Salem-Wendell,2015,119,"1,217,420","707,520",43.92,"631,982",0,"1,339,502"
072800002016,728,07280000,New Salem-Wendell,2016,121,"1,255,062","711,713",44.97,"635,007",0,"1,346,720"
072800002017,728,07280000,New Salem-Wendell,2017,135,"1,416,772","739,591",48.20,"677,181","42,174","1,416,772"
072800002018,728,07280000,New Salem-Wendell,2018,137,"1,424,931","745,274",48.20,"694,961","2,476","1,440,235"
072800002019,728,07280000,New Salem-Wendell,2019,119,"1,262,168","672,920",45.94,"684,861",0,"1,357,781"
072800002020,728,07280000,New Salem-Wendell,2020,108,"1,230,159","644,109",47.59,"688,101",0,"1,332,210"
072800002021,728,07280000,New Salem-Wendell,2021,109,"1,245,264","622,259",50.03,"688,101",0,"1,310,360"
072800002022,728,07280000,New Salem-Wendell,2022,106,"1,358,882","631,626",53.52,"727,256","39,155","1,358,882"
073000002007,730,07300000,Northboro-Southboro,2007,"1,352","11,057,753","8,704,773",23.18,"2,352,980","652,252","11,057,753"
073000002008,730,07300000,Northboro-Southboro,2008,"1,405","12,033,372","9,631,771",24.44,"2,591,421","48,621","12,223,192"
073000002009,730,07300000,Northboro-Southboro,2009,"1,440","12,946,742","10,026,161",23.94,"2,920,581","329,160","12,946,742"
073000002010,730,07300000,Northboro-Southboro,2010,"1,438","13,338,720","10,464,106",24.34,"2,862,169",0,"13,326,275"
073000002011,730,07300000,Northboro-Southboro,2011,"1,435","13,069,614","10,623,654",22.82,"2,706,679",0,"13,330,333"
073000002012,730,07300000,Northboro-Southboro,2012,"1,461","13,569,441","11,147,301",21.15,"2,721,210",0,"13,868,511"
073000002013,730,07300000,Northboro-Southboro,2013,"1,469","14,179,585","11,573,173",22.51,"2,838,864",0,"14,412,037"
073000002014,730,07300000,Northboro-Southboro,2014,"1,522","14,882,231","12,443,854",19.77,"2,876,914",0,"15,320,768"
073000002015,730,07300000,Northboro-Southboro,2015,"1,508","14,903,362","12,767,292",17.50,"2,914,614",0,"15,681,906"
073000002016,730,07300000,Northboro-Southboro,2016,"1,492","15,041,278","12,932,868",18.43,"2,951,914",0,"15,884,782"
073000002017,730,07300000,Northboro-Southboro,2017,"1,494","15,182,003","12,730,046",17.50,"3,034,084",0,"15,764,130"
073000002018,730,07300000,Northboro-Southboro,2018,"1,473","15,250,792","12,690,623",17.50,"3,078,274",0,"15,768,897"
073000002019,730,07300000,Northboro-Southboro,2019,"1,508","16,210,849","13,373,950",17.50,"3,123,514",0,"16,497,464"
073000002020,730,07300000,Northboro-Southboro,2020,"1,485","16,651,311","13,737,332",17.50,"3,168,064",0,"16,905,396"
073000002021,730,07300000,Northboro-Southboro,2021,"1,414","16,134,802","13,311,213",17.50,"3,168,064",0,"16,479,277"
073000002022,730,07300000,Northboro-Southboro,2022,"1,384","16,306,106","13,325,314",17.50,"3,209,584",0,"16,534,898"
073500002007,735,07350000,North Middlesex,2007,"4,475","33,499,786","15,279,377",53.94,"19,658,038",0,"34,937,415"
073500002008,735,07350000,North Middlesex,2008,"4,378","34,412,577","15,653,174",53.77,"20,148,846",0,"35,802,020"
073500002009,735,07350000,North Middlesex,2009,"4,362","36,029,257","16,080,023",54.21,"21,025,248",0,"37,105,271"
073500002010,735,07350000,North Middlesex,2010,"4,257","36,456,714","16,064,311",54.39,"20,604,743",0,"36,669,054"
073500002011,735,07350000,North Middlesex,2011,"4,138","34,774,968","16,111,990",53.67,"19,401,015",0,"35,513,005"
073500002012,735,07350000,North Middlesex,2012,"3,967","34,052,825","16,450,543",51.55,"19,505,168",0,"35,955,711"
073500002013,735,07350000,North Middlesex,2013,"3,850","34,577,589","16,881,292",50.49,"19,659,168",0,"36,540,460"
073500002014,735,07350000,North Middlesex,2014,"3,700","33,991,777","17,328,829",48.70,"19,751,668",0,"37,080,497"
073500002015,735,07350000,North Middlesex,2015,"3,551","32,881,223","17,183,613",47.93,"19,840,443",0,"37,024,056"
073500002016,735,07350000,North Middlesex,2016,"3,422","32,371,795","17,231,131",47.58,"19,925,993",0,"37,157,124"
073500002017,735,07350000,North Middlesex,2017,"3,300","31,685,058","17,154,907",46.21,"20,107,493",0,"37,262,400"
073500002018,735,07350000,North Middlesex,2018,"3,208","31,435,628","17,200,693",45.38,"20,203,733",0,"37,404,426"
073500002019,735,07350000,North Middlesex,2019,"3,162","32,197,041","17,771,448",44.68,"20,298,593",0,"38,070,041"
073500002020,735,07350000,North Middlesex,2020,"3,153","33,435,820","18,529,976",43.61,"20,393,183",0,"38,923,159"
073500002021,735,07350000,North Middlesex,2021,"3,158","34,146,334","19,126,198",43.51,"20,393,183",0,"39,519,381"
073500002022,735,07350000,North Middlesex,2022,"2,991","33,474,931","19,920,829",39.89,"20,482,913",0,"40,403,742"
074000002007,740,07400000,Old Rochester,2007,"1,202","9,257,160","7,909,870",25.77,"1,701,522",0,"9,611,392"
074000002008,740,07400000,Old Rochester,2008,"1,228","9,923,961","8,215,414",25.64,"1,954,417","7,025","10,169,831"
074000002009,740,07400000,Old Rochester,2009,"1,189","10,120,297","8,156,604",24.05,"2,112,657","9,276","10,269,261"
074000002010,740,07400000,Old Rochester,2010,"1,133","10,028,264","8,036,971",25.50,"2,070,404",0,"10,107,375"
074000002011,740,07400000,Old Rochester,2011,"1,126","9,726,309","7,998,372",25.25,"1,949,451",0,"9,947,823"
074000002012,740,07400000,Old Rochester,2012,"1,141","10,036,210","8,109,683",25.63,"1,959,917",0,"10,069,600"
074000002013,740,07400000,Old Rochester,2013,"1,105","10,099,046","8,089,994",24.48,"2,124,851","49,135","10,214,845"
074000002014,740,07400000,Old Rochester,2014,"1,114","10,378,205","8,357,878",24.84,"2,238,124",0,"10,596,002"
074000002015,740,07400000,Old Rochester,2015,"1,132","10,659,228","8,277,118",24.87,"2,382,613","143,986","10,659,731"
074000002016,740,07400000,Old Rochester,2016,"1,180","11,419,777","8,704,098",24.42,"2,715,679","333,066","11,419,777"
074000002017,740,07400000,Old Rochester,2017,"1,171","11,377,043","8,557,549",25.36,"2,819,494","103,815","11,377,043"
074000002018,740,07400000,Old Rochester,2018,"1,180","11,640,017","8,739,091",24.87,"2,900,926","81,432","11,640,017"
074000002019,740,07400000,Old Rochester,2019,"1,153","11,899,255","8,889,101",24.20,"3,010,154","109,228","11,899,255"
074000002020,740,07400000,Old Rochester,2020,"1,108","11,988,192","8,962,996",24.39,"3,043,394","15,042","12,006,390"
074000002021,740,07400000,Old Rochester,2021,"1,088","12,077,636","9,154,169",23.54,"3,043,394",0,"12,197,563"
074000002022,740,07400000,Old Rochester,2022,"1,050","12,039,903","9,317,336",22.22,"3,074,894",0,"12,392,230"
074500002007,745,07450000,Pentucket,2007,"3,331","24,589,511","11,578,381",40.21,"13,099,037","648,740","24,677,418"
074500002008,745,07450000,Pentucket,2008,"3,195","24,625,431","12,223,789",38.86,"13,258,787",0,"25,482,576"
074500002009,745,07450000,Pentucket,2009,"3,119","25,233,854","12,938,684",39.14,"13,496,924",0,"26,435,608"
074500002010,745,07450000,Pentucket,2010,"3,092","26,043,318","14,358,256",39.80,"13,226,986",0,"27,585,242"
074500002011,745,07450000,Pentucket,2011,"3,055","25,398,255","14,404,858",40.64,"12,454,267",0,"26,859,125"
074500002012,745,07450000,Pentucket,2012,"2,947","24,895,122","14,749,468",38.30,"12,521,127",0,"27,270,595"
074500002013,745,07450000,Pentucket,2013,"2,850","25,088,106","15,200,680",37.41,"12,635,127",0,"27,835,807"
074500002014,745,07450000,Pentucket,2014,"2,742","24,540,719","15,640,639",35.48,"12,703,677",0,"28,344,316"
074500002015,745,07450000,Pentucket,2015,"2,674","24,290,785","16,086,295",34.08,"12,770,527",0,"28,856,822"
074500002016,745,07450000,Pentucket,2016,"2,573","23,602,673","16,203,424",33.04,"12,834,852",0,"29,038,276"
074500002017,745,07450000,Pentucket,2017,"2,426","22,548,383","15,627,476",31.39,"12,968,282",0,"28,595,758"
074500002018,745,07450000,Pentucket,2018,"2,394","22,740,653","15,945,385",30.19,"13,040,102",0,"28,985,487"
074500002019,745,07450000,Pentucket,2019,"2,373","23,352,744","16,491,919",29.38,"13,111,292",0,"29,603,211"
074500002020,745,07450000,Pentucket,2020,"2,360","24,330,802","17,437,199",27.18,"13,182,092",0,"30,619,291"
074500002021,745,07450000,Pentucket,2021,"2,337","24,591,001","18,039,518",26.15,"13,182,092",0,"31,221,610"
074500002022,745,07450000,Pentucket,2022,"2,269","24,481,014","18,526,892",23.22,"13,250,162",0,"31,777,054"
075000002007,750,07500000,Pioneer Valley,2007,960,"7,629,462","4,135,816",50.65,"4,031,666",0,"8,167,482"
075000002008,750,07500000,Pioneer Valley,2008,943,"7,722,039","4,259,679",48.56,"4,078,816",0,"8,338,495"
075000002009,750,07500000,Pioneer Valley,2009,937,"8,137,059","4,327,512",48.82,"4,281,429",0,"8,608,941"
075000002010,750,07500000,Pioneer Valley,2010,914,"8,250,102","4,422,230",46.32,"4,195,800",0,"8,618,030"
075000002011,750,07500000,Pioneer Valley,2011,927,"8,263,519","4,563,544",46.32,"3,950,682",0,"8,514,226"
075000002012,750,07500000,Pioneer Valley,2012,894,"8,098,758","4,668,314",43.68,"3,971,891",0,"8,640,205"
075000002013,750,07500000,Pioneer Valley,2013,898,"8,564,268","4,778,263",44.93,"4,007,811",0,"8,786,074"
075000002014,750,07500000,Pioneer Valley,2014,837,"7,994,487","4,761,551",39.33,"4,028,736",0,"8,790,287"
075000002015,750,07500000,Pioneer Valley,2015,802,"7,816,227","4,803,095",38.99,"4,048,786",0,"8,851,881"
075000002016,750,07500000,Pioneer Valley,2016,751,"7,481,050","4,776,255",36.98,"4,067,561",0,"8,843,816"
075000002017,750,07500000,Pioneer Valley,2017,720,"7,219,392","4,777,146",34.24,"4,107,161",0,"8,884,307"
075000002018,750,07500000,Pioneer Valley,2018,724,"7,406,666","4,744,769",36.59,"4,128,881",0,"8,873,650"
075000002019,750,07500000,Pioneer Valley,2019,702,"7,354,253","4,872,782",33.71,"4,149,941",0,"9,022,723"
075000002020,750,07500000,Pioneer Valley,2020,688,"7,528,912","4,812,665",36.08,"4,170,581",0,"8,983,246"
075000002021,750,07500000,Pioneer Valley,2021,664,"7,480,878","4,952,541",33.63,"4,170,581",0,"9,123,122"
075000002022,750,07500000,Pioneer Valley,2022,618,"7,287,027","4,945,385",31.88,"4,189,121",0,"9,134,506"
075300002007,753,07530000,Quabbin,2007,"2,979","22,828,423","6,355,417",63.22,"16,510,059","815,894","22,865,476"
075300002008,753,07530000,Quabbin,2008,"2,917","23,457,369","6,739,031",61.69,"16,898,056","208,279","23,637,087"
075300002009,753,07530000,Quabbin,2009,"2,858","24,154,885","7,104,683",61.31,"17,325,703","152,146","24,430,386"
075300002010,753,07530000,Quabbin,2010,"2,767","24,370,491","9,043,482",56.82,"16,979,189",0,"26,022,671"
075300002011,753,07530000,Quabbin,2011,"2,694","23,447,229","9,241,791",58.45,"15,987,266",0,"25,229,057"
075300002012,753,07530000,Quabbin,2012,"2,573","22,899,542","9,371,400",56.90,"16,073,093",0,"25,444,493"
075300002013,753,07530000,Quabbin,2013,"2,438","22,525,878","9,626,834",54.97,"16,170,613",0,"25,797,447"
075300002014,753,07530000,Quabbin,2014,"2,372","22,333,577","9,850,748",55.12,"16,229,913",0,"26,080,661"
075300002015,753,07530000,Quabbin,2015,"2,266","21,722,178","9,941,651",53.48,"16,286,563",0,"26,228,214"
075300002016,753,07530000,Quabbin,2016,"2,219","22,051,647","10,090,036",54.46,"16,342,038",0,"26,432,074"
075300002017,753,07530000,Quabbin,2017,"2,200","22,002,910","10,064,723",54.01,"16,463,038",0,"26,527,761"
075300002018,753,07530000,Quabbin,2018,"2,074","21,204,475","9,931,036",53.42,"16,525,258",0,"26,456,294"
075300002019,753,07530000,Quabbin,2019,"2,072","21,914,160","10,117,115",53.36,"16,587,418",0,"26,704,533"
075300002020,753,07530000,Quabbin,2020,"1,956","21,665,640","10,317,745",51.36,"16,646,098",0,"26,963,843"
075300002021,753,07530000,Quabbin,2021,"1,941","21,987,482","10,612,170",51.38,"16,646,098",0,"27,258,268"
075300002022,753,07530000,Quabbin,2022,"1,914","22,572,923","10,987,702",50.00,"16,703,518",0,"27,691,220"
075500002007,755,07550000,Ralph C Mahar,2007,822,"6,917,262","2,152,974",69.28,"4,764,288","399,115","6,917,262"
075500002008,755,07550000,Ralph C Mahar,2008,864,"7,718,288","2,334,381",68.81,"5,383,907","619,619","7,718,288"
075500002009,755,07550000,Ralph C Mahar,2009,860,"8,079,301","2,414,941",68.09,"5,664,360","280,453","8,079,301"
075500002010,755,07550000,Ralph C Mahar,2010,838,"8,102,224","2,701,871",66.83,"5,551,073",0,"8,252,944"
075500002011,755,07550000,Ralph C Mahar,2011,796,"7,695,445","2,655,320",66.46,"5,226,780",0,"7,882,100"
075500002012,755,07550000,Ralph C Mahar,2012,792,"7,780,312","2,783,833",64.46,"5,254,840",0,"8,038,673"
075500002013,755,07550000,Ralph C Mahar,2013,780,"8,048,219","2,944,041",64.01,"5,286,040",0,"8,230,081"
075500002014,755,07550000,Ralph C Mahar,2014,726,"7,625,909","2,829,128",64.01,"5,304,190",0,"8,133,318"
075500002015,755,07550000,Ralph C Mahar,2015,721,"7,705,540","2,887,638",63.38,"5,322,215",0,"8,209,853"
075500002016,755,07550000,Ralph C Mahar,2016,699,"7,640,717","2,842,068",63.72,"5,339,690",0,"8,181,758"
075500002017,755,07550000,Ralph C Mahar,2017,658,"7,427,448","2,738,987",63.54,"5,375,880",0,"8,114,867"
075500002018,755,07550000,Ralph C Mahar,2018,637,"7,313,028","2,601,573",64.79,"5,394,990",0,"7,996,563"
075500002019,755,07550000,Ralph C Mahar,2019,628,"7,595,606","2,666,288",64.78,"5,413,830",0,"8,080,118"
075500002020,755,07550000,Ralph C Mahar,2020,606,"7,772,179","2,691,122",64.73,"5,432,010",0,"8,123,132"
075500002021,755,07550000,Ralph C Mahar,2021,619,"7,840,085","2,752,972",64.17,"5,432,010",0,"8,184,982"
075500002022,755,07550000,Ralph C Mahar,2022,611,"8,156,582","2,902,578",63.38,"5,450,340",0,"8,352,918"
076000002007,760,07600000,Silver Lake,2007,"1,740","14,290,967","8,518,476",37.87,"6,060,844","78,956","14,579,320"
076000002008,760,07600000,Silver Lake,2008,"1,749","15,151,746","9,152,272",36.80,"6,377,611",0,"15,529,883"
076000002009,760,07600000,Silver Lake,2009,"1,828","16,633,749","9,695,605",38.96,"6,954,999","560,533","16,650,604"
076000002010,760,07600000,Silver Lake,2010,"1,820","17,042,793","10,087,324",41.63,"6,815,899",0,"16,903,223"
076000002011,760,07600000,Silver Lake,2011,"1,835","17,072,737","10,313,024",42.03,"6,630,012","82,463","16,943,036"
076000002012,760,07600000,Silver Lake,2012,"1,851","17,435,883","10,508,810",41.69,"6,927,073","261,468","17,435,883"
076000002013,760,07600000,Silver Lake,2013,"1,844","18,150,262","11,017,327",40.83,"7,202,389","205,862","18,219,716"
076000002014,760,07600000,Silver Lake,2014,"1,884","19,039,526","11,580,385",41.53,"7,571,135","256,752","19,151,520"
076000002015,760,07600000,Silver Lake,2015,"1,826","18,899,966","11,622,559",40.76,"7,617,507",0,"19,240,066"
076000002016,760,07600000,Silver Lake,2016,"1,858","19,669,150","12,263,148",38.93,"7,663,957",0,"19,927,105"
076000002017,760,07600000,Silver Lake,2017,"1,867","20,069,649","12,089,575",40.42,"7,980,074","316,117","20,069,649"
076000002018,760,07600000,Silver Lake,2018,"1,833","20,138,841","12,153,382",40.00,"8,035,064","5,385","20,188,446"
076000002019,760,07600000,Silver Lake,2019,"1,821","20,786,646","12,641,731",39.05,"8,163,253","109,851","20,804,984"
076000002020,760,07600000,Silver Lake,2020,"1,727","20,683,221","12,966,860",34.80,"8,215,063",0,"21,181,923"
076000002021,760,07600000,Silver Lake,2021,"1,722","20,918,448","13,276,729",36.19,"8,215,063",0,"21,491,792"
076000002022,760,07600000,Silver Lake,2022,"1,701","21,627,662","13,837,284",35.48,"8,266,093",0,"22,103,377"
076300002012,763,07630000,Somerset Berkley,2012,963,"9,240,084","6,119,915",38.83,"3,120,169","83,663","9,240,084"
076300002013,763,07630000,Somerset Berkley,2013,"1,000","9,949,356","6,253,551",40.17,"3,771,018","575,636","10,024,569"
076300002014,763,07630000,Somerset Berkley,2014,985,"10,006,703","6,377,384",38.22,"3,795,643",0,"10,173,027"
076300002015,763,07630000,Somerset Berkley,2015,979,"10,050,573","6,394,899",37.68,"3,820,118",0,"10,215,017"
076300002016,763,07630000,Somerset Berkley,2016,922,"9,594,365","6,056,531",37.69,"3,843,168",0,"9,899,699"
076300002017,763,07630000,Somerset Berkley,2017,928,"10,019,595","5,882,456",41.69,"4,137,139","293,971","10,019,595"
076300002018,763,07630000,Somerset Berkley,2018,979,"10,632,805","5,777,303",46.22,"4,855,502","718,363","10,632,805"
076300002019,763,07630000,Somerset Berkley,2019,991,"11,100,397","5,893,170",46.50,"5,210,007","351,725","11,103,177"
076300002020,763,07630000,Somerset Berkley,2020,"1,012","11,820,563","6,097,432",46.11,"5,723,131","513,124","11,820,563"
076300002021,763,07630000,Somerset Berkley,2021,"1,027","12,334,812","6,312,225",45.90,"6,024,105","299,456","12,336,330"
076300002022,763,07630000,Somerset Berkley,2022,"1,024","12,639,534","6,636,166",45.88,"6,054,825",0,"12,690,991"
076500002007,765,07650000,Southern Berkshire,2007,906,"7,077,639","7,054,068",18.63,"1,779,274",0,"8,833,342"
076500002008,765,07650000,Southern Berkshire,2008,920,"7,434,729","7,019,446",23.34,"1,862,619",0,"8,882,065"
076500002009,765,07650000,Southern Berkshire,2009,913,"7,749,803","6,862,924",24.27,"1,939,087",0,"8,802,011"
076500002010,765,07650000,Southern Berkshire,2010,877,"7,701,585","6,957,008",20.09,"1,900,305",0,"8,857,313"
076500002011,765,07650000,Southern Berkshire,2011,877,"7,684,459","6,952,302",19.02,"1,789,290",0,"8,741,592"
076500002012,765,07650000,Southern Berkshire,2012,847,"7,591,122","6,997,774",17.62,"1,798,896",0,"8,796,670"
076500002013,765,07650000,Southern Berkshire,2013,800,"7,425,917","6,948,964",17.49,"1,830,896",0,"8,779,860"
076500002014,765,07650000,Southern Berkshire,2014,768,"7,307,651","7,007,679",17.49,"1,850,096",0,"8,857,775"
076500002015,765,07650000,Southern Berkshire,2015,772,"7,132,076","6,413,209",17.51,"1,869,396",0,"8,282,605"
076500002016,765,07650000,Southern Berkshire,2016,754,"7,553,559","6,368,170",17.50,"1,888,246",0,"8,256,416"
076500002017,765,07650000,Southern Berkshire,2017,715,"7,411,694","6,160,497",17.50,"1,927,571",0,"8,088,068"
076500002018,765,07650000,Southern Berkshire,2018,662,"7,039,961","5,901,594",17.50,"1,947,431",0,"7,849,025"
076500002019,765,07650000,Southern Berkshire,2019,644,"7,011,414","5,742,395",17.49,"1,966,751",0,"7,709,146"
076500002020,765,07650000,Southern Berkshire,2020,668,"7,823,769","6,244,537",17.51,"1,986,791",0,"8,231,328"
076500002021,765,07650000,Southern Berkshire,2021,671,"7,868,393","6,306,994",17.50,"1,986,791",0,"8,293,785"
076500002022,765,07650000,Southern Berkshire,2022,670,"7,970,637","6,494,543",17.50,"2,006,891",0,"8,501,434"
076600002007,766,07660000,Southwick-Tolland-Granville,2007,"1,765","13,803,858","5,990,969",52.32,"7,812,889","571,246","13,803,858"
076600002008,766,07660000,Southwick-Tolland-Granville,2008,"1,741","14,257,212","6,442,013",49.60,"8,037,753","2,310","14,479,766"
076600002009,766,07660000,Southwick-Tolland-Granville,2009,"1,746","14,939,371","6,703,364",50.27,"8,380,674","198,254","15,084,038"
076600002010,766,07660000,Southwick-Tolland-Granville,2010,"1,758","15,526,560","6,881,234",47.18,"8,213,061",0,"15,094,295"
076600002011,766,07660000,Southwick-Tolland-Granville,2011,"1,700","14,765,244","7,056,511",46.28,"8,140,267",0,"15,196,778"
076600002012,766,07660000,Southwick-Tolland-Granville,2012,"1,640","14,564,947","7,282,896",42.52,"8,183,967",0,"15,466,863"
076600002013,766,07660000,Southwick-Tolland-Granville,2013,"1,791","16,707,052","8,956,864",40.71,"9,503,073",0,"18,459,937"
076600002014,766,07660000,Southwick-Tolland-Granville,2014,"1,750","16,783,207","9,329,641",39.25,"9,546,823",0,"18,876,464"
076600002015,766,07660000,Southwick-Tolland-Granville,2015,"1,672","16,539,210","9,831,214",37.53,"9,588,623",0,"19,419,837"
076600002016,766,07660000,Southwick-Tolland-Granville,2016,"1,611","16,275,297","10,235,762",35.75,"9,628,898",0,"19,864,660"
076600002017,766,07660000,Southwick-Tolland-Granville,2017,"1,576","16,154,792","10,380,318",35.67,"9,715,578",0,"20,095,896"
076600002018,766,07660000,Southwick-Tolland-Granville,2018,"1,484","15,643,746","10,452,364",33.47,"9,760,098",0,"20,212,462"
076600002019,766,07660000,Southwick-Tolland-Granville,2019,"1,452","15,797,808","10,650,508",32.32,"9,803,658",0,"20,454,166"
076600002020,766,07660000,Southwick-Tolland-Granville,2020,"1,430","16,378,978","10,967,956",31.74,"9,846,558",0,"20,814,514"
076600002021,766,07660000,Southwick-Tolland-Granville,2021,"1,414","16,651,613","10,981,419",34.05,"9,846,558",0,"20,827,977"
076600002022,766,07660000,Southwick-Tolland-Granville,2022,"1,321","15,958,928","11,074,236",30.61,"9,886,188",0,"20,960,424"
076700002007,767,07670000,Spencer-E Brookfield,2007,"2,212","17,597,929","4,757,111",55.44,"13,106,216","262,448","17,863,327"
076700002008,767,07670000,Spencer-E Brookfield,2008,"2,201","18,350,163","5,038,864",55.30,"13,522,201","205,083","18,561,065"
076700002009,767,07670000,Spencer-E Brookfield,2009,"2,133","19,528,044","5,259,510",56.12,"14,268,534","746,333","19,528,044"
076700002010,767,07670000,Spencer-E Brookfield,2010,"2,082","19,758,449","5,909,466",56.56,"13,983,163",0,"19,892,629"
076700002011,767,07670000,Spencer-E Brookfield,2011,"1,960","18,373,742","6,026,675",54.97,"13,166,267",0,"19,192,942"
076700002012,767,07670000,Spencer-E Brookfield,2012,"1,980","18,885,409","6,269,918",55.05,"13,236,949",0,"19,506,867"
076700002013,767,07670000,Spencer-E Brookfield,2013,"1,961","19,620,951","6,527,063",55.23,"13,315,389",0,"19,842,452"
076700002014,767,07670000,Spencer-E Brookfield,2014,"1,940","19,752,991","6,679,987",56.51,"13,363,889",0,"20,043,876"
076700002015,767,07670000,Spencer-E Brookfield,2015,"1,931","19,886,690","6,981,057",57.07,"13,412,164",0,"20,393,221"
076700002016,767,07670000,Spencer-E Brookfield,2016,"1,819","19,202,300","7,237,563",56.36,"13,457,639",0,"20,695,202"
076700002017,767,07670000,Spencer-E Brookfield,2017,"1,749","18,292,027","7,540,396",54.49,"13,553,834",0,"21,094,230"
076700002018,767,07670000,Spencer-E Brookfield,2018,"1,592","17,851,020","7,818,739",54.36,"13,601,594",0,"21,420,333"
076700002019,767,07670000,Spencer-E Brookfield,2019,"1,568","17,809,207","8,048,938",52.86,"13,648,634",0,"21,697,572"
076700002020,767,07670000,Spencer-E Brookfield,2020,"1,554","18,497,944","8,498,469",50.79,"13,695,254",0,"22,193,723"
076700002021,767,07670000,Spencer-E Brookfield,2021,"1,552","18,621,362","8,878,789",50.09,"13,695,254",0,"22,574,043"
076700002022,767,07670000,Spencer-E Brookfield,2022,"1,516","18,910,771","9,144,752",49.98,"13,740,734",0,"22,885,486"
077000002007,770,07700000,Tantasqua,2007,"1,778","15,046,973","8,686,343",48.65,"7,420,522",0,"16,106,865"
077000002008,770,07700000,Tantasqua,2008,"1,796","15,970,260","9,193,635",47.07,"7,855,113",0,"17,048,748"
077000002009,770,07700000,Tantasqua,2009,"1,752","16,430,281","9,386,267",45.86,"8,066,079",0,"17,452,346"
077000002010,770,07700000,Tantasqua,2010,"1,700","16,633,736","9,400,405",45.05,"7,904,757",0,"17,305,162"
077000002011,770,07700000,Tantasqua,2011,"1,629","15,980,906","9,314,281",44.68,"7,442,962",0,"16,757,243"
077000002012,770,07700000,Tantasqua,2012,"1,621","16,224,252","9,446,479",43.38,"7,482,919",0,"16,929,398"
077000002013,770,07700000,Tantasqua,2013,"1,606","16,427,458","9,458,186",43.32,"7,547,159",0,"17,005,345"
077000002014,770,07700000,Tantasqua,2014,"1,616","17,338,059","10,016,205",44.81,"7,602,665",0,"17,618,870"
077000002015,770,07700000,Tantasqua,2015,"1,599","17,582,598","10,044,332",44.84,"7,701,145",0,"17,745,477"
077000002016,770,07700000,Tantasqua,2016,"1,610","18,183,142","10,066,601",46.58,"8,116,541","415,396","18,183,142"
077000002017,770,07700000,Tantasqua,2017,"1,624","18,521,079","9,975,508",46.76,"8,545,571","429,030","18,521,079"
077000002018,770,07700000,Tantasqua,2018,"1,631","18,792,623","10,112,568",46.56,"8,680,055","134,484","18,792,623"
077000002019,770,07700000,Tantasqua,2019,"1,584","18,681,754","10,189,936",45.38,"8,727,575",0,"18,917,511"
077000002020,770,07700000,Tantasqua,2020,"1,590","19,884,200","10,661,347",46.34,"9,222,853","495,278","19,884,200"
077000002021,770,07700000,Tantasqua,2021,"1,572","20,061,782","10,777,102",45.53,"9,284,680","61,827","20,061,782"
077000002022,770,07700000,Tantasqua,2022,"1,549","20,438,009","11,223,460",43.99,"9,331,150",0,"20,554,610"
077300002007,773,07730000,Triton,2007,"3,340","25,952,449","18,085,444",30.53,"8,297,753","74,097","26,383,197"
077300002008,773,07730000,Triton,2008,"3,257","26,566,548","19,085,868",26.99,"8,463,498",0,"27,549,366"
077300002009,773,07730000,Triton,2009,"3,203","27,588,090","19,936,190",27.44,"8,743,809",0,"28,679,999"
077300002010,773,07730000,Triton,2010,"3,148","27,881,100","20,765,902",25.44,"8,568,933",0,"29,334,835"
077300002011,773,07730000,Triton,2011,"3,116","27,238,757","21,107,766",25.40,"8,068,337",0,"29,176,103"
077300002012,773,07730000,Triton,2012,"2,988","26,824,765","21,271,799",24.18,"8,111,651",0,"29,383,450"
077300002013,773,07730000,Triton,2013,"2,873","26,774,026","21,942,837",21.13,"8,226,571",0,"30,169,408"
077300002014,773,07730000,Triton,2014,"2,761","26,448,890","22,380,186",19.42,"8,295,596",0,"30,675,782"
077300002015,773,07730000,Triton,2015,"2,678","25,789,437","21,866,153",19.24,"8,362,546",0,"30,228,699"
077300002016,773,07730000,Triton,2016,"2,627","25,722,812","21,834,988",18.44,"8,428,221",0,"30,263,209"
077300002017,773,07730000,Triton,2017,"2,484","24,821,868","20,787,254",17.51,"8,564,841",0,"29,352,095"
077300002018,773,07730000,Triton,2018,"2,390","24,376,762","20,355,041",17.50,"8,636,541",0,"28,991,582"
077300002019,773,07730000,Triton,2019,"2,395","25,305,210","20,876,797",17.50,"8,708,421",0,"29,585,218"
077300002020,773,07730000,Triton,2020,"2,307","25,527,955","21,060,563",17.49,"8,777,631",0,"29,838,194"
077300002021,773,07730000,Triton,2021,"2,290","26,062,845","21,501,846",17.50,"8,777,631",0,"30,279,477"
077300002022,773,07730000,Triton,2022,"2,127","24,917,420","20,556,872",17.50,"8,841,441",0,"29,398,313"
077400002007,774,07740000,Up-Island,2007,375,"2,663,328","3,211,483",17.50,"806,324",0,"4,017,807"
077400002008,774,07740000,Up-Island,2008,363,"2,717,737","2,976,843",17.49,"824,474",0,"3,801,317"
077400002009,774,07740000,Up-Island,2009,361,"2,781,909","2,936,509",17.50,"842,524",0,"3,779,033"
077400002010,774,07740000,Up-Island,2010,366,"2,963,440","3,058,634",17.50,"825,674",0,"3,884,308"
077400002011,774,07740000,Up-Island,2011,364,"2,883,583","2,954,241",17.50,"777,438",0,"3,731,679"
077400002012,774,07740000,Up-Island,2012,363,"2,947,159","2,938,229",17.50,"781,612",0,"3,719,841"
077400002013,774,07740000,Up-Island,2013,349,"2,938,330","2,789,900",17.50,"795,572",0,"3,585,472"
077400002014,774,07740000,Up-Island,2014,340,"2,924,404","2,799,531",17.50,"804,072",0,"3,603,603"
077400002015,774,07740000,Up-Island,2015,349,"3,060,576","2,703,741",17.50,"812,797",0,"3,516,538"
077400002016,774,07740000,Up-Island,2016,365,"3,393,222","2,857,444",17.50,"821,922",0,"3,679,366"
077400002017,774,07740000,Up-Island,2017,376,"3,590,852","2,932,767",17.51,"842,602",0,"3,775,369"
077400002018,774,07740000,Up-Island,2018,392,"3,842,627","3,031,561",17.50,"854,362",0,"3,885,923"
077400002019,774,07740000,Up-Island,2019,403,"4,032,195","3,211,065",17.50,"866,452",0,"4,077,517"
077400002020,774,07740000,Up-Island,2020,428,"4,538,258","3,744,064",17.50,"879,292",0,"4,623,356"
077400002021,774,07740000,Up-Island,2021,401,"4,423,020","3,648,991",17.50,"879,292",0,"4,528,283"
077400002022,774,07740000,Up-Island,2022,393,"4,428,347","3,653,385",17.50,"891,082",0,"4,544,467"
077500002007,775,07750000,Wachusett,2007,"6,961","51,403,850","35,230,245",38.28,"16,173,605","1,593,489","51,403,850"
077500002008,775,07750000,Wachusett,2008,"7,077","54,801,725","35,455,524",39.37,"19,346,201","3,172,596","54,801,725"
077500002009,775,07750000,Wachusett,2009,"7,132","58,236,852","36,308,065",39.73,"21,928,787","2,582,586","58,236,852"
077500002010,775,07750000,Wachusett,2010,"7,126","59,911,476","37,367,519",39.98,"21,490,211",0,"58,857,730"
077500002011,775,07750000,Wachusett,2011,"7,170","59,254,110","37,595,289",40.38,"21,243,244","16,622","58,838,533"
077500002012,775,07750000,Wachusett,2012,"7,187","60,601,665","38,212,334",39.99,"22,389,331","1,032,044","60,601,665"
077500002013,775,07750000,Wachusett,2013,"7,167","63,034,725","39,189,250",40.72,"24,301,041","1,456,144","63,490,291"
077500002014,775,07750000,Wachusett,2014,"7,136","63,737,669","39,961,275",40.83,"24,731,804",0,"64,693,079"
077500002015,775,07750000,Wachusett,2015,"7,064","63,713,837","39,643,665",39.97,"24,988,920",0,"64,632,585"
077500002016,775,07750000,Wachusett,2016,"7,052","65,656,785","40,218,460",40.35,"25,438,325","449,405","65,656,785"
077500002017,775,07750000,Wachusett,2017,"7,100","65,958,496","39,859,181",40.11,"26,385,616","660,990","66,244,797"
077500002018,775,07750000,Wachusett,2018,"7,066","67,325,907","40,480,754",40.11,"26,845,153","459,537","67,325,907"
077500002019,775,07750000,Wachusett,2019,"6,957","68,658,655","40,985,980",40.18,"27,699,197","827,522","68,685,177"
077500002020,775,07750000,Wachusett,2020,"6,921","71,271,710","42,635,066",39.10,"28,647,835","937,447","71,282,901"
077500002021,775,07750000,Wachusett,2021,"7,026","73,935,157","44,374,979",39.91,"29,560,178","912,343","73,935,157"
077500002022,775,07750000,Wachusett,2022,"6,728","73,176,177","45,202,423",38.13,"29,762,018",0,"74,964,441"
077800002007,778,07780000,Quaboag,2007,"1,507","11,791,190","3,881,276",64.12,"7,991,217","335,026","11,872,493"
077800002008,778,07780000,Quaboag,2008,"1,479","12,254,851","4,136,812",62.63,"8,281,608","126,822","12,418,420"
077800002009,778,07780000,Quaboag,2009,"1,427","12,617,536","4,373,441",61.70,"8,505,385",0,"12,878,826"
077800002010,778,07780000,Quaboag,2010,"1,391","12,703,714","4,409,832",60.98,"8,335,277",0,"12,745,109"
077800002011,778,07780000,Quaboag,2011,"1,377","12,453,350","4,490,234",60.76,"7,848,331",0,"12,338,565"
077800002012,778,07780000,Quaboag,2012,"1,393","13,025,123","4,631,357",60.99,"8,393,766","503,302","13,025,123"
077800002013,778,07780000,Quaboag,2013,"1,333","12,911,828","4,742,222",59.77,"8,447,086",0,"13,189,308"
077800002014,778,07780000,Quaboag,2014,"1,308","13,046,235","4,894,859",59.69,"8,479,786",0,"13,374,645"
077800002015,778,07780000,Quaboag,2015,"1,296","13,203,478","5,067,470",59.93,"8,512,186",0,"13,579,656"
077800002016,778,07780000,Quaboag,2016,"1,277","13,357,209","5,095,756",61.19,"8,544,111",0,"13,639,867"
077800002017,778,07780000,Quaboag,2017,"1,292","13,599,319","5,113,624",62.00,"8,615,171",0,"13,728,795"
077800002018,778,07780000,Quaboag,2018,"1,307","14,168,291","5,082,901",64.30,"9,085,390","470,219","14,168,291"
077800002019,778,07780000,Quaboag,2019,"1,228","13,641,133","5,096,479",62.64,"9,122,230",0,"14,218,709"
077800002020,778,07780000,Quaboag,2020,"1,211","14,192,752","5,363,869",61.83,"9,158,560",0,"14,522,429"
077800002021,778,07780000,Quaboag,2021,"1,175","14,111,901","5,557,868",60.61,"9,158,560",0,"14,716,428"
077800002022,778,07780000,Quaboag,2022,"1,118","14,365,916","5,833,977",58.50,"9,192,100",0,"15,026,077"
078000002007,780,07800000,Whitman-Hanson,2007,"4,254","32,259,424","9,879,380",51.78,"22,380,044","947,862","32,259,424"
078000002008,780,07800000,Whitman-Hanson,2008,"4,180","33,351,647","10,636,667",51.91,"22,947,017","334,936","33,583,684"
078000002009,780,07800000,Whitman-Hanson,2009,"4,223","35,222,900","11,243,141",52.33,"23,979,759","1,032,742","35,222,900"
078000002010,780,07800000,Whitman-Hanson,2010,"4,281","36,937,607","12,830,981",53.04,"23,500,164",0,"36,331,145"
078000002011,780,07800000,Whitman-Hanson,2011,"4,310","36,853,532","13,057,622",54.43,"23,339,328","653,549","36,396,950"
078000002012,780,07800000,Whitman-Hanson,2012,"4,193","36,625,906","13,430,108",52.75,"23,464,624",0,"36,894,732"
078000002013,780,07800000,Whitman-Hanson,2013,"4,159","37,691,613","14,011,112",51.98,"23,680,501","215,877","37,691,613"
078000002014,780,07800000,Whitman-Hanson,2014,"4,152","38,579,785","14,560,975",53.19,"24,018,810","338,309","38,579,785"
078000002015,780,07800000,Whitman-Hanson,2015,"4,067","38,173,063","15,278,470",52.16,"24,120,485",0,"39,398,955"
078000002016,780,07800000,Whitman-Hanson,2016,"3,964","38,322,360","16,147,370",51.86,"24,219,585",0,"40,366,955"
078000002017,780,07800000,Whitman-Hanson,2017,"3,939","38,333,512","16,774,824",52.13,"24,436,230",0,"41,211,054"
078000002018,780,07800000,Whitman-Hanson,2018,"3,860","38,233,604","17,627,386",50.82,"24,552,030",0,"42,179,416"
078000002019,780,07800000,Whitman-Hanson,2019,"3,781","38,780,823","18,467,197",49.65,"24,665,460",0,"43,132,657"
078000002020,780,07800000,Whitman-Hanson,2020,"3,708","39,870,088","19,523,939",48.15,"24,776,700",0,"44,300,639"
078000002021,780,07800000,Whitman-Hanson,2021,"3,659","40,183,483","20,355,354",47.15,"24,776,700",0,"45,132,054"
078000002022,780,07800000,Whitman-Hanson,2022,"3,528","40,067,181","21,155,625",44.85,"24,882,540",0,"46,038,165"
080100002007,801,08010000,Assabet Valley Regional Vocational Technical,2007,709,"9,303,432","7,595,626",28.13,"2,733,990",0,"10,329,616"
080100002008,801,08010000,Assabet Valley Regional Vocational Technical,2008,706,"9,764,859","7,625,516",31.31,"2,878,463",0,"10,503,979"
080100002009,801,08010000,Assabet Valley Regional Vocational Technical,2009,682,"9,921,868","7,323,853",32.55,"2,994,328",0,"10,318,181"
080100002010,801,08010000,Assabet Valley Regional Vocational Technical,2010,674,"10,283,013","7,403,603",33.70,"2,934,442",0,"10,338,045"
080100002011,801,08010000,Assabet Valley Regional Vocational Technical,2011,660,"9,970,968","7,231,682",34.13,"2,763,012",0,"9,994,694"
080100002012,801,08010000,Assabet Valley Regional Vocational Technical,2012,690,"10,706,516","7,640,401",34.25,"3,066,115","288,270","10,706,516"
080100002013,801,08010000,Assabet Valley Regional Vocational Technical,2013,709,"11,638,299","8,079,707",35.05,"3,688,750","492,477","11,768,457"
080100002014,801,08010000,Assabet Valley Regional Vocational Technical,2014,704,"11,645,533","8,015,009",34.60,"3,773,901",0,"11,788,910"
080100002015,801,08010000,Assabet Valley Regional Vocational Technical,2015,715,"11,767,240","7,930,239",34.75,"3,884,226","63,100","11,814,465"
080100002016,801,08010000,Assabet Valley Regional Vocational Technical,2016,743,"12,473,207","8,071,058",37.04,"4,402,149","517,923","12,473,207"
080100002017,801,08010000,Assabet Valley Regional Vocational Technical,2017,759,"12,802,558","8,119,414",37.03,"4,744,172","280,995","12,863,586"
080100002018,801,08010000,Assabet Valley Regional Vocational Technical,2018,799,"13,483,457","8,363,523",36.96,"5,119,934","375,762","13,483,457"
080100002019,801,08010000,Assabet Valley Regional Vocational Technical,2019,834,"14,604,237","8,891,580",37.75,"5,712,657","592,723","14,604,237"
080100002020,801,08010000,Assabet Valley Regional Vocational Technical,2020,840,"15,341,279","9,400,672",37.30,"5,955,175","227,950","15,355,847"
080100002021,801,08010000,Assabet Valley Regional Vocational Technical,2021,872,"16,217,722","10,027,775",37.32,"6,208,186","234,772","16,235,961"
080100002022,801,08010000,Assabet Valley Regional Vocational Technical,2022,891,"17,308,907","10,888,732",35.28,"6,421,072","211,989","17,309,804"
080500002007,805,08050000,Blackstone Valley Regional Vocational Technical,2007,924,"11,634,064","5,661,661",45.57,"5,972,403","1,091,153","11,634,064"
080500002008,805,08050000,Blackstone Valley Regional Vocational Technical,2008,996,"13,058,784","6,650,789",44.55,"6,607,116","435,592","13,257,905"
080500002009,805,08050000,Blackstone Valley Regional Vocational Technical,2009,"1,046","14,423,992","7,306,124",45.06,"7,222,279","510,752","14,528,403"
080500002010,805,08050000,Blackstone Valley Regional Vocational Technical,2010,"1,105","15,755,119","8,124,101",45.51,"7,077,833",0,"15,201,934"
080500002011,805,08050000,Blackstone Valley Regional Vocational Technical,2011,"1,158","16,047,787","8,574,515",44.89,"7,329,879","147,495","15,904,394"
080500002012,805,08050000,Blackstone Valley Regional Vocational Technical,2012,"1,162","16,495,490","8,881,138",44.39,"7,614,352","245,123","16,495,490"
080500002013,805,08050000,Blackstone Valley Regional Vocational Technical,2013,"1,165","17,182,760","9,269,607",43.71,"7,913,153","298,801","17,182,760"
080500002014,805,08050000,Blackstone Valley Regional Vocational Technical,2014,"1,175","17,574,009","9,547,590",43.86,"8,026,419","113,266","17,574,009"
080500002015,805,08050000,Blackstone Valley Regional Vocational Technical,2015,"1,186","17,695,720","9,764,199",43.11,"8,056,069",0,"17,820,268"
080500002016,805,08050000,Blackstone Valley Regional Vocational Technical,2016,"1,204","18,218,330","10,300,542",42.39,"8,086,169",0,"18,386,711"
080500002017,805,08050000,Blackstone Valley Regional Vocational Technical,2017,"1,221","18,149,119","10,436,837",41.91,"8,153,324",0,"18,590,161"
080500002018,805,08050000,Blackstone Valley Regional Vocational Technical,2018,"1,227","18,527,695","10,824,531",40.98,"8,190,134",0,"19,014,665"
080500002019,805,08050000,Blackstone Valley Regional Vocational Technical,2019,"1,240","19,306,562","11,314,851",40.54,"8,227,334",0,"19,542,185"
080500002020,805,08050000,Blackstone Valley Regional Vocational Technical,2020,"1,247","20,173,356","11,937,858",38.94,"8,264,744","8,164","20,202,602"
080500002021,805,08050000,Blackstone Valley Regional Vocational Technical,2021,"1,242","20,447,639","12,329,585",39.08,"8,264,744",0,"20,594,329"
080500002022,805,08050000,Blackstone Valley Regional Vocational Technical,2022,"1,243","20,972,472","13,049,503",37.24,"8,302,034",0,"21,351,537"
080600002007,806,08060000,Blue Hills Regional Vocational Technical,2007,821,"10,491,975","8,307,024",29.98,"3,600,320",0,"11,907,344"
080600002008,806,08060000,Blue Hills Regional Vocational Technical,2008,850,"11,368,895","8,741,919",31.40,"3,875,673",0,"12,617,592"
080600002009,806,08060000,Blue Hills Regional Vocational Technical,2009,850,"12,148,540","8,967,009",31.01,"4,117,441",0,"13,084,450"
080600002010,806,08060000,Blue Hills Regional Vocational Technical,2010,843,"12,332,270","8,910,498",31.19,"4,035,092",0,"12,945,590"
080600002011,806,08060000,Blue Hills Regional Vocational Technical,2011,842,"12,217,672","9,020,653",31.39,"3,799,362",0,"12,820,015"
080600002012,806,08060000,Blue Hills Regional Vocational Technical,2012,849,"12,473,226","9,088,881",32.49,"3,819,759",0,"12,908,640"
080600002013,806,08060000,Blue Hills Regional Vocational Technical,2013,835,"12,759,498","9,108,222",32.39,"3,898,020",0,"13,006,242"
080600002014,806,08060000,Blue Hills Regional Vocational Technical,2014,830,"13,021,004","9,407,988",32.27,"3,973,984",0,"13,381,972"
080600002015,806,08060000,Blue Hills Regional Vocational Technical,2015,859,"13,656,513","9,688,001",32.37,"4,130,304",0,"13,818,305"
080600002016,806,08060000,Blue Hills Regional Vocational Technical,2016,870,"14,060,446","9,823,319",32.59,"4,237,127","106,823","14,060,446"
080600002017,806,08060000,Blue Hills Regional Vocational Technical,2017,896,"14,501,647","9,816,982",33.07,"4,689,160","447,538","14,506,142"
080600002018,806,08060000,Blue Hills Regional Vocational Technical,2018,881,"14,512,296","9,777,318",32.74,"4,734,978","45,818","14,512,296"
080600002019,806,08060000,Blue Hills Regional Vocational Technical,2019,863,"14,654,739","9,802,331",32.80,"4,852,408","117,430","14,654,739"
080600002020,806,08060000,Blue Hills Regional Vocational Technical,2020,864,"15,320,678","10,064,969",32.60,"5,255,709","403,301","15,320,678"
080600002021,806,08060000,Blue Hills Regional Vocational Technical,2021,869,"15,853,873","10,498,516",32.39,"5,377,315","99,648","15,875,831"
080600002022,806,08060000,Blue Hills Regional Vocational Technical,2022,896,"16,985,564","11,273,090",31.65,"5,713,327","335,159","16,986,417"
081000002007,810,08100000,Bristol-Plymouth Regional Vocational Technical,2007,"1,105","13,514,890","5,510,850",52.89,"8,086,042","1,042,658","13,596,892"
081000002008,810,08100000,Bristol-Plymouth Regional Vocational Technical,2008,"1,142","14,637,445","6,248,486",51.63,"8,665,617","302,917","14,914,103"
081000002009,810,08100000,Bristol-Plymouth Regional Vocational Technical,2009,"1,180","15,904,781","6,720,290",52.14,"9,326,406","518,874","16,046,696"
081000002010,810,08100000,Bristol-Plymouth Regional Vocational Technical,2010,"1,217","17,087,282","7,152,445",53.01,"9,139,878",0,"16,292,323"
081000002011,810,08100000,Bristol-Plymouth Regional Vocational Technical,2011,"1,248","17,171,584","7,564,408",53.11,"9,422,839","69,732","16,987,247"
081000002012,810,08100000,Bristol-Plymouth Regional Vocational Technical,2012,"1,268","17,835,184","7,974,320",54.10,"9,860,864","387,439","17,835,184"
081000002013,810,08100000,Bristol-Plymouth Regional Vocational Technical,2013,"1,277","18,840,987","8,467,645",53.87,"10,373,342","512,478","18,840,987"
081000002014,810,08100000,Bristol-Plymouth Regional Vocational Technical,2014,"1,319","19,809,952","9,275,499",53.75,"10,562,802","161,111","19,838,301"
081000002015,810,08100000,Bristol-Plymouth Regional Vocational Technical,2015,"1,309","19,738,678","9,454,533",52.72,"10,595,527",0,"20,050,060"
081000002016,810,08100000,Bristol-Plymouth Regional Vocational Technical,2016,"1,346","20,776,046","10,001,847",52.99,"10,774,199","178,672","20,776,046"
081000002017,810,08100000,Bristol-Plymouth Regional Vocational Technical,2017,"1,335","20,622,505","9,983,312",51.91,"10,847,624",0,"20,830,936"
081000002018,810,08100000,Bristol-Plymouth Regional Vocational Technical,2018,"1,341","21,211,911","10,210,686",52.12,"11,001,225","153,601","21,211,911"
081000002019,810,08100000,Bristol-Plymouth Regional Vocational Technical,2019,"1,325","21,504,737","10,229,317",52.37,"11,289,055","274,195","21,518,372"
081000002020,810,08100000,Bristol-Plymouth Regional Vocational Technical,2020,"1,340","22,657,735","10,614,555",52.28,"12,043,180","754,125","22,657,735"
081000002021,810,08100000,Bristol-Plymouth Regional Vocational Technical,2021,"1,342","23,238,135","11,152,285",51.75,"12,133,330","42,670","23,285,615"
081000002022,810,08100000,Bristol-Plymouth Regional Vocational Technical,2022,"1,355","24,404,456","12,064,493",50.06,"12,341,965","206,633","24,406,458"
081500002007,815,08150000,Cape Cod Regional Vocational Technical,2007,729,"8,939,780","8,238,693",17.49,"1,951,441",0,"10,190,134"
081500002008,815,08150000,Cape Cod Regional Vocational Technical,2008,695,"8,959,018","8,344,063",17.50,"1,986,191",0,"10,330,254"
081500002009,815,08150000,Cape Cod Regional Vocational Technical,2009,731,"10,056,493","8,988,695",17.50,"2,178,249",0,"11,166,944"
081500002010,815,08150000,Cape Cod Regional Vocational Technical,2010,709,"10,128,082","9,004,924",17.48,"2,134,684",0,"11,139,608"
081500002011,815,08150000,Cape Cod Regional Vocational Technical,2011,685,"9,662,450","8,722,672",17.50,"2,009,976",0,"10,732,648"
081500002012,815,08150000,Cape Cod Regional Vocational Technical,2012,696,"9,969,203","9,140,927",17.51,"2,020,767",0,"11,161,694"
081500002013,815,08150000,Cape Cod Regional Vocational Technical,2013,668,"10,009,944","9,018,171",17.50,"2,047,487",0,"11,065,658"
081500002014,815,08150000,Cape Cod Regional Vocational Technical,2014,654,"9,858,315","8,884,266",17.51,"2,063,837",0,"10,948,103"
081500002015,815,08150000,Cape Cod Regional Vocational Technical,2015,654,"10,012,278","8,734,661",17.50,"2,080,187",0,"10,814,848"
081500002016,815,08150000,Cape Cod Regional Vocational Technical,2016,652,"10,180,996","8,693,872",17.50,"2,096,487",0,"10,790,359"
081500002017,815,08150000,Cape Cod Regional Vocational Technical,2017,618,"9,867,056","8,195,699",17.50,"2,130,477",0,"10,326,176"
081500002018,815,08150000,Cape Cod Regional Vocational Technical,2018,623,"10,216,576","8,480,852",17.51,"2,149,167",0,"10,630,019"
081500002019,815,08150000,Cape Cod Regional Vocational Technical,2019,591,"9,979,924","8,211,309",17.49,"2,166,897",0,"10,378,206"
081500002020,815,08150000,Cape Cod Regional Vocational Technical,2020,575,"10,322,933","8,376,084",17.49,"2,184,147",0,"10,560,231"
081500002021,815,08150000,Cape Cod Regional Vocational Technical,2021,622,"11,419,229","9,275,007",17.50,"2,184,147",0,"11,459,154"
081500002022,815,08150000,Cape Cod Regional Vocational Technical,2022,633,"11,917,314","9,759,779",17.50,"2,203,137",0,"11,962,916"
081700002016,817,08170000,Essex North Shore,2016,789,"12,253,746","9,478,745",24.61,"3,080,269",0,"12,559,014"
081700002017,817,08170000,Essex North Shore,2017,912,"14,380,155","10,925,830",24.70,"3,454,325","374,056","14,380,155"
081700002018,817,08170000,Essex North Shore,2018,"1,014","16,129,989","12,242,834",24.45,"3,887,155","432,830","16,129,989"
081700002019,817,08170000,Essex North Shore,2019,"1,095","17,744,844","13,488,298",23.90,"4,256,546","369,391","17,744,844"
081700002020,817,08170000,Essex North Shore,2020,"1,110","18,580,519","13,828,438",24.25,"4,752,081","495,535","18,580,519"
081700002021,817,08170000,Essex North Shore,2021,"1,165","19,917,638","14,966,372",23.94,"4,972,500","199,185","19,938,872"
081700002022,817,08170000,Essex North Shore,2022,"1,225","22,210,362","16,751,014",22.90,"5,459,940","486,848","22,210,954"
081800002007,818,08180000,Franklin County Regional Vocational Technical,2007,499,"6,238,167","3,104,015",54.74,"3,134,152","463,503","6,238,167"
081800002008,818,08180000,Franklin County Regional Vocational Technical,2008,483,"6,391,771","3,127,422",53.76,"3,264,349","130,197","6,391,771"
081800002009,818,08180000,Franklin County Regional Vocational Technical,2009,484,"6,770,398","3,246,800",53.37,"3,523,598","259,249","6,770,398"
081800002010,818,08180000,Franklin County Regional Vocational Technical,2010,480,"6,937,473","3,512,111",50.26,"3,453,126",0,"6,965,237"
081800002011,818,08180000,Franklin County Regional Vocational Technical,2011,475,"6,832,234","3,565,201",50.46,"3,251,395",0,"6,816,596"
081800002012,818,08180000,Franklin County Regional Vocational Technical,2012,467,"6,816,703","3,635,743",47.65,"3,268,850",0,"6,904,593"
081800002013,818,08180000,Franklin County Regional Vocational Technical,2013,469,"7,147,655","3,823,257",47.63,"3,344,406","55,548","7,167,663"
081800002014,818,08180000,Franklin County Regional Vocational Technical,2014,472,"7,343,776","3,944,755",47.26,"3,416,933","54,615","7,361,688"
081800002015,818,08180000,Franklin County Regional Vocational Technical,2015,476,"7,425,790","4,056,096",46.81,"3,437,611",0,"7,493,707"
081800002016,818,08180000,Franklin County Regional Vocational Technical,2016,478,"7,597,275","4,196,134",45.82,"3,449,561",0,"7,645,695"
081800002017,818,08180000,Franklin County Regional Vocational Technical,2017,463,"7,510,077","4,120,671",45.66,"3,475,026",0,"7,595,697"
081800002018,818,08180000,Franklin County Regional Vocational Technical,2018,437,"7,241,933","3,955,977",45.87,"3,488,136",0,"7,444,113"
081800002019,818,08180000,Franklin County Regional Vocational Technical,2019,446,"7,536,848","4,066,594",45.88,"3,501,516",0,"7,568,110"
081800002020,818,08180000,Franklin County Regional Vocational Technical,2020,463,"8,190,176","4,215,767",48.32,"3,974,409","472,893","8,190,176"
081800002021,818,08180000,Franklin County Regional Vocational Technical,2021,485,"8,790,348","4,547,736",48.01,"4,242,612","268,203","8,790,348"
081800002022,818,08180000,Franklin County Regional Vocational Technical,2022,532,"10,081,677","5,276,878",47.23,"4,805,223","562,187","10,082,101"
082100002007,821,08210000,Greater Fall River Regional Vocational Technical,2007,"1,367","17,060,238","4,544,760",61.41,"12,983,299","928,402","17,528,059"
082100002008,821,08210000,Greater Fall River Regional Vocational Technical,2008,"1,412","18,611,314","5,287,988",59.20,"13,901,536","340,027","19,189,524"
082100002009,821,08210000,Greater Fall River Regional Vocational Technical,2009,"1,417","19,717,271","5,629,515",59.13,"14,555,488","186,220","20,185,003"
082100002010,821,08210000,Greater Fall River Regional Vocational Technical,2010,"1,398","20,071,537","5,932,617",59.38,"14,264,378",0,"20,196,995"
082100002011,821,08210000,Greater Fall River Regional Vocational Technical,2011,"1,413","19,949,614","6,300,626",58.54,"13,431,054",0,"19,731,680"
082100002012,821,08210000,Greater Fall River Regional Vocational Technical,2012,"1,418","20,383,237","6,467,055",59.40,"13,916,182","413,024","20,383,237"
082100002013,821,08210000,Greater Fall River Regional Vocational Technical,2013,"1,398","20,957,230","6,715,829",59.63,"14,241,401","325,219","20,957,230"
082100002014,821,08210000,Greater Fall River Regional Vocational Technical,2014,"1,432","21,919,605","7,123,557",60.86,"14,796,048","554,647","21,919,605"
082100002015,821,08210000,Greater Fall River Regional Vocational Technical,2015,"1,469","22,550,978","7,369,160",61.17,"15,181,818","385,770","22,550,978"
082100002016,821,08210000,Greater Fall River Regional Vocational Technical,2016,"1,474","23,275,199","7,579,429",62.23,"15,695,770","513,952","23,275,199"
082100002017,821,08210000,Greater Fall River Regional Vocational Technical,2017,"1,480","23,332,972","7,431,313",63.11,"15,901,659","205,889","23,332,972"
082100002018,821,08210000,Greater Fall River Regional Vocational Technical,2018,"1,447","23,441,355","7,581,869",64.04,"15,945,069",0,"23,526,938"
082100002019,821,08210000,Greater Fall River Regional Vocational Technical,2019,"1,454","24,261,248","7,936,940",63.79,"16,324,308","379,239","24,261,248"
082100002020,821,08210000,Greater Fall River Regional Vocational Technical,2020,"1,464","25,634,450","8,117,565",65.12,"17,516,885","1,192,577","25,634,450"
082100002021,821,08210000,Greater Fall River Regional Vocational Technical,2021,"1,498","26,716,946","8,563,722",65.22,"18,196,847","636,339","26,760,569"
082100002022,821,08210000,Greater Fall River Regional Vocational Technical,2022,"1,498","28,548,222","8,806,953",66.58,"19,741,656","1,544,422","28,548,609"
082300002007,823,08230000,Greater Lawrence Regional Vocational Technical,2007,"1,677","23,397,863","2,950,685",78.91,"20,447,178","3,092,711","23,397,863"
082300002008,823,08230000,Greater Lawrence Regional Vocational Technical,2008,"1,650","24,270,329","2,925,720",78.42,"21,344,609","897,431","24,270,329"
082300002009,823,08230000,Greater Lawrence Regional Vocational Technical,2009,"1,446","22,243,985","2,764,043",77.93,"21,416,909",0,"24,180,952"
082300002010,823,08230000,Greater Lawrence Regional Vocational Technical,2010,"1,365","21,086,064","2,952,089",76.99,"20,988,571",0,"23,940,660"
082300002011,823,08230000,Greater Lawrence Regional Vocational Technical,2011,"1,388","21,516,841","3,448,145",75.98,"19,762,420",0,"23,210,565"
082300002012,823,08230000,Greater Lawrence Regional Vocational Technical,2012,"1,408","22,406,284","3,637,418",76.90,"19,868,513",0,"23,505,931"
082300002013,823,08230000,Greater Lawrence Regional Vocational Technical,2013,"1,428","23,647,271","3,930,189",76.41,"19,925,633",0,"23,855,822"
082300002014,823,08230000,Greater Lawrence Regional Vocational Technical,2014,"1,426","24,165,774","3,918,941",77.21,"20,246,833","321,200","24,165,774"
082300002015,823,08230000,Greater Lawrence Regional Vocational Technical,2015,"1,486","25,639,135","4,446,591",77.12,"21,192,544","945,711","25,639,135"
082300002016,823,08230000,Greater Lawrence Regional Vocational Technical,2016,"1,490","25,953,903","4,514,175",76.97,"21,439,728","247,184","25,953,903"
082300002017,823,08230000,Greater Lawrence Regional Vocational Technical,2017,"1,518","27,130,809","4,613,664",77.09,"22,517,145","1,077,417","27,130,809"
082300002018,823,08230000,Greater Lawrence Regional Vocational Technical,2018,"1,555","28,198,339","4,675,584",77.04,"23,522,755","1,005,610","28,198,339"
082300002019,823,08230000,Greater Lawrence Regional Vocational Technical,2019,"1,543","29,226,822","4,527,429",77.80,"24,699,393","1,176,638","29,226,822"
082300002020,823,08230000,Greater Lawrence Regional Vocational Technical,2020,"1,578","31,698,688","4,601,974",78.19,"27,096,714","2,397,321","31,698,688"
082300002021,823,08230000,Greater Lawrence Regional Vocational Technical,2021,"1,594","32,861,439","4,907,043",77.95,"27,954,396","857,682","32,861,439"
082300002022,823,08230000,Greater Lawrence Regional Vocational Technical,2022,"1,645","35,868,846","5,883,228",76.16,"29,985,618","2,031,222","35,868,846"
082500002007,825,08250000,Greater New Bedford Regional Vocational Technical,2007,"1,990","25,632,190","5,757,999",65.94,"20,279,884","1,749,451","26,037,883"
082500002008,825,08250000,Greater New Bedford Regional Vocational Technical,2008,"2,011","27,124,010","6,752,296",64.07,"21,235,693","91,830","27,987,989"
082500002009,825,08250000,Greater New Bedford Regional Vocational Technical,2009,"2,022","28,611,071","7,172,648",64.24,"22,190,981","202,730","29,363,629"
082500002010,825,08250000,Greater New Bedford Regional Vocational Technical,2010,"2,064","30,517,951","7,763,883",63.37,"21,747,161",0,"29,511,044"
082500002011,825,08250000,Greater New Bedford Regional Vocational Technical,2011,"2,106","30,298,830","8,132,720",63.37,"21,740,799","322,205","29,873,519"
082500002012,825,08250000,Greater New Bedford Regional Vocational Technical,2012,"2,132","31,299,153","8,624,602",63.27,"22,674,551","817,038","31,299,153"
082500002013,825,08250000,Greater New Bedford Regional Vocational Technical,2013,"2,140","32,530,714","8,972,206",63.29,"23,558,508","883,957","32,530,714"
082500002014,825,08250000,Greater New Bedford Regional Vocational Technical,2014,"2,148","33,301,712","9,217,036",64.59,"24,084,676","526,168","33,301,712"
082500002015,825,08250000,Greater New Bedford Regional Vocational Technical,2015,"2,149","33,725,633","9,588,800",64.68,"24,138,401","52,157","33,727,201"
082500002016,825,08250000,Greater New Bedford Regional Vocational Technical,2016,"2,143","34,323,634","9,854,302",65.66,"24,469,332","330,931","34,323,634"
082500002017,825,08250000,Greater New Bedford Regional Vocational Technical,2017,"2,175","34,911,179","10,102,835",66.07,"24,808,344","339,012","34,911,179"
082500002018,825,08250000,Greater New Bedford Regional Vocational Technical,2018,"2,157","35,334,772","10,506,130",66.28,"24,873,054","20,298","35,379,184"
082500002019,825,08250000,Greater New Bedford Regional Vocational Technical,2019,"2,156","36,428,066","10,914,841",66.13,"25,513,225","640,171","36,428,066"
082500002020,825,08250000,Greater New Bedford Regional Vocational Technical,2020,"2,140","38,180,026","11,239,871",66.65,"26,940,155","1,426,930","38,180,026"
082500002021,825,08250000,Greater New Bedford Regional Vocational Technical,2021,"2,128","38,691,322","11,380,986",66.97,"27,384,112","370,181","38,765,098"
082500002022,825,08250000,Greater New Bedford Regional Vocational Technical,2022,"2,123","41,130,342","12,175,349",66.52,"28,956,006","1,570,881","41,131,355"
082800002007,828,08280000,Greater Lowell Regional Vocational Technical,2007,"2,090","27,036,778","7,606,125",65.95,"19,430,653","2,127,134","27,036,778"
082800002008,828,08280000,Greater Lowell Regional Vocational Technical,2008,"2,064","27,800,682","7,909,037",66.29,"19,937,045","460,992","27,846,082"
082800002009,828,08280000,Greater Lowell Regional Vocational Technical,2009,"2,077","29,465,237","8,510,997",65.80,"21,032,322","1,017,195","29,543,319"
082800002010,828,08280000,Greater Lowell Regional Vocational Technical,2010,"2,026","29,630,458","8,466,385",65.35,"20,611,676",0,"29,078,061"
082800002011,828,08280000,Greater Lowell Regional Vocational Technical,2011,"2,105","30,423,898","9,232,155",64.98,"20,785,128","874,233","30,017,283"
082800002012,828,08280000,Greater Lowell Regional Vocational Technical,2012,"2,152","31,597,336","9,860,549",64.61,"21,736,787","840,075","31,597,336"
082800002013,828,08280000,Greater Lowell Regional Vocational Technical,2013,"2,203","33,772,319","10,353,219",64.87,"23,419,100","1,682,313","33,772,319"
082800002014,828,08280000,Greater Lowell Regional Vocational Technical,2014,"2,196","34,324,570","10,693,693",64.29,"23,630,877","211,777","34,324,570"
082800002015,828,08280000,Greater Lowell Regional Vocational Technical,2015,"2,190","34,545,660","10,980,189",65.40,"23,685,627",0,"34,665,816"
082800002016,828,08280000,Greater Lowell Regional Vocational Technical,2016,"2,195","34,992,565","11,434,404",65.32,"23,740,502",0,"35,174,906"
082800002017,828,08280000,Greater Lowell Regional Vocational Technical,2017,"2,187","35,531,900","11,891,870",65.15,"23,860,787",0,"35,752,657"
082800002018,828,08280000,Greater Lowell Regional Vocational Technical,2018,"2,252","37,509,503","12,482,002",65.42,"25,027,501","1,166,714","37,509,503"
082800002019,828,08280000,Greater Lowell Regional Vocational Technical,2019,"2,347","40,339,927","13,264,027",65.48,"27,075,900","2,048,399","40,339,927"
082800002020,828,08280000,Greater Lowell Regional Vocational Technical,2020,"2,336","42,372,429","13,540,919",65.53,"28,831,510","1,755,610","42,372,429"
082800002021,828,08280000,Greater Lowell Regional Vocational Technical,2021,"2,352","43,544,496","14,050,785",65.53,"29,582,555","662,201","43,633,340"
082800002022,828,08280000,Greater Lowell Regional Vocational Technical,2022,"2,373","46,396,730","14,488,947",66.55,"31,907,783","2,325,228","46,396,730"
082900002007,829,08290000,South Middlesex Regional Vocational Technical,2007,691,"9,208,715","8,268,805",26.11,"2,366,025",0,"10,634,830"
082900002008,829,08290000,South Middlesex Regional Vocational Technical,2008,691,"9,654,723","8,165,281",28.64,"2,493,762",0,"10,659,043"
082900002009,829,08290000,South Middlesex Regional Vocational Technical,2009,661,"9,715,858","7,715,501",29.01,"2,600,949",0,"10,316,450"
082900002010,829,08290000,South Middlesex Regional Vocational Technical,2010,627,"9,614,405","7,341,351",30.67,"2,548,930",0,"9,890,281"
082900002011,829,08290000,South Middlesex Regional Vocational Technical,2011,650,"9,792,460","7,492,557",30.98,"2,400,022",0,"9,892,579"
082900002012,829,08290000,South Middlesex Regional Vocational Technical,2012,675,"10,544,997","7,892,246",32.70,"2,652,751","239,845","10,544,997"
082900002013,829,08290000,South Middlesex Regional Vocational Technical,2013,677,"10,989,581","7,883,290",34.21,"3,269,602","453,540","11,152,892"
082900002014,829,08290000,South Middlesex Regional Vocational Technical,2014,711,"11,813,873","8,259,858",34.58,"3,686,821","284,413","11,946,679"
082900002015,829,08290000,South Middlesex Regional Vocational Technical,2015,696,"11,573,926","7,868,569",35.10,"3,818,291","18,536","11,686,860"
082900002016,829,08290000,South Middlesex Regional Vocational Technical,2016,705,"11,914,131","7,823,272",36.15,"4,090,859","272,568","11,914,131"
082900002017,829,08290000,South Middlesex Regional Vocational Technical,2017,707,"11,942,604","7,592,237",37.00,"4,386,161","259,508","11,978,398"
082900002018,829,08290000,South Middlesex Regional Vocational Technical,2018,716,"12,170,547","7,850,604",33.82,"4,407,641",0,"12,258,245"
082900002019,829,08290000,South Middlesex Regional Vocational Technical,2019,729,"12,903,118","8,092,298",37.14,"4,810,820","403,179","12,903,118"
082900002020,829,08290000,South Middlesex Regional Vocational Technical,2020,746,"13,895,820","8,568,391",36.97,"5,327,429","516,609","13,895,820"
082900002021,829,08290000,South Middlesex Regional Vocational Technical,2021,798,"15,367,479","9,170,454",39.61,"6,197,025","869,596","15,367,479"
082900002022,829,08290000,South Middlesex Regional Vocational Technical,2022,817,"16,551,960","10,013,400",38.31,"6,548,952","341,535","16,562,352"
083000002007,830,08300000,Minuteman Regional Vocational Technical,2007,531,"6,914,249","6,039,013",20.02,"2,248,003",0,"8,287,016"
083000002008,830,08300000,Minuteman Regional Vocational Technical,2008,481,"6,679,422","5,830,500",20.09,"2,272,053",0,"8,102,553"
083000002009,830,08300000,Minuteman Regional Vocational Technical,2009,461,"6,716,739","5,664,903",19.87,"2,295,103",0,"7,960,006"
083000002010,830,08300000,Minuteman Regional Vocational Technical,2010,426,"6,448,437","5,389,510",20.01,"2,249,201",0,"7,638,711"
083000002011,830,08300000,Minuteman Regional Vocational Technical,2011,421,"6,278,769","5,380,998",19.79,"2,117,803",0,"7,498,801"
083000002012,830,08300000,Minuteman Regional Vocational Technical,2012,431,"6,529,848","5,563,357",19.63,"2,129,172",0,"7,692,529"
083000002013,830,08300000,Minuteman Regional Vocational Technical,2013,422,"6,720,937","5,635,287",19.28,"2,146,052",0,"7,781,339"
083000002014,830,08300000,Minuteman Regional Vocational Technical,2014,394,"6,466,600","5,367,418",18.66,"2,155,902",0,"7,523,320"
083000002015,830,08300000,Minuteman Regional Vocational Technical,2015,431,"7,154,168","5,853,666",18.90,"2,166,677",0,"8,020,343"
083000002016,830,08300000,Minuteman Regional Vocational Technical,2016,414,"7,012,158","5,684,556",18.88,"2,177,027",0,"7,861,583"
083000002017,830,08300000,Minuteman Regional Vocational Technical,2017,386,"6,744,963","5,436,063",19.65,"2,198,257",0,"7,634,320"
083000002018,830,08300000,Minuteman Regional Vocational Technical,2018,346,"6,331,977","5,038,148",19.57,"2,074,863",0,"7,113,011"
083000002019,830,08300000,Minuteman Regional Vocational Technical,2019,342,"6,123,550","4,836,180",19.91,"2,085,123",0,"6,921,303"
083000002020,830,08300000,Minuteman Regional Vocational Technical,2020,364,"6,695,950","5,244,391",19.26,"2,096,043",0,"7,340,434"
083000002021,830,08300000,Minuteman Regional Vocational Technical,2021,409,"7,604,263","5,992,288",19.44,"1,977,748",0,"7,970,036"
083000002022,830,08300000,Minuteman Regional Vocational Technical,2022,491,"9,892,046","7,861,244",18.90,"2,031,339","53,054","9,892,583"
083200002007,832,08320000,Montachusett Regional Vocational Technical,2007,"1,277","15,840,334","5,296,832",61.73,"10,543,502","1,690,407","15,840,334"
083200002008,832,08320000,Montachusett Regional Vocational Technical,2008,"1,319","17,251,828","5,727,859",61.40,"11,523,969","980,467","17,251,828"
083200002009,832,08320000,Montachusett Regional Vocational Technical,2009,"1,334","18,210,278","5,909,892",61.28,"12,300,386","776,417","18,210,278"
083200002010,832,08320000,Montachusett Regional Vocational Technical,2010,"1,352","19,239,467","6,487,260",60.38,"12,054,378",0,"18,541,638"
083200002011,832,08320000,Montachusett Regional Vocational Technical,2011,"1,365","19,087,951","6,671,879",60.38,"12,177,840","173,953","18,849,719"
083200002012,832,08320000,Montachusett Regional Vocational Technical,2012,"1,407","19,926,696","7,025,474",60.18,"12,901,222","658,006","19,926,696"
083200002013,832,08320000,Montachusett Regional Vocational Technical,2013,"1,443","21,362,521","7,634,846",59.47,"13,727,675","826,453","21,362,521"
083200002014,832,08320000,Montachusett Regional Vocational Technical,2014,"1,453","21,644,238","8,117,570",59.21,"13,764,000",0,"21,881,570"
083200002015,832,08320000,Montachusett Regional Vocational Technical,2015,"1,467","22,098,279","8,502,935",58.73,"13,800,675",0,"22,303,610"
083200002016,832,08320000,Montachusett Regional Vocational Technical,2016,"1,486","22,705,864","8,952,868",59.07,"13,837,825",0,"22,790,693"
083200002017,832,08320000,Montachusett Regional Vocational Technical,2017,"1,500","22,983,366","9,077,316",59.09,"13,920,325","68,225","22,997,641"
083200002018,832,08320000,Montachusett Regional Vocational Technical,2018,"1,496","23,339,672","9,194,861",59.61,"14,144,811","224,486","23,339,672"
083200002019,832,08320000,Montachusett Regional Vocational Technical,2019,"1,487","24,114,938","9,381,190",59.73,"14,733,748","588,937","24,114,938"
083200002020,832,08320000,Montachusett Regional Vocational Technical,2020,"1,474","25,030,257","9,604,460",59.83,"15,425,797","692,049","25,030,257"
083200002021,832,08320000,Montachusett Regional Vocational Technical,2021,"1,470","25,382,631","9,937,436",59.61,"15,445,809","19,398","25,383,245"
083200002022,832,08320000,Montachusett Regional Vocational Technical,2022,"1,461","25,893,443","10,458,906",57.64,"15,489,639",0,"25,948,545"
085100002007,851,08510000,Northern Berkshire Regional Vocational Technical,2007,431,"5,410,246","1,532,260",67.87,"3,877,986","492,282","5,410,246"
085100002008,851,08510000,Northern Berkshire Regional Vocational Technical,2008,440,"5,840,580","1,651,415",68.33,"4,189,165","311,179","5,840,580"
085100002009,851,08510000,Northern Berkshire Regional Vocational Technical,2009,432,"6,022,166","1,628,309",68.77,"4,393,857","204,692","6,022,166"
085100002010,851,08510000,Northern Berkshire Regional Vocational Technical,2010,447,"6,405,552","1,973,265",67.73,"4,305,980",0,"6,279,245"
085100002011,851,08510000,Northern Berkshire Regional Vocational Technical,2011,435,"6,194,470","1,959,117",67.84,"4,173,354",0,"6,132,471"
085100002012,851,08510000,Northern Berkshire Regional Vocational Technical,2012,416,"6,032,835","2,076,564",63.86,"4,195,758",0,"6,272,322"
085100002013,851,08510000,Northern Berkshire Regional Vocational Technical,2013,390,"5,901,249","2,057,940",62.99,"4,211,358",0,"6,269,298"
085100002014,851,08510000,Northern Berkshire Regional Vocational Technical,2014,463,"7,074,072","2,680,139",59.93,"4,617,441",0,"7,297,580"
085100002015,851,08510000,Northern Berkshire Regional Vocational Technical,2015,472,"7,193,835","2,748,884",60.08,"4,629,241",0,"7,378,125"
085100002016,851,08510000,Northern Berkshire Regional Vocational Technical,2016,475,"7,377,904","2,797,399",60.80,"4,641,116",0,"7,438,515"
085100002017,851,08510000,Northern Berkshire Regional Vocational Technical,2017,456,"7,221,555","2,766,472",60.96,"4,666,196",0,"7,432,668"
085100002018,851,08510000,Northern Berkshire Regional Vocational Technical,2018,456,"7,333,875","2,825,783",61.56,"4,679,876",0,"7,505,659"
085100002019,851,08510000,Northern Berkshire Regional Vocational Technical,2019,444,"7,476,127","2,937,807",60.61,"4,693,196",0,"7,631,003"
085100002020,851,08510000,Northern Berkshire Regional Vocational Technical,2020,449,"7,897,884","3,067,978",60.80,"4,829,906","136,710","7,897,884"
085100002021,851,08510000,Northern Berkshire Regional Vocational Technical,2021,461,"8,244,375","3,172,855",61.14,"5,071,520","241,614","8,244,375"
085100002022,851,08510000,Northern Berkshire Regional Vocational Technical,2022,463,"8,582,447","3,268,863",61.25,"5,316,141","242,064","8,585,004"
085200002007,852,08520000,Nashoba Valley Regional Vocational Technical,2007,417,"5,389,599","3,394,928",40.06,"2,023,465","63,606","5,418,393"
085200002008,852,08520000,Nashoba Valley Regional Vocational Technical,2008,463,"6,238,440","3,743,767",41.11,"2,494,673","471,208","6,238,440"
085200002009,852,08520000,Nashoba Valley Regional Vocational Technical,2009,496,"7,033,183","4,130,123",41.33,"2,903,060","408,387","7,033,183"
085200002010,852,08520000,Nashoba Valley Regional Vocational Technical,2010,539,"7,866,988","4,598,216",42.12,"2,844,999",0,"7,443,215"
085200002011,852,08520000,Nashoba Valley Regional Vocational Technical,2011,585,"8,233,341","5,092,176",40.52,"3,080,894","3,144","8,173,070"
085200002012,852,08520000,Nashoba Valley Regional Vocational Technical,2012,566,"8,193,934","5,151,981",38.71,"3,097,434",0,"8,249,415"
085200002013,852,08520000,Nashoba Valley Regional Vocational Technical,2013,581,"8,811,361","5,561,630",37.94,"3,273,056","152,297","8,834,686"
085200002014,852,08520000,Nashoba Valley Regional Vocational Technical,2014,637,"9,643,398","6,347,664",35.37,"3,583,553",0,"9,931,217"
085200002015,852,08520000,Nashoba Valley Regional Vocational Technical,2015,667,"10,305,011","6,808,953",35.31,"3,602,854",0,"10,411,807"
085200002016,852,08520000,Nashoba Valley Regional Vocational Technical,2016,704,"10,872,297","7,267,551",34.56,"3,620,454","1,892","10,888,005"
085200002017,852,08520000,Nashoba Valley Regional Vocational Technical,2017,686,"10,716,963","7,187,884",33.59,"3,658,184",0,"10,846,068"
085200002018,852,08520000,Nashoba Valley Regional Vocational Technical,2018,675,"10,765,280","7,259,409",32.81,"3,678,434",0,"10,937,843"
085200002019,852,08520000,Nashoba Valley Regional Vocational Technical,2019,656,"10,686,139","7,286,534",30.71,"3,698,114",0,"10,984,648"
085200002020,852,08520000,Nashoba Valley Regional Vocational Technical,2020,639,"10,895,287","7,517,024",29.82,"3,717,284",0,"11,234,308"
085200002021,852,08520000,Nashoba Valley Regional Vocational Technical,2021,654,"11,332,311","8,006,848",28.77,"3,717,284",0,"11,724,132"
085200002022,852,08520000,Nashoba Valley Regional Vocational Technical,2022,667,"11,843,081","8,677,220",26.54,"3,737,294",0,"12,414,514"
085300002007,853,08530000,Northeast Metropolitan Regional Vocational Technical,2007,"1,166","15,298,678","8,834,989",40.69,"6,463,689","1,027,243","15,298,678"
085300002008,853,08530000,Northeast Metropolitan Regional Vocational Technical,2008,"1,211","16,448,129","9,382,830",41.34,"7,065,299","601,610","16,448,129"
085300002009,853,08530000,Northeast Metropolitan Regional Vocational Technical,2009,"1,206","17,520,203","9,753,752",41.71,"7,766,451","701,152","17,520,203"
085300002010,853,08530000,Northeast Metropolitan Regional Vocational Technical,2010,"1,206","18,195,495","9,906,992",43.22,"7,611,122",0,"17,518,114"
085300002011,853,08530000,Northeast Metropolitan Regional Vocational Technical,2011,"1,207","18,075,511","10,403,784",42.38,"7,787,386",0,"18,191,170"
085300002012,853,08530000,Northeast Metropolitan Regional Vocational Technical,2012,"1,235","18,846,605","10,860,660",43.02,"7,985,945","156,662","18,846,605"
085300002013,853,08530000,Northeast Metropolitan Regional Vocational Technical,2013,"1,218","19,273,753","10,987,834",42.95,"8,285,919","299,974","19,273,753"
085300002014,853,08530000,Northeast Metropolitan Regional Vocational Technical,2014,"1,242","19,964,083","11,419,748",43.21,"8,564,871","258,416","19,984,619"
085300002015,853,08530000,Northeast Metropolitan Regional Vocational Technical,2015,"1,232","20,104,161","11,494,298",43.19,"8,609,863","44,992","20,104,161"
085300002016,853,08530000,Northeast Metropolitan Regional Vocational Technical,2016,"1,233","20,386,925","11,746,592",42.39,"8,640,688","30,470","20,387,280"
085300002017,853,08530000,Northeast Metropolitan Regional Vocational Technical,2017,"1,231","20,458,840","11,667,126",42.83,"8,818,904","151,026","20,486,030"
085300002018,853,08530000,Northeast Metropolitan Regional Vocational Technical,2018,"1,239","21,001,846","11,813,188",42.83,"9,188,658","369,754","21,001,846"
085300002019,853,08530000,Northeast Metropolitan Regional Vocational Technical,2019,"1,236","21,695,597","11,983,464",43.76,"9,712,133","523,475","21,695,597"
085300002020,853,08530000,Northeast Metropolitan Regional Vocational Technical,2020,"1,242","22,663,144","12,097,696",44.06,"10,565,448","853,315","22,663,144"
085300002021,853,08530000,Northeast Metropolitan Regional Vocational Technical,2021,"1,271","23,843,255","13,124,735",42.78,"10,745,350","153,072","23,870,085"
085300002022,853,08530000,Northeast Metropolitan Regional Vocational Technical,2022,"1,281","25,599,016","14,354,270",40.78,"11,244,913","499,396","25,599,183"
085500002007,855,08550000,Old Colony Regional Vocational Technical,2007,477,"5,820,992","2,972,628",46.76,"2,935,912","301,373","5,908,540"
085500002008,855,08550000,Old Colony Regional Vocational Technical,2008,510,"6,621,083","3,475,932",44.54,"3,292,273","209,239","6,768,205"
085500002009,855,08550000,Old Colony Regional Vocational Technical,2009,499,"6,827,603","3,546,608",44.39,"3,383,947",0,"6,930,555"
085500002010,855,08550000,Old Colony Regional Vocational Technical,2010,500,"7,042,234","3,704,307",44.62,"3,316,268",0,"7,020,575"
085500002011,855,08550000,Old Colony Regional Vocational Technical,2011,493,"6,779,948","3,833,931",42.77,"3,142,926",0,"6,976,857"
085500002012,855,08550000,Old Colony Regional Vocational Technical,2012,474,"6,636,605","3,861,415",41.28,"3,159,799",0,"7,021,214"
085500002013,855,08550000,Old Colony Regional Vocational Technical,2013,482,"6,993,936","4,108,774",40.39,"3,179,079",0,"7,287,853"
085500002014,855,08550000,Old Colony Regional Vocational Technical,2014,496,"7,318,581","4,348,047",40.49,"3,191,479",0,"7,539,526"
085500002015,855,08550000,Old Colony Regional Vocational Technical,2015,489,"7,268,292","4,341,070",40.90,"3,203,704",0,"7,544,774"
085500002016,855,08550000,Old Colony Regional Vocational Technical,2016,479,"7,329,579","4,522,220",39.12,"3,215,679",0,"7,737,899"
085500002017,855,08550000,Old Colony Regional Vocational Technical,2017,459,"7,070,588","4,320,680",39.34,"3,240,924",0,"7,561,604"
085500002018,855,08550000,Old Colony Regional Vocational Technical,2018,459,"7,132,028","4,376,933",39.05,"3,254,694",0,"7,631,627"
085500002019,855,08550000,Old Colony Regional Vocational Technical,2019,457,"7,339,793","4,416,012",39.43,"3,268,404",0,"7,684,416"
085500002020,855,08550000,Old Colony Regional Vocational Technical,2020,465,"7,752,984","4,672,558",38.11,"3,282,354",0,"7,954,912"
085500002021,855,08550000,Old Colony Regional Vocational Technical,2021,467,"7,921,696","4,845,112",37.65,"3,282,354",0,"8,127,466"
085500002022,855,08550000,Old Colony Regional Vocational Technical,2022,498,"8,771,733","5,624,848",35.31,"3,297,294",0,"8,922,142"
086000002007,860,08600000,Pathfinder Regional Vocational Technical,2007,541,"6,802,165","2,722,408",62.76,"4,079,757","769,103","6,802,165"
086000002008,860,08600000,Pathfinder Regional Vocational Technical,2008,588,"7,765,674","2,973,205",62.47,"4,792,469","343,558","7,765,674"
086000002009,860,08600000,Pathfinder Regional Vocational Technical,2009,588,"8,192,718","3,079,140",62.45,"5,113,578","321,109","8,192,718"
086000002010,860,08600000,Pathfinder Regional Vocational Technical,2010,545,"7,922,637","3,002,367",61.21,"5,011,306",0,"8,013,673"
086000002011,860,08600000,Pathfinder Regional Vocational Technical,2011,581,"8,060,376","3,193,516",61.71,"4,773,477","56,006","7,966,993"
086000002012,860,08600000,Pathfinder Regional Vocational Technical,2012,578,"8,310,204","3,406,888",59.05,"4,923,562",0,"8,330,450"
086000002013,860,08600000,Pathfinder Regional Vocational Technical,2013,605,"9,047,750","3,742,148",58.34,"5,305,602","382,040","9,047,750"
086000002014,860,08600000,Pathfinder Regional Vocational Technical,2014,610,"9,290,876","3,937,256",57.99,"5,362,160","48,018","9,299,416"
086000002015,860,08600000,Pathfinder Regional Vocational Technical,2015,566,"8,740,342","3,869,273",56.42,"5,376,310",0,"9,245,583"
086000002016,860,08600000,Pathfinder Regional Vocational Technical,2016,588,"9,330,426","4,172,839",56.42,"5,391,010",0,"9,563,849"
086000002017,860,08600000,Pathfinder Regional Vocational Technical,2017,577,"9,305,841","4,136,686",55.93,"5,422,745",0,"9,559,431"
086000002018,860,08600000,Pathfinder Regional Vocational Technical,2018,577,"9,526,647","4,148,472",56.83,"5,440,055",0,"9,588,527"
086000002019,860,08600000,Pathfinder Regional Vocational Technical,2019,573,"9,675,019","4,221,512",56.26,"5,459,444","13,452","9,680,956"
086000002020,860,08600000,Pathfinder Regional Vocational Technical,2020,599,"10,638,203","4,587,025",56.62,"6,051,178","591,734","10,638,203"
086000002021,860,08600000,Pathfinder Regional Vocational Technical,2021,578,"10,484,385","4,455,062",57.42,"6,051,178",0,"10,506,240"
086000002022,860,08600000,Pathfinder Regional Vocational Technical,2022,561,"10,521,613","4,559,455",56.13,"6,068,008",0,"10,627,463"
087100002007,871,08710000,Shawsheen Valley Regional Vocational Technical,2007,"1,238","15,354,177","11,614,893",35.17,"3,739,284","603,227","15,354,177"
087100002008,871,08710000,Shawsheen Valley Regional Vocational Technical,2008,"1,254","16,399,600","11,925,006",36.71,"4,474,594","735,310","16,399,600"
087100002009,871,08710000,Shawsheen Valley Regional Vocational Technical,2009,"1,264","17,333,155","11,848,099",37.29,"5,485,056","1,010,462","17,333,155"
087100002010,871,08710000,Shawsheen Valley Regional Vocational Technical,2010,"1,276","18,045,396","12,240,655",37.78,"5,375,355",0,"17,616,010"
087100002011,871,08710000,Shawsheen Valley Regional Vocational Technical,2011,"1,310","17,891,209","12,538,270",36.33,"5,465,628",0,"18,003,898"
087100002012,871,08710000,Shawsheen Valley Regional Vocational Technical,2012,"1,341","18,725,824","13,125,229",34.72,"5,600,595","105,625","18,725,824"
087100002013,871,08710000,Shawsheen Valley Regional Vocational Technical,2013,"1,363","19,899,113","13,950,931",34.14,"6,159,526","347,587","20,110,457"
087100002014,871,08710000,Shawsheen Valley Regional Vocational Technical,2014,"1,382","20,418,808","14,772,092",31.08,"6,206,186",0,"20,978,278"
087100002015,871,08710000,Shawsheen Valley Regional Vocational Technical,2015,"1,397","20,894,661","15,270,792",29.80,"6,241,111",0,"21,511,903"
087100002016,871,08710000,Shawsheen Valley Regional Vocational Technical,2016,"1,389","20,905,729","15,410,372",28.61,"6,275,836",0,"21,686,208"
087100002017,871,08710000,Shawsheen Valley Regional Vocational Technical,2017,"1,361","20,610,764","15,409,506",26.03,"6,350,691",0,"21,760,197"
087100002018,871,08710000,Shawsheen Valley Regional Vocational Technical,2018,"1,352","20,779,974","15,673,209",24.87,"6,391,251",0,"22,064,460"
087100002019,871,08710000,Shawsheen Valley Regional Vocational Technical,2019,"1,337","21,319,073","16,426,446",22.95,"6,431,361",0,"22,857,807"
087100002020,871,08710000,Shawsheen Valley Regional Vocational Technical,2020,"1,305","21,756,422","17,141,547",20.43,"6,470,511",0,"23,612,058"
087100002021,871,08710000,Shawsheen Valley Regional Vocational Technical,2021,"1,275","21,443,570","17,321,815",19.22,"6,470,511",0,"23,792,326"
087100002022,871,08710000,Shawsheen Valley Regional Vocational Technical,2022,"1,315","22,505,084","18,566,695",17.50,"6,509,961",0,"25,076,656"
087200002007,872,08720000,Southeastern Regional Vocational Technical,2007,"1,322","16,539,295","5,950,716",60.07,"10,588,579","1,045,624","16,539,295"
087200002008,872,08720000,Southeastern Regional Vocational Technical,2008,"1,307","17,132,435","6,118,865",60.09,"11,013,570","424,991","17,132,435"
087200002009,872,08720000,Southeastern Regional Vocational Technical,2009,"1,329","18,651,251","6,606,221",60.38,"12,045,030","1,031,460","18,651,251"
087200002010,872,08720000,Southeastern Regional Vocational Technical,2010,"1,340","19,547,467","6,794,855",60.35,"11,804,129",0,"18,598,984"
087200002011,872,08720000,Southeastern Regional Vocational Technical,2011,"1,337","18,976,859","6,830,054",60.43,"12,007,606",0,"18,837,660"
087200002012,872,08720000,Southeastern Regional Vocational Technical,2012,"1,343","19,791,640","7,163,181",61.49,"12,628,459","556,391","19,791,640"
087200002013,872,08720000,Southeastern Regional Vocational Technical,2013,"1,319","20,139,028","7,253,938",61.50,"12,885,090","256,631","20,139,028"
087200002014,872,08720000,Southeastern Regional Vocational Technical,2014,"1,342","20,816,397","7,493,594",62.24,"13,322,803","437,713","20,816,397"
087200002015,872,08720000,Southeastern Regional Vocational Technical,2015,"1,356","21,227,292","7,726,584",62.45,"13,500,708","177,905","21,227,292"
087200002016,872,08720000,Southeastern Regional Vocational Technical,2016,"1,416","22,565,360","8,283,596",62.54,"14,281,764","781,056","22,565,360"
087200002017,872,08720000,Southeastern Regional Vocational Technical,2017,"1,468","23,532,615","8,586,706",62.49,"14,945,909","664,145","23,532,615"
087200002018,872,08720000,Southeastern Regional Vocational Technical,2018,"1,509","24,658,562","9,068,356",62.22,"15,590,206","644,297","24,658,562"
087200002019,872,08720000,Southeastern Regional Vocational Technical,2019,"1,509","25,369,688","9,264,693",62.25,"16,104,995","514,789","25,369,688"
087200002020,872,08720000,Southeastern Regional Vocational Technical,2020,"1,531","26,705,365","9,834,210",61.19,"16,871,155","766,160","26,705,365"
087200002021,872,08720000,Southeastern Regional Vocational Technical,2021,"1,517","26,978,734","10,323,654",60.07,"16,871,155",0,"27,194,809"
087200002022,872,08720000,Southeastern Regional Vocational Technical,2022,"1,624","31,199,664","11,824,738",60.26,"19,375,182","2,503,771","31,199,920"
087300002007,873,08730000,South Shore Regional Vocational Technical,2007,534,"6,624,462","3,491,969",42.52,"3,132,493","833,806","6,624,462"
087300002008,873,08730000,South Shore Regional Vocational Technical,2008,562,"7,292,760","3,896,693",41.45,"3,409,503","263,574","7,306,196"
087300002009,873,08730000,South Shore Regional Vocational Technical,2009,584,"8,002,552","4,267,730",41.89,"3,734,822","325,319","8,002,552"
087300002010,873,08730000,South Shore Regional Vocational Technical,2010,571,"8,068,943","4,326,150",42.67,"3,660,126",0,"7,986,276"
087300002011,873,08730000,South Shore Regional Vocational Technical,2011,586,"8,159,817","4,585,112",41.62,"3,524,139",0,"8,109,251"
087300002012,873,08730000,South Shore Regional Vocational Technical,2012,584,"8,361,233","4,747,142",41.27,"3,614,091","71,033","8,361,233"
087300002013,873,08730000,South Shore Regional Vocational Technical,2013,598,"8,898,769","5,090,951",40.44,"3,814,659","193,727","8,905,610"
087300002014,873,08730000,South Shore Regional Vocational Technical,2014,583,"8,843,168","4,991,245",41.97,"3,851,923","37,264","8,843,168"
087300002015,873,08730000,South Shore Regional Vocational Technical,2015,594,"8,975,128","5,135,646",41.61,"3,866,773",0,"9,002,419"
087300002016,873,08730000,South Shore Regional Vocational Technical,2016,588,"9,246,000","5,264,595",42.61,"3,981,405","114,632","9,246,000"
087300002017,873,08730000,South Shore Regional Vocational Technical,2017,622,"9,836,290","5,547,660",42.67,"4,288,630","307,225","9,836,290"
087300002018,873,08730000,South Shore Regional Vocational Technical,2018,620,"10,085,090","5,811,066",41.39,"4,307,230",0,"10,118,296"
087300002019,873,08730000,South Shore Regional Vocational Technical,2019,607,"10,179,752","5,849,405",41.45,"4,342,636","23,117","10,192,041"
087300002020,873,08730000,South Shore Regional Vocational Technical,2020,585,"10,278,115","5,835,267",41.69,"4,442,848","100,212","10,278,115"
087300002021,873,08730000,South Shore Regional Vocational Technical,2021,544,"9,696,307","5,540,283",41.93,"4,442,848",0,"9,983,131"
087300002022,873,08730000,South Shore Regional Vocational Technical,2022,561,"10,334,881","6,044,013",40.37,"4,459,678",0,"10,503,691"
087600002007,876,08760000,Southern Worcester County Regional Vocational Technical,2007,995,"12,372,691","5,102,480",55.55,"7,282,028","1,544,504","12,384,508"
087600002008,876,08760000,Southern Worcester County Regional Vocational Technical,2008,"1,069","13,883,285","5,546,098",56.09,"8,337,187","1,055,159","13,883,285"
087600002009,876,08760000,Southern Worcester County Regional Vocational Technical,2009,"1,095","15,012,157","5,773,697",56.87,"9,238,460","901,273","15,012,157"
087600002010,876,08760000,Southern Worcester County Regional Vocational Technical,2010,"1,098","15,581,392","6,076,724",56.99,"9,053,691",0,"15,130,415"
087600002011,876,08760000,Southern Worcester County Regional Vocational Technical,2011,"1,135","15,894,029","6,360,940",57.35,"9,350,174","408,608","15,711,114"
087600002012,876,08760000,Southern Worcester County Regional Vocational Technical,2012,"1,101","15,689,978","6,367,969",55.29,"9,400,370",0,"15,768,339"
087600002013,876,08760000,Southern Worcester County Regional Vocational Technical,2013,"1,090","16,052,759","6,598,237",55.56,"9,454,522","54,152","16,052,759"
087600002014,876,08760000,Southern Worcester County Regional Vocational Technical,2014,"1,120","16,721,381","6,992,891",55.60,"9,728,490","273,968","16,721,381"
087600002015,876,08760000,Southern Worcester County Regional Vocational Technical,2015,"1,131","17,132,815","7,280,728",55.32,"9,852,087","123,597","17,132,815"
087600002016,876,08760000,Southern Worcester County Regional Vocational Technical,2016,"1,148","17,642,332","7,557,770",55.39,"10,084,562","232,475","17,642,332"
087600002017,876,08760000,Southern Worcester County Regional Vocational Technical,2017,"1,136","17,712,277","7,652,484",55.55,"10,147,042",0,"17,799,526"
087600002018,876,08760000,Southern Worcester County Regional Vocational Technical,2018,"1,145","18,134,755","7,810,739",56.31,"10,324,016","176,974","18,134,755"
087600002019,876,08760000,Southern Worcester County Regional Vocational Technical,2019,"1,150","18,654,312","8,130,478",55.55,"10,527,326","199,818","18,657,804"
087600002020,876,08760000,Southern Worcester County Regional Vocational Technical,2020,"1,161","19,584,276","8,498,663",55.30,"11,085,613","558,287","19,584,276"
087600002021,876,08760000,Southern Worcester County Regional Vocational Technical,2021,"1,177","20,163,227","8,939,018",54.89,"11,243,208","138,596","20,182,226"
087600002022,876,08760000,Southern Worcester County Regional Vocational Technical,2022,"1,200","21,417,723","9,831,831",53.19,"11,586,540","342,684","21,418,371"
087800002007,878,08780000,Tri County Regional Vocational Technical,2007,820,"10,212,901","5,924,588",38.02,"4,288,313","841,399","10,212,901"
087800002008,878,08780000,Tri County Regional Vocational Technical,2008,858,"11,290,959","6,500,818",37.61,"4,790,141","501,828","11,290,959"
087800002009,878,08780000,Tri County Regional Vocational Technical,2009,893,"12,442,959","7,015,291",37.90,"5,427,668","637,527","12,442,959"
087800002010,878,08780000,Tri County Regional Vocational Technical,2010,899,"12,923,675","7,663,565",38.07,"5,319,115",0,"12,982,680"
087800002011,878,08780000,Tri County Regional Vocational Technical,2011,941,"13,370,766","8,194,447",37.72,"5,076,999","69,969","13,271,446"
087800002012,878,08780000,Tri County Regional Vocational Technical,2012,939,"13,542,704","8,344,586",37.51,"5,198,118","93,863","13,542,704"
087800002013,878,08780000,Tri County Regional Vocational Technical,2013,965,"14,397,568","8,892,150",36.76,"5,505,418","307,300","14,397,568"
087800002014,878,08780000,Tri County Regional Vocational Technical,2014,964,"14,698,799","9,224,159",36.03,"5,529,518",0,"14,753,677"
087800002015,878,08780000,Tri County Regional Vocational Technical,2015,975,"15,102,844","9,768,353",33.66,"5,553,893",0,"15,322,246"
087800002016,878,08780000,Tri County Regional Vocational Technical,2016,954,"15,108,183","10,085,613",32.74,"5,577,743",0,"15,663,356"
087800002017,878,08780000,Tri County Regional Vocational Technical,2017,957,"15,221,337","10,205,482",33.17,"5,630,378",0,"15,835,860"
087800002018,878,08780000,Tri County Regional Vocational Technical,2018,963,"15,811,834","10,767,622",31.79,"5,659,268",0,"16,426,890"
087800002019,878,08780000,Tri County Regional Vocational Technical,2019,938,"15,797,799","10,833,554",31.33,"5,687,408",0,"16,520,962"
087800002020,878,08780000,Tri County Regional Vocational Technical,2020,981,"17,150,335","11,677,869",31.63,"5,716,838",0,"17,394,707"
087800002021,878,08780000,Tri County Regional Vocational Technical,2021,930,"16,446,456","11,583,064",29.57,"5,716,838",0,"17,299,902"
087800002022,878,08780000,Tri County Regional Vocational Technical,2022,905,"16,893,469","12,199,549",27.24,"5,743,988",0,"17,943,537"
087900002007,879,08790000,Upper Cape Cod Regional Vocational Technical,2007,641,"7,871,760","6,175,413",29.40,"2,762,062",0,"8,937,475"
087900002008,879,08790000,Upper Cape Cod Regional Vocational Technical,2008,647,"8,334,135","6,672,582",26.53,"2,884,730",0,"9,557,312"
087900002009,879,08790000,Upper Cape Cod Regional Vocational Technical,2009,670,"9,055,851","7,109,422",25.69,"3,070,139",0,"10,179,561"
087900002010,879,08790000,Upper Cape Cod Regional Vocational Technical,2010,670,"9,359,958","7,254,471",27.04,"3,008,736",0,"10,263,207"
087900002011,879,08790000,Upper Cape Cod Regional Vocational Technical,2011,689,"9,469,840","7,444,031",26.70,"2,832,966",0,"10,276,997"
087900002012,879,08790000,Upper Cape Cod Regional Vocational Technical,2012,692,"9,659,521","7,711,247",26.63,"2,848,175",0,"10,559,422"
087900002013,879,08790000,Upper Cape Cod Regional Vocational Technical,2013,664,"9,618,705","7,624,553",26.99,"2,874,735",0,"10,499,288"
087900002014,879,08790000,Upper Cape Cod Regional Vocational Technical,2014,686,"10,084,443","8,024,477",26.89,"2,891,885",0,"10,916,362"
087900002015,879,08790000,Upper Cape Cod Regional Vocational Technical,2015,703,"10,314,759","8,119,608",25.41,"2,909,460",0,"11,029,068"
087900002016,879,08790000,Upper Cape Cod Regional Vocational Technical,2016,722,"11,054,587","8,517,332",26.07,"2,927,510",0,"11,444,842"
087900002017,879,08790000,Upper Cape Cod Regional Vocational Technical,2017,741,"11,535,664","8,638,647",26.07,"2,968,265",0,"11,606,912"
087900002018,879,08790000,Upper Cape Cod Regional Vocational Technical,2018,739,"11,636,066","8,609,575",26.39,"3,026,491","58,226","11,636,066"
087900002019,879,08790000,Upper Cape Cod Regional Vocational Technical,2019,764,"12,366,494","9,126,256",26.11,"3,240,238","213,747","12,366,494"
087900002020,879,08790000,Upper Cape Cod Regional Vocational Technical,2020,734,"12,375,568","9,213,425",25.47,"3,262,258",0,"12,475,683"
087900002021,879,08790000,Upper Cape Cod Regional Vocational Technical,2021,742,"12,856,564","9,721,410",24.39,"3,262,258",0,"12,983,668"
087900002022,879,08790000,Upper Cape Cod Regional Vocational Technical,2022,761,"13,571,524","10,320,217",23.25,"3,285,088",0,"13,605,305"
088500002007,885,08850000,Whittier Regional Vocational Technical,2007,947,"11,990,774","6,974,949",44.52,"5,032,319","185,892","12,007,268"
088500002008,885,08850000,Whittier Regional Vocational Technical,2008,912,"12,092,901","6,752,086",44.95,"5,340,815","308,496","12,092,901"
088500002009,885,08850000,Whittier Regional Vocational Technical,2009,908,"12,653,763","7,029,551",44.62,"5,624,212","283,397","12,653,763"
088500002010,885,08850000,Whittier Regional Vocational Technical,2010,979,"14,137,619","7,657,177",45.87,"5,511,728",0,"13,168,905"
088500002011,885,08850000,Whittier Regional Vocational Technical,2011,"1,012","14,275,035","7,892,558",46.16,"6,260,014","161,253","14,152,572"
088500002012,885,08850000,Whittier Regional Vocational Technical,2012,"1,062","15,261,656","8,442,171",46.26,"6,819,485","525,865","15,261,656"
088500002013,885,08850000,Whittier Regional Vocational Technical,2013,"1,086","16,269,465","8,729,868",46.94,"7,563,919","720,112","16,293,787"
088500002014,885,08850000,Whittier Regional Vocational Technical,2014,"1,116","16,875,591","9,062,382",47.88,"7,879,915","249,290","16,942,297"
088500002015,885,08850000,Whittier Regional Vocational Technical,2015,"1,135","17,494,788","9,523,686",47.18,"8,010,859","91,187","17,534,545"
088500002016,885,08850000,Whittier Regional Vocational Technical,2016,"1,169","18,310,028","10,028,034",46.84,"8,281,994","271,135","18,310,028"
088500002017,885,08850000,Whittier Regional Vocational Technical,2017,"1,224","19,322,789","10,384,757",46.75,"8,938,032","656,038","19,322,789"
088500002018,885,08850000,Whittier Regional Vocational Technical,2018,"1,228","19,762,413","10,544,137",46.93,"9,218,276","280,244","19,762,413"
088500002019,885,08850000,Whittier Regional Vocational Technical,2019,"1,223","20,237,272","10,694,772",47.12,"9,542,746","324,224","20,237,518"
088500002020,885,08850000,Whittier Regional Vocational Technical,2020,"1,244","21,419,843","11,214,984",46.47,"10,204,859","662,113","21,419,843"
088500002021,885,08850000,Whittier Regional Vocational Technical,2021,"1,256","22,219,393","11,408,976",47.91,"10,835,866","605,558","22,244,842"
088500002022,885,08850000,Whittier Regional Vocational Technical,2022,"1,244","22,987,503","11,920,144",46.34,"11,067,840","231,493","22,987,984"
091000002007,910,09100000,Bristol County Agricultural,2007,379,"4,678,752","2,165,472",51.27,"2,513,280","720,506","4,678,752"
091000002008,910,09100000,Bristol County Agricultural,2008,385,"4,979,099","2,115,459",49.97,"2,863,640","350,360","4,979,099"
091000002009,910,09100000,Bristol County Agricultural,2009,386,"5,282,006","2,203,905",50.57,"3,078,101","214,461","5,282,006"
091000002010,910,09100000,Bristol County Agricultural,2010,378,"5,380,792","2,265,291",50.34,"3,016,539",0,"5,281,830"
091000002011,910,09100000,Bristol County Agricultural,2011,378,"5,285,460","2,486,364",48.01,"2,933,494",0,"5,419,858"
091000002012,910,09100000,Bristol County Agricultural,2012,387,"5,518,473","2,608,341",48.40,"2,949,242",0,"5,557,583"
091000002013,910,09100000,Bristol County Agricultural,2013,374,"5,541,328","2,713,112",47.41,"2,964,202",0,"5,677,314"
091000002014,910,09100000,Bristol County Agricultural,2014,379,"5,650,536","2,907,343",46.87,"2,973,677",0,"5,881,020"
091000002015,910,09100000,Bristol County Agricultural,2015,387,"5,797,631","3,091,923",45.70,"2,983,352",0,"6,075,275"
091000002016,910,09100000,Bristol County Agricultural,2016,384,"5,839,373","3,169,711",45.70,"2,992,952",0,"6,162,663"
091000002017,910,09100000,Bristol County Agricultural,2017,410,"6,281,807","3,336,386",46.17,"3,015,502",0,"6,351,888"
091000002018,910,09100000,Bristol County Agricultural,2018,412,"6,434,258","3,461,793",45.31,"3,027,862",0,"6,489,655"
091000002019,910,09100000,Bristol County Agricultural,2019,389,"6,272,468","3,267,780",46.80,"3,039,532",0,"6,307,312"
091000002020,910,09100000,Bristol County Agricultural,2020,377,"6,469,201","3,230,305",48.31,"3,238,896","199,364","6,469,201"
091000002021,910,09100000,Bristol County Agricultural,2021,378,"6,594,995","3,396,297",47.16,"3,238,896",0,"6,635,193"
091000002022,910,09100000,Bristol County Agricultural,2022,382,"6,769,003","3,495,898",47.01,"3,291,775","34,209","6,787,673"
091300002007,913,09130000,Essex Agricultural Technical,2007,420,"5,226,918","5,539,604",48.95,"3,882,285",0,"9,421,889"
091300002008,913,09130000,Essex Agricultural Technical,2008,439,"5,679,400","5,285,436",48.80,"4,103,096",0,"9,388,532"
091300002009,913,09130000,Essex Agricultural Technical,2009,449,"6,115,917","5,422,401",48.51,"4,314,850",0,"9,737,251"
091300002010,913,09130000,Essex Agricultural Technical,2010,442,"6,281,169","5,508,694",46.64,"4,228,553",0,"9,737,247"
091300002011,913,09130000,Essex Agricultural Technical,2011,462,"6,409,352","5,677,834",45.05,"3,981,521",0,"9,659,355"
091300002012,913,09130000,Essex Agricultural Technical,2012,482,"6,752,847","5,915,043",43.99,"4,002,896",0,"9,917,939"
091300002013,913,09130000,Essex Agricultural Technical,2013,482,"6,958,809","6,012,959",41.67,"4,022,176",0,"10,035,135"
091300002014,913,09130000,Essex Agricultural Technical,2014,479,"7,019,756","6,012,959",42.88,"4,034,151",0,"10,047,110"
091500002007,915,09150000,Norfolk County Agricultural,2007,253,"3,153,664","2,376,238",28.41,"777,426","171,698","3,153,664"
091500002008,915,09150000,Norfolk County Agricultural,2008,253,"3,314,326","2,403,121",29.21,"911,205","133,779","3,314,326"
091500002009,915,09150000,Norfolk County Agricultural,2009,257,"3,538,156","2,513,756",29.42,"1,024,400","113,195","3,538,156"
091500002010,915,09150000,Norfolk County Agricultural,2010,255,"3,601,675","2,554,390",29.76,"1,003,912",0,"3,558,302"
091500002011,915,09150000,Norfolk County Agricultural,2011,261,"3,636,173","2,694,070",28.68,"968,927",0,"3,662,997"
091500002012,915,09150000,Norfolk County Agricultural,2012,273,"3,894,722","2,866,575",29.03,"1,028,147","53,926","3,894,722"
091500002013,915,09150000,Norfolk County Agricultural,2013,269,"4,009,287","2,928,531",28.60,"1,097,231","52,609","4,025,762"
091500002014,915,09150000,Norfolk County Agricultural,2014,267,"4,057,136","3,005,158",28.28,"1,109,763",0,"4,114,921"
091500002015,915,09150000,Norfolk County Agricultural,2015,258,"3,937,649","2,863,375",28.89,"1,119,501",0,"3,982,876"
091500002016,915,09150000,Norfolk County Agricultural,2016,271,"4,240,624","3,129,643",27.64,"1,126,276",0,"4,255,919"
091500002017,915,09150000,Norfolk County Agricultural,2017,286,"4,615,273","3,398,333",27.00,"1,216,940","90,664","4,615,273"
091500002018,915,09150000,Norfolk County Agricultural,2018,279,"4,595,771","3,415,991",25.66,"1,225,310",0,"4,641,301"
091500002019,915,09150000,Norfolk County Agricultural,2019,281,"4,801,803","3,550,450",25.71,"1,251,353","26,043","4,801,803"
091500002020,915,09150000,Norfolk County Agricultural,2020,278,"4,971,876","3,680,317",24.63,"1,291,559","40,206","4,971,876"
091500002021,915,09150000,Norfolk County Agricultural,2021,274,"4,921,620","3,697,896",23.91,"1,291,559",0,"4,989,455"
091500002022,915,09150000,Norfolk County Agricultural,2022,284,"5,268,917","3,999,047",22.60,"1,300,079",0,"5,299,126"
000000002023,999,00000000,State,2023,"903,751","12,890,335,881","7,166,744,291",41.00,"5,997,901,329","475,998,886","13,164,645,620"
000100002023,1,00010000,Abington,2023,"2,238","29,563,171","16,599,047",41.30,"12,964,124","2,105,784","29,563,171"
000200002023,2,00020000,Acton,2023,0,0,0,17.50,0,0,0
000300002023,3,00030000,Acushnet,2023,"1,192","14,410,941","8,355,453",39.21,"6,469,222",0,"14,824,675"
000400002023,4,00040000,Adams,2023,0,0,0,66.99,0,0,0
000500002023,5,00050000,Agawam,2023,"3,420","46,476,255","24,515,018",45.09,"21,961,237","2,011,699","46,476,255"
000600002023,6,00060000,Alford,2023,0,0,0,17.50,0,0,0
000700002023,7,00070000,Amesbury,2023,"1,878","23,505,263","17,438,478",20.39,"9,361,467",0,"26,799,945"
000800002023,8,00080000,Amherst,2023,"1,065","13,429,756","10,461,831",21.23,"6,217,473",0,"16,679,304"
000900002023,9,00090000,Andover,2023,"5,500","67,357,496","55,569,934",17.50,"12,167,131",0,"67,737,065"
001000002023,10,00100000,Arlington,2023,"5,910","69,496,900","53,603,535",17.50,"15,893,365","1,152,257","69,496,900"
001100002023,11,00110000,Ashburnham,2023,0,0,0,53.90,0,0,0
001200002023,12,00120000,Ashby,2023,0,0,0,41.40,0,0,0
001300002023,13,00130000,Ashfield,2023,9,"141,279","110,785",17.50,"93,683",0,"204,468"
001400002023,14,00140000,Ashland,2023,"2,814","33,942,251","24,208,528",23.41,"9,733,723","1,715,280","33,942,251"
001500002023,15,00150000,Athol,2023,0,0,0,71.76,0,0,0
001600002023,16,00160000,Attleboro,2023,"6,237","89,310,930","41,515,915",51.31,"47,795,015","6,271,328","89,310,930"
001700002023,17,00170000,Auburn,2023,"2,425","30,252,650","16,217,482",42.42,"14,035,168","1,750,607","30,252,650"
001800002023,18,00180000,Avon,2023,563,"8,289,242","5,081,884",36.44,"3,207,358","741,789","8,289,242"
001900002023,19,00190000,Ayer,2023,0,0,0,24.48,0,0,0
002000002023,20,00200000,Barnstable,2023,"5,193","75,594,780","56,888,584",17.50,"18,706,196","5,540,730","75,594,780"
002100002023,21,00210000,Barre,2023,0,0,0,61.07,0,0,0
002200002023,22,00220000,Becket,2023,11,"202,094","153,855",17.50,"76,923",0,"230,778"
002300002023,23,00230000,Bedford,2023,"2,624","32,246,556","26,379,003",17.50,"5,867,553","192,916","32,246,556"
002400002023,24,00240000,Belchertown,2023,"2,177","26,384,198","13,099,002",47.90,"14,080,886",0,"27,179,888"
002500002023,25,00250000,Bellingham,2023,"2,158","27,015,991","18,432,465",29.31,"8,837,425",0,"27,269,890"
002600002023,26,00260000,Belmont,2023,"4,449","53,256,083","43,686,648",17.50,"10,158,889",0,"53,845,537"
002700002023,27,00270000,Berkley,2023,725,"8,601,442","4,571,797",44.11,"4,068,938","4,207","8,640,735"
002800002023,28,00280000,Berlin,2023,0,0,0,17.50,0,0,0
002900002023,29,00290000,Bernardston,2023,0,0,0,44.49,0,0,0
003000002023,30,00300000,Beverly,2023,"4,595","58,610,573","45,452,132",17.50,"13,158,441","2,567,527","58,610,573"
003100002023,31,00310000,Billerica,2023,"4,792","57,705,838","46,197,969",17.50,"19,777,194",0,"65,975,163"
003200002023,32,00320000,Blackstone,2023,26,"437,560","213,832",48.41,"234,189",0,"448,021"
003300002023,33,00330000,Blandford,2023,10,"156,977","129,506",17.50,"43,955",0,"173,461"
003400002023,34,00340000,Bolton,2023,0,0,0,17.50,0,0,0
003500002023,35,00350000,Boston,2023,"58,339","1,012,695,286","827,212,576",17.50,"227,236,505",0,"1,054,449,081"
003600002023,36,00360000,Bourne,2023,"1,717","21,855,345","17,827,720",17.50,"5,371,903",0,"23,199,623"
003700002023,37,00370000,Boxborough,2023,10,"171,345","138,436",17.50,"32,909","7,021","171,345"
003800002023,38,00380000,Boxford,2023,729,"8,106,141","6,300,062",17.50,"1,811,833","37,986","8,111,895"
003900002023,39,00390000,Boylston,2023,30,"500,351","412,789",17.50,"113,472",0,"526,261"
004000002023,40,00400000,Braintree,2023,"5,273","68,308,994","48,941,926",21.59,"19,367,068","907,927","68,308,994"
004100002023,41,00410000,Brewster,2023,440,"5,580,575","4,228,204",17.50,"1,352,371","327,462","5,580,575"
004200002023,42,00420000,Bridgewater,2023,10,"156,977","93,380",37.56,"76,248",0,"169,628"
004300002023,43,00430000,Brimfield,2023,256,"3,134,102","1,768,013",39.53,"1,388,436",0,"3,156,449"
004400002023,44,00440000,Brockton,2023,"16,975","276,250,953","52,190,600",77.32,"224,060,353","11,674,822","276,250,953"
004500002023,45,00450000,Brookfield,2023,228,"2,950,079","1,240,313",55.55,"1,721,083","2,363","2,961,396"
004600002023,46,00460000,Brookline,2023,"6,799","82,255,133","67,860,485",17.50,"15,620,467",0,"83,480,952"
004700002023,47,00470000,Buckland,2023,1,"15,698","8,117",45.37,"13,134",0,"21,251"
004800002023,48,00480000,Burlington,2023,"3,470","44,168,133","35,018,289",17.50,"9,149,844","2,045,113","44,168,133"
004900002023,49,00490000,Cambridge,2023,"7,074","105,936,292","87,397,441",17.50,"18,538,851","890,383","105,936,292"
005000002023,50,00500000,Canton,2023,"3,287","40,961,226","33,070,790",17.50,"7,890,436","1,277,301","40,961,226"
005100002023,51,00510000,Carlisle,2023,580,"6,420,143","5,066,173",17.50,"1,353,970","325,147","6,420,143"
005200002023,52,00520000,Carver,2023,"1,513","19,740,695","10,252,128",44.02,"10,144,409",0,"20,396,537"
005300002023,53,00530000,Charlemont,2023,7,"109,884","52,817",49.51,"102,815",0,"155,632"
005400002023,54,00540000,Charlton,2023,1,"15,698","8,363",43.37,"7,335",546,"15,698"
005500002023,55,00550000,Chatham,2023,0,0,0,17.50,0,0,0
005600002023,56,00560000,Chelmsford,2023,"5,047","59,337,599","47,375,444",17.50,"11,962,155","614,047","59,337,599"
005700002023,57,00570000,Chelsea,2023,"7,089","125,093,688","20,484,593",78.15,"104,609,095","9,516,983","125,093,688"
005800002023,58,00580000,Cheshire,2023,2,"31,395","15,812",46.96,"15,583","7,881","31,395"
005900002023,59,00590000,Chester,2023,7,"109,884","57,072",46.54,"72,014",0,"129,086"
006000002023,60,00600000,Chesterfield,2023,17,"296,280","213,654",17.50,"133,594",0,"347,248"
006100002023,61,00610000,Chicopee,2023,"7,202","112,893,440","32,109,426",69.82,"80,784,014","8,288,035","112,893,440"
006200002023,62,00620000,Chilmark,2023,0,0,0,17.50,0,0,0
006300002023,63,00630000,Clarksburg,2023,196,"2,565,631","761,205",67.93,"1,817,095",0,"2,578,300"
006400002023,64,00640000,Clinton,2023,"2,064","29,918,746","12,528,207",55.85,"17,390,539","2,451,877","29,918,746"
006500002023,65,00650000,Cohasset,2023,"1,381","15,911,489","13,126,979",17.50,"2,873,722",0,"16,000,701"
006600002023,66,00660000,Colrain,2023,0,0,0,43.62,0,0,0
006700002023,67,00670000,Concord,2023,"1,977","22,336,390","18,427,522",17.50,"3,916,391","111,097","22,343,913"
006800002023,68,00680000,Conway,2023,78,"1,051,297","810,426",20.90,"633,484",0,"1,443,910"
006900002023,69,00690000,Cummington,2023,5,"78,489","57,133",17.50,"59,811",0,"116,944"
007000002023,70,00700000,Dalton,2023,15,"264,885","125,579",52.21,"236,581",0,"362,160"
007100002023,71,00710000,Danvers,2023,"3,300","39,586,571","31,703,302",17.50,"7,883,269","673,557","39,586,571"
007200002023,72,00720000,Dartmouth,2023,"3,366","42,137,531","33,036,538",17.50,"10,251,151",0,"43,287,689"
007300002023,73,00730000,Dedham,2023,"2,566","33,049,835","26,263,407",17.50,"6,786,428","642,488","33,049,835"
007400002023,74,00740000,Deerfield,2023,284,"3,310,653","2,731,289",17.50,"1,140,193",0,"3,871,482"
007500002023,75,00750000,Dennis,2023,0,0,0,17.50,0,0,0
007600002023,76,00760000,Dighton,2023,0,0,0,46.05,0,0,0
007700002023,77,00770000,Douglas,2023,"1,114","13,450,769","7,945,377",37.83,"8,859,605",0,"16,804,982"
007800002023,78,00780000,Dover,2023,485,"5,377,259","4,436,239",17.50,"941,020","54,678","5,377,259"
007900002023,79,00790000,Dracut,2023,"3,936","50,418,701","26,100,541",44.77,"24,318,160","3,304,749","50,418,701"
008000002023,80,00800000,Dudley,2023,0,0,0,57.87,0,0,0
008100002023,81,00810000,Dunstable,2023,0,0,0,17.50,0,0,0
008200002023,82,00820000,Duxbury,2023,"2,738","31,970,863","25,660,838",17.50,"6,310,025","846,077","31,970,863"
008300002023,83,00830000,East Bridgewater,2023,"2,074","25,682,683","13,482,733",44.47,"12,199,950","1,142,815","25,682,683"
008400002023,84,00840000,East Brookfield,2023,15,"264,885","139,226",43.29,"186,676",0,"325,902"
008500002023,85,00850000,Eastham,2023,199,"2,709,776","2,235,566",17.50,"474,210","68,134","2,709,776"
008600002023,86,00860000,Easthampton,2023,"1,608","21,391,869","13,077,217",32.70,"8,314,652","236,060","21,391,869"
008700002023,87,00870000,East Longmeadow,2023,"2,535","31,009,727","17,979,103",38.92,"13,030,624","854,666","31,009,727"
008800002023,88,00880000,Easton,2023,"3,345","39,647,571","31,564,199",17.50,"10,450,341",0,"42,014,540"
008900002023,89,00890000,Edgartown,2023,425,"5,932,989","4,894,716",17.50,"1,038,273","120,593","5,932,989"
009000002023,90,00900000,Egremont,2023,0,0,0,17.50,0,0,0
009100002023,91,00910000,Erving,2023,205,"2,504,088","2,013,666",17.50,"490,422","12,707","2,504,088"
009200002023,92,00920000,Essex,2023,0,0,0,17.50,0,0,0
009300002023,93,00930000,Everett,2023,"7,437","131,079,662","38,446,657",67.55,"92,633,005","8,297,084","131,079,662"
009400002023,94,00940000,Fairhaven,2023,"1,679","22,300,571","13,273,418",35.49,"9,027,153","684,113","22,300,571"
009500002023,95,00950000,Fall River,2023,"12,103","204,753,290","36,332,032",78.23,"168,421,258","23,238,415","204,753,290"
009600002023,96,00960000,Falmouth,2023,"3,025","41,087,216","32,002,344",17.50,"9,084,872","2,213,663","41,087,216"
009700002023,97,00970000,Fitchburg,2023,"5,658","88,839,003","20,577,723",74.19,"68,261,280","7,010,097","88,839,003"
009800002023,98,00980000,Florida,2023,64,"969,372","458,631",41.65,"556,297",0,"1,014,928"
009900002023,99,00990000,Foxborough,2023,"2,543","32,116,850","25,779,824",17.50,"9,275,820",0,"35,055,644"
010000002023,100,01000000,Framingham,2023,"9,344","139,318,257","70,464,780",46.10,"68,853,477","11,819,162","139,318,257"
010100002023,101,01010000,Franklin,2023,"5,180","62,458,713","44,800,360",24.70,"28,885,721",0,"73,686,081"
010200002023,102,01020000,Freetown,2023,60,"1,030,121","716,199",28.35,"461,524",0,"1,177,723"
010300002023,103,01030000,Gardner,2023,"2,284","34,029,130","10,721,731",66.50,"23,307,399","2,235,389","34,029,130"
010400002023,104,01040000,Aquinnah,2023,0,0,0,17.50,0,0,0
010500002023,105,01050000,Georgetown,2023,"1,247","14,264,534","11,007,817",20.68,"5,639,758",0,"16,647,575"
010600002023,106,01060000,Gill,2023,0,0,0,39.72,0,0,0
010700002023,107,01070000,Gloucester,2023,"3,051","43,648,880","33,989,778",17.50,"9,659,102","2,774,133","43,648,880"
010800002023,108,01080000,Goshen,2023,8,"125,582","71,786",39.30,"96,381",0,"168,167"
010900002023,109,01090000,Gosnold,2023,1,"8,619","7,111",17.49,"8,404",0,"15,515"
011000002023,110,01100000,Grafton,2023,"3,053","36,001,738","23,384,218",31.35,"12,617,520","1,267,121","36,001,738"
011100002023,111,01110000,Granby,2023,663,"8,631,463","5,431,578",34.12,"4,725,110",0,"10,156,688"
011200002023,112,01120000,Granville,2023,0,0,0,24.70,0,0,0
011300002023,113,01130000,Great Barrington,2023,0,0,0,17.50,0,0,0
011400002023,114,01140000,Greenfield,2023,"1,848","26,326,536","10,621,969",57.23,"15,704,567","1,746,476","26,326,536"
011500002023,115,01150000,Groton,2023,0,0,0,17.50,0,0,0
011600002023,116,01160000,Groveland,2023,8,"125,582","92,564",22.28,"65,470",0,"158,034"
011700002023,117,01170000,Hadley,2023,473,"6,025,431","4,970,980",17.50,"1,322,740",0,"6,293,720"
011800002023,118,01180000,Halifax,2023,604,"7,179,616","4,006,503",36.53,"3,173,113","91,271","7,179,616"
011900002023,119,01190000,Hamilton,2023,0,0,0,17.50,0,0,0
012000002023,120,01200000,Hampden,2023,0,0,0,17.50,0,0,0
012100002023,121,01210000,Hancock,2023,81,"1,024,022","729,685",17.50,"294,337","46,856","1,024,022"
012200002023,122,01220000,Hanover,2023,"2,528","29,637,167","22,439,160",21.84,"7,309,583","97,688","29,748,743"
012300002023,123,01230000,Hanson,2023,3,"47,093","28,410",35.13,"18,683","3,995","47,093"
012400002023,124,01240000,Hardwick,2023,2,"31,395","11,967",58.60,"28,114",0,"40,081"
012500002023,125,01250000,Harvard,2023,873,"9,947,885","8,018,632",17.50,"2,061,331",0,"10,079,963"
012600002023,126,01260000,Harwich,2023,0,0,0,17.50,0,0,0
012700002023,127,01270000,Hatfield,2023,331,"4,125,023","3,287,596",17.50,"876,136",0,"4,163,732"
012800002023,128,01280000,Haverhill,2023,"8,252","121,331,843","47,425,533",57.56,"73,906,310","8,923,874","121,331,843"
012900002023,129,01290000,Hawley,2023,4,"62,791","51,375",17.50,"13,300",0,"64,675"
013000002023,130,01300000,Heath,2023,0,0,0,59.38,0,0,0
013100002023,131,01310000,Hingham,2023,"3,879","45,163,142","37,259,592",17.50,"8,306,773",0,"45,566,365"
013200002023,132,01320000,Hinsdale,2023,7,"109,884","85,327",17.50,"104,923",0,"190,250"
013300002023,133,01330000,Holbrook,2023,"1,338","18,684,758","8,938,395",47.96,"9,746,363","970,075","18,684,758"
013400002023,134,01340000,Holden,2023,1,"15,698","8,905",40.69,"6,793",430,"15,698"
013500002023,135,01350000,Holland,2023,171,"2,386,919","1,401,973",37.97,"984,946","46,708","2,386,919"
013600002023,136,01360000,Holliston,2023,"2,724","31,404,798","22,733,659",17.50,"8,671,139","656,803","31,404,798"
013700002023,137,01370000,Holyoke,2023,"6,033","101,613,349","11,842,864",80.20,"89,770,485","6,916,607","101,613,349"
013800002023,138,01380000,Hopedale,2023,899,"11,008,175","6,377,665",38.22,"6,168,750",0,"12,546,415"
013900002023,139,01390000,Hopkinton,2023,"3,996","46,722,628","37,984,044",17.50,"8,738,584","688,163","46,722,628"
014000002023,140,01400000,Hubbardston,2023,0,0,0,41.72,0,0,0
014100002023,141,01410000,Hudson,2023,"2,432","31,921,912","20,140,158",33.10,"12,241,726",0,"32,381,884"
014200002023,142,01420000,Hull,2023,821,"10,651,126","8,780,091",17.50,"3,948,836",0,"12,728,927"
014300002023,143,01430000,Huntington,2023,26,"437,560","185,653",55.61,"258,496",0,"444,149"
014400002023,144,01440000,Ipswich,2023,"1,602","19,884,295","15,849,509",17.50,"4,034,786","654,896","19,884,295"
014500002023,145,01450000,Kingston,2023,"1,094","13,087,069","8,280,400",33.18,"4,806,669","401,804","13,087,069"
014600002023,146,01460000,Lakeville,2023,11,"202,094","132,585",30.75,"86,418",0,"219,003"
014700002023,147,01470000,Lancaster,2023,2,"31,395","21,168",30.05,"10,227","5,533","31,395"
014800002023,148,01480000,Lanesborough,2023,0,0,0,40.13,0,0,0
014900002023,149,01490000,Lawrence,2023,"14,593","253,714,475","13,007,684",84.91,"240,706,791","18,163,277","253,714,475"
015000002023,150,01500000,Lee,2023,560,"7,917,418","6,383,000",17.50,"2,136,039",0,"8,519,039"
015100002023,151,01510000,Leicester,2023,"1,465","19,402,051","9,299,222",49.70,"10,102,829","256,592","19,402,051"
015200002023,152,01520000,Lenox,2023,475,"6,111,653","5,042,114",17.50,"1,315,905",0,"6,358,019"
015300002023,153,01530000,Leominster,2023,"5,976","91,159,936","33,607,699",60.53,"57,552,237","8,163,431","91,159,936"
015400002023,154,01540000,Leverett,2023,112,"1,361,700","970,792",17.50,"390,908","92,247","1,361,700"
015500002023,155,01550000,Lexington,2023,"6,850","84,119,412","69,398,514",17.50,"15,058,494","73,404","84,457,008"
015600002023,156,01560000,Leyden,2023,0,0,0,17.50,0,0,0
015700002023,157,01570000,Lincoln,2023,607,"7,110,979","5,866,558",17.50,"1,244,421","52,912","7,110,979"
015800002023,158,01580000,Littleton,2023,"1,624","18,465,846","14,142,192",17.50,"4,323,654","238,296","18,465,846"
015900002023,159,01590000,Longmeadow,2023,"2,742","31,528,951","25,041,585",17.50,"6,487,366","736,934","31,528,951"
016000002023,160,01600000,Lowell,2023,"16,103","257,876,445","56,906,426",74.16,"200,970,019","22,416,531","257,876,445"
016100002023,161,01610000,Ludlow,2023,"2,311","30,691,074","17,421,395",41.48,"14,006,073",0,"31,427,468"
016200002023,162,01620000,Lunenburg,2023,"1,671","20,056,630","11,334,402",38.74,"8,722,228","898,610","20,056,630"
016300002023,163,01630000,Lynn,2023,"17,808","299,740,597","57,821,484",76.66,"241,919,113","28,684,754","299,740,597"
016400002023,164,01640000,Lynnfield,2023,"2,177","25,488,528","20,492,517",17.50,"4,996,011","526,130","25,488,528"
016500002023,165,01650000,Malden,2023,"6,803","105,452,144","51,377,517",42.11,"54,074,627","2,660,774","105,452,144"
016600002023,166,01660000,Manchester,2023,0,0,0,17.50,0,0,0
016700002023,167,01670000,Mansfield,2023,"3,529","43,764,979","31,365,406",23.09,"19,282,049",0,"50,647,455"
016800002023,168,01680000,Marblehead,2023,"2,659","30,912,361","25,502,698",17.50,"6,194,847",0,"31,697,545"
016900002023,169,01690000,Marion,2023,409,"4,816,494","3,774,727",17.50,"1,041,767","169,333","4,816,494"
017000002023,170,01700000,Marlborough,2023,"5,218","77,315,387","39,639,041",44.63,"37,676,346","6,487,462","77,315,387"
017100002023,171,01710000,Marshfield,2023,"3,794","47,025,006","37,291,361",17.50,"15,006,223",0,"52,297,584"
017200002023,172,01720000,Mashpee,2023,"1,458","19,613,343","15,743,229",17.50,"4,772,946",0,"20,516,175"
017300002023,173,01730000,Mattapoisett,2023,424,"4,913,934","3,933,553",17.50,"980,381","129,016","4,913,934"
017400002023,174,01740000,Maynard,2023,"1,239","16,124,411","11,396,750",26.50,"5,554,961",0,"16,951,711"
017500002023,175,01750000,Medfield,2023,"2,429","28,101,469","22,588,503",17.50,"6,507,474",0,"29,095,977"
017600002023,176,01760000,Medford,2023,"4,455","64,950,374","51,012,133",17.50,"13,938,241","1,662,515","64,950,374"
017700002023,177,01770000,Medway,2023,"2,121","25,231,554","18,439,545",23.94,"10,691,349",0,"29,130,894"
017800002023,178,01780000,Melrose,2023,"3,972","47,377,571","37,697,349",17.50,"9,680,222","1,048,306","47,377,571"
017900002023,179,01790000,Mendon,2023,7,"109,884","82,330",21.14,"36,016",0,"118,346"
018000002023,180,01800000,Merrimac,2023,11,"202,094","145,289",17.50,"56,805","9,031","202,094"
018100002023,181,01810000,Methuen,2023,"6,737","99,305,682","42,704,657",53.83,"56,601,025","7,953,852","99,305,682"
018200002023,182,01820000,Middleborough,2023,"3,113","40,901,732","20,691,229",46.98,"20,210,503","2,141,264","40,901,732"
018300002023,183,01830000,Middlefield,2023,3,"47,093","38,852",17.50,"13,290",0,"52,142"
018400002023,184,01840000,Middleton,2023,685,"7,809,076","6,381,487",17.50,"1,726,991",0,"8,108,478"
018500002023,185,01850000,Milford,2023,"4,521","66,524,190","27,110,718",56.84,"39,413,472","6,966,801","66,524,190"
018600002023,186,01860000,Millbury,2023,"1,618","20,670,956","12,891,181",33.88,"8,024,392",0,"20,915,573"
018700002023,187,01870000,Millis,2023,"1,064","12,954,292","9,957,083",20.57,"4,926,682",0,"14,883,765"
018800002023,188,01880000,Millville,2023,9,"141,279","67,617",49.62,"73,662","1,855","141,279"
018900002023,189,01890000,Milton,2023,"4,316","51,259,127","40,535,520",17.50,"10,723,607","1,026,132","51,259,127"
019000002023,190,01900000,Monroe,2023,22,"226,092","85,510",59.03,"140,582","65,080","226,092"
019100002023,191,01910000,Monson,2023,852,"11,078,295","6,264,895",41.71,"7,618,685",0,"13,883,580"
019200002023,192,01920000,Montague,2023,0,0,0,54.32,0,0,0
019300002023,193,01930000,Monterey,2023,0,0,0,17.50,0,0,0
019400002023,194,01940000,Montgomery,2023,3,"47,093","38,310",17.50,"21,162",0,"59,472"
019500002023,195,01950000,Mount Washington,2023,5,"47,889","39,508",17.50,"8,381",460,"47,889"
019600002023,196,01960000,Nahant,2023,252,"2,856,293","2,356,441",17.50,"546,523",0,"2,902,964"
019700002023,197,01970000,Nantucket,2023,"1,668","22,613,558","18,656,185",17.50,"3,957,373","307,234","22,613,558"
019800002023,198,01980000,Natick,2023,"5,284","61,356,636","49,137,791",17.50,"12,218,845","1,856,063","61,356,636"
019900002023,199,01990000,Needham,2023,"5,565","66,681,600","54,310,286",17.50,"12,371,314","1,178,701","66,681,600"
020000002023,200,02000000,New Ashford,2023,21,"236,678","195,260",17.50,"180,257",0,"375,517"
020100002023,201,02010000,New Bedford,2023,"14,011","233,389,315","34,303,277",79.71,"199,086,038","25,339,454","233,389,315"
020200002023,202,02020000,New Braintree,2023,2,"31,395","18,664",39.39,"17,386",0,"36,050"
020300002023,203,02030000,Newbury,2023,2,"32,378","24,501",17.50,"16,934",0,"41,435"
020400002023,204,02040000,Newburyport,2023,"2,195","25,407,535","20,726,102",17.50,"4,681,433","379,231","25,407,535"
020500002023,205,02050000,New Marlborough,2023,0,0,0,17.50,0,0,0
020600002023,206,02060000,New Salem,2023,0,0,0,38.99,0,0,0
020700002023,207,02070000,Newton,2023,"12,007","148,413,207","122,440,896",17.50,"26,212,526","480,205","148,653,422"
020800002023,208,02080000,Norfolk,2023,"1,023","11,453,636","9,052,188",17.50,"3,551,805",0,"12,603,993"
020900002023,209,02090000,North Adams,2023,"1,323","20,196,371","5,276,853",73.00,"14,919,518","1,070,575","20,196,371"
021000002023,210,02100000,Northampton,2023,"2,676","33,723,796","26,638,955",17.50,"7,798,609",0,"34,437,564"
021100002023,211,02110000,North Andover,2023,"4,547","54,375,769","43,673,850",17.50,"10,701,919","1,403,822","54,375,769"
021200002023,212,02120000,North Attleborough,2023,"4,114","49,368,540","30,579,150",35.45,"21,051,671",0,"51,630,821"
021300002023,213,02130000,Northborough,2023,"1,590","18,027,329","14,581,324",17.50,"4,135,910",0,"18,717,234"
021400002023,214,02140000,Northbridge,2023,"2,024","26,403,427","13,630,647",45.05,"15,786,061",0,"29,416,708"
021500002023,215,02150000,North Brookfield,2023,585,"7,789,173","3,255,249",54.84,"4,533,924","225,896","7,789,173"
021600002023,216,02160000,Northfield,2023,1,"15,698","11,109",25.47,"4,589",573,"15,698"
021700002023,217,02170000,North Reading,2023,"2,248","27,056,350","21,810,649",17.50,"7,356,107",0,"29,166,756"
021800002023,218,02180000,Norton,2023,"2,213","27,305,331","19,965,440",24.66,"13,029,200",0,"32,994,640"
021900002023,219,02190000,Norwell,2023,"2,119","24,690,513","19,938,599",17.50,"4,751,914","659,529","24,690,513"
022000002023,220,02200000,Norwood,2023,"3,521","48,677,499","35,990,878",17.50,"12,686,621","3,414,809","48,677,499"
022100002023,221,02210000,Oak Bluffs,2023,451,"6,081,567","4,486,599",17.50,"1,594,968","404,834","6,081,567"
022200002023,222,02220000,Oakham,2023,0,0,0,40.75,0,0,0
022300002023,223,02230000,Orange,2023,590,"8,547,481","2,251,919",71.35,"6,295,562","847,556","8,547,481"
022400002023,224,02240000,Orleans,2023,169,"2,265,528","1,869,061",17.50,"445,614",0,"2,314,675"
022500002023,225,02250000,Otis,2023,0,0,0,17.50,0,0,0
022600002023,226,02260000,Oxford,2023,"1,571","21,026,624","10,588,629",47.21,"10,708,044",0,"21,296,673"
022700002023,227,02270000,Palmer,2023,"1,297","18,251,117","7,077,995",60.28,"11,173,122","217,942","18,251,117"
022800002023,228,02280000,Paxton,2023,0,0,0,35.00,0,0,0
022900002023,229,02290000,Peabody,2023,"5,940","83,523,634","52,837,629",30.67,"30,686,005","7,582,723","83,523,634"
023000002023,230,02300000,Pelham,2023,65,"789,892","635,687",17.50,"244,483",0,"880,170"
023100002023,231,02310000,Pembroke,2023,"2,700","33,225,729","22,712,411",27.49,"13,852,952",0,"36,565,363"
023200002023,232,02320000,Pepperell,2023,0,0,0,36.60,0,0,0
023300002023,233,02330000,Peru,2023,10,"156,977","73,240",48.25,"90,112",0,"163,352"
023400002023,234,02340000,Petersham,2023,65,"934,129","553,478",37.35,"441,433",0,"994,911"
023500002023,235,02350000,Phillipston,2023,0,0,0,42.78,0,0,0
023600002023,236,02360000,Pittsfield,2023,"5,618","84,729,485","30,474,674",61.75,"54,254,811","4,594,226","84,729,485"
023700002023,237,02370000,Plainfield,2023,5,"78,489","60,901",18.84,"27,794",0,"88,695"
023800002023,238,02380000,Plainville,2023,670,"8,036,460","5,785,122",21.57,"2,987,741",0,"8,772,863"
023900002023,239,02390000,Plymouth,2023,"7,768","104,649,212","79,081,066",21.02,"27,066,867",0,"106,147,933"
024000002023,240,02400000,Plympton,2023,248,"2,979,879","2,095,520",26.54,"884,359","137,469","2,979,879"
024100002023,241,02410000,Princeton,2023,1,"15,698","12,201",17.50,"3,497",866,"15,698"
024200002023,242,02420000,Provincetown,2023,97,"1,535,068","1,266,431",17.50,"299,571",0,"1,566,002"
024300002023,243,02430000,Quincy,2023,"9,460","146,803,428","111,395,437",17.50,"35,407,991","3,535,659","146,803,428"
024400002023,244,02440000,Randolph,2023,"3,107","47,526,056","24,874,680",41.90,"22,651,376","1,984,075","47,526,056"
024500002023,245,02450000,Raynham,2023,0,0,0,38.88,0,0,0
024600002023,246,02460000,Reading,2023,"3,699","43,201,150","35,640,949",17.50,"11,171,799",0,"46,812,748"
024700002023,247,02470000,Rehoboth,2023,0,0,0,17.50,0,0,0
024800002023,248,02480000,Revere,2023,"7,735","125,462,678","41,009,518",60.49,"84,453,160","3,502,294","125,462,678"
024900002023,249,02490000,Richmond,2023,122,"1,633,317","1,118,062",17.50,"515,255","147,246","1,633,317"
025000002023,250,02500000,Rochester,2023,522,"6,070,731","3,686,389",33.46,"2,384,342","312,303","6,070,731"
025100002023,251,02510000,Rockland,2023,"2,187","31,695,075","15,340,167",49.23,"16,354,908","1,554,847","31,695,075"
025200002023,252,02520000,Rockport,2023,593,"7,658,338","6,318,129",17.50,"1,555,526",0,"7,873,655"
025300002023,253,02530000,Rowe,2023,44,"687,426","567,127",17.50,"143,705",0,"710,832"
025400002023,254,02540000,Rowley,2023,9,"145,590","110,941",17.50,"34,649","9,173","145,590"
025500002023,255,02550000,Royalston,2023,0,0,0,46.19,0,0,0
025600002023,256,02560000,Russell,2023,19,"327,676","136,549",50.87,"207,425",0,"343,974"
025700002023,257,02570000,Rutland,2023,0,0,0,52.45,0,0,0
025800002023,258,02580000,Salem,2023,"4,139","62,736,825","39,750,153",29.33,"26,184,942",0,"65,935,095"
025900002023,259,02590000,Salisbury,2023,2,"31,395","24,408",17.50,"14,443",0,"38,851"
026000002023,260,02600000,Sandisfield,2023,0,0,0,17.50,0,0,0
026100002023,261,02610000,Sandwich,2023,"2,422","29,279,715","23,596,865",17.50,"7,371,508",0,"30,968,373"
026200002023,262,02620000,Saugus,2023,"2,744","37,560,632","28,130,603",17.50,"9,430,029","3,080,857","37,560,632"
026300002023,263,02630000,Savoy,2023,45,"652,497","427,939",31.62,"519,899",0,"947,838"
026400002023,264,02640000,Scituate,2023,"2,787","32,814,595","26,600,278",17.50,"6,281,773","99,764","32,882,051"
026500002023,265,02650000,Seekonk,2023,"2,087","24,525,300","17,348,780",26.62,"7,176,520","409,817","24,525,300"
026600002023,266,02660000,Sharon,2023,"3,525","42,035,594","32,315,527",20.03,"9,720,067","1,191,531","42,035,594"
026700002023,267,02670000,Sheffield,2023,0,0,0,17.50,0,0,0
026800002023,268,02680000,Shelburne,2023,0,0,0,25.35,0,0,0
026900002023,269,02690000,Sherborn,2023,401,"4,431,919","3,656,333",17.50,"775,586","48,769","4,431,919"
027000002023,270,02700000,Shirley,2023,0,0,0,35.36,0,0,0
027100002023,271,02710000,Shrewsbury,2023,"6,003","70,918,717","55,216,447",17.50,"20,613,148",0,"75,829,595"
027200002023,272,02720000,Shutesbury,2023,100,"1,228,431","719,067",37.91,"639,326",0,"1,358,393"
027300002023,273,02730000,Somerset,2023,"1,688","20,421,920","10,007,089",46.52,"10,414,831","1,268,669","20,421,920"
027400002023,274,02740000,Somerville,2023,"5,011","80,143,331","66,118,248",17.50,"20,939,048",0,"87,057,296"
027500002023,275,02750000,Southampton,2023,480,"5,851,647","3,885,985",25.44,"2,593,726",0,"6,479,711"
027600002023,276,02760000,Southborough,2023,"1,174","13,166,912","10,631,673",17.50,"3,091,171",0,"13,722,844"
027700002023,277,02770000,Southbridge,2023,"2,159","34,733,983","8,618,946",73.64,"26,115,037","2,416,966","34,733,983"
027800002023,278,02780000,South Hadley,2023,"1,864","24,351,461","14,674,595",36.83,"9,676,866","1,090,917","24,351,461"
027900002023,279,02790000,Southwick,2023,0,0,0,29.60,0,0,0
028000002023,280,02800000,Spencer,2023,3,"47,093","21,605",50.23,"30,998",0,"52,603"
028100002023,281,02810000,Springfield,2023,"28,613","483,882,872","44,717,025",84.69,"439,165,847","35,816,933","483,882,872"
028200002023,282,02820000,Sterling,2023,2,"31,395","25,217",17.50,"6,178",816,"31,395"
028300002023,283,02830000,Stockbridge,2023,0,0,0,17.50,0,0,0
028400002023,284,02840000,Stoneham,2023,"2,369","29,345,841","23,608,286",17.50,"5,737,555","399,924","29,345,841"
028500002023,285,02850000,Stoughton,2023,"3,607","50,610,298","29,115,684",37.95,"21,494,614","4,259,437","50,610,298"
028600002023,286,02860000,Stow,2023,0,0,0,17.50,0,0,0
028700002023,287,02870000,Sturbridge,2023,846,"9,620,722","5,377,239",39.90,"4,243,483","372,729","9,620,722"
028800002023,288,02880000,Sudbury,2023,"2,491","26,839,555","21,886,829",17.50,"5,215,698",0,"27,102,527"
028900002023,289,02890000,Sunderland,2023,161,"2,091,284","1,575,365",20.95,"886,728",0,"2,462,093"
029000002023,290,02900000,Sutton,2023,"1,236","14,448,148","11,629,509",17.50,"5,591,685",0,"17,221,194"
029100002023,291,02910000,Swampscott,2023,"2,029","24,578,055","20,086,942",17.50,"4,631,706",0,"24,718,648"
029200002023,292,02920000,Swansea,2023,"2,057","25,270,426","15,443,111",36.93,"9,827,315","632,073","25,270,426"
029300002023,293,02930000,Taunton,2023,"7,940","118,729,148","40,100,760",64.19,"78,628,388","9,731,448","118,729,148"
029400002023,294,02940000,Templeton,2023,0,0,0,61.51,0,0,0
029500002023,295,02950000,Tewksbury,2023,"3,228","38,546,581","30,874,054",17.50,"13,617,575",0,"44,491,629"
029600002023,296,02960000,Tisbury,2023,351,"4,872,086","3,860,887",17.50,"1,011,199","141,398","4,872,086"
029700002023,297,02970000,Tolland,2023,0,0,0,17.50,0,0,0
029800002023,298,02980000,Topsfield,2023,572,"6,327,129","4,950,549",17.50,"1,376,580","121,297","6,327,129"
029900002023,299,02990000,Townsend,2023,0,0,0,47.27,0,0,0
030000002023,300,03000000,Truro,2023,185,"2,317,886","1,912,256",17.50,"419,516",0,"2,331,772"
030100002023,301,03010000,Tyngsborough,2023,"1,664","20,161,772","13,501,934",30.18,"7,557,694",0,"21,059,628"
030200002023,302,03020000,Tyringham,2023,32,"325,767","268,758",17.50,"57,162",0,"325,920"
030300002023,303,03030000,Upton,2023,5,"78,489","59,336",20.51,"39,979",0,"99,315"
030400002023,304,03040000,Uxbridge,2023,"1,652","20,484,523","13,953,398",29.74,"9,588,524",0,"23,541,922"
030500002023,305,03050000,Wakefield,2023,"3,362","40,977,611","33,133,651",17.50,"7,843,960","997,041","40,977,611"
030600002023,306,03060000,Wales,2023,133,"1,787,636","616,948",63.24,"1,170,688","166,058","1,787,636"
030700002023,307,03070000,Walpole,2023,"3,569","43,228,474","34,931,941",17.50,"8,504,201","6,472","43,436,142"
030800002023,308,03080000,Waltham,2023,"5,519","87,977,903","69,072,135",17.50,"18,905,768","3,198,799","87,977,903"
030900002023,309,03090000,Ware,2023,"1,264","17,965,623","5,630,390",67.32,"12,335,233","1,132,423","17,965,623"
031000002023,310,03100000,Wareham,2023,"2,329","34,329,630","20,639,982",36.53,"13,689,648","239,848","34,329,630"
031100002023,311,03110000,Warren,2023,1,"15,698","4,781",68.48,"10,917","10,917","15,698"
031200002023,312,03120000,Warwick,2023,0,0,0,32.13,0,0,0
031300002023,313,03130000,Washington,2023,0,0,0,28.00,0,0,0
031400002023,314,03140000,Watertown,2023,"2,595","36,321,234","29,965,018",17.50,"6,356,216","419,411","36,321,234"
031500002023,315,03150000,Wayland,2023,"2,655","30,979,999","24,877,273",17.50,"6,102,726","723,552","30,979,999"
031600002023,316,03160000,Webster,2023,"1,897","29,048,367","12,256,734",54.02,"16,791,633","2,124,677","29,048,367"
031700002023,317,03170000,Wellesley,2023,"4,308","51,015,283","42,087,609",17.50,"9,665,964",0,"51,753,573"
031800002023,318,03180000,Wellfleet,2023,131,"1,688,190","1,392,757",17.50,"295,433","71,773","1,688,190"
031900002023,319,03190000,Wendell,2023,0,0,0,58.75,0,0,0
032000002023,320,03200000,Wenham,2023,0,0,0,17.50,0,0,0
032100002023,321,03210000,Westborough,2023,"3,836","45,181,194","33,675,087",22.38,"11,506,107","316,104","45,181,194"
032200002023,322,03220000,West Boylston,2023,825,"10,560,011","8,098,019",20.43,"3,108,465",0,"11,206,484"
032300002023,323,03230000,West Bridgewater,2023,"1,099","13,585,538","8,270,877",36.55,"5,314,661","744,672","13,585,538"
032400002023,324,03240000,West Brookfield,2023,27,"453,258","246,970",43.20,"328,719",0,"575,689"
032500002023,325,03250000,Westfield,2023,"4,878","69,264,757","30,194,266",54.16,"39,070,491","1,614,718","69,264,757"
032600002023,326,03260000,Westford,2023,"4,491","51,138,938","40,088,937",17.50,"17,551,275",0,"57,640,212"
032700002023,327,03270000,Westhampton,2023,98,"1,276,796","1,028,968",17.50,"486,110",0,"1,515,078"
032800002023,328,03280000,Westminster,2023,0,0,0,43.37,0,0,0
032900002023,329,03290000,West Newbury,2023,2,"31,395","25,174",17.50,"6,221",958,"31,395"
033000002023,330,03300000,Weston,2023,"1,965","23,331,117","19,248,171",17.50,"4,124,960","75,886","23,373,131"
033100002023,331,03310000,Westport,2023,"1,543","19,394,382","14,765,539",17.50,"4,696,172","25,251","19,461,711"
033200002023,332,03320000,West Springfield,2023,"3,919","57,525,467","21,830,351",58.75,"35,695,116","2,570,000","57,525,467"
033300002023,333,03330000,West Stockbridge,2023,0,0,0,17.50,0,0,0
033400002023,334,03340000,West Tisbury,2023,0,0,0,17.50,0,0,0
033500002023,335,03350000,Westwood,2023,"2,890","33,902,334","27,895,202",17.50,"6,007,132","283,679","33,902,334"
033600002023,336,03360000,Weymouth,2023,"5,885","83,362,016","62,293,612",19.48,"28,964,195",0,"91,257,807"
033700002023,337,03370000,Whately,2023,77,"966,976","730,678",23.17,"271,820",0,"1,002,498"
033800002023,338,03380000,Whitman,2023,14,"249,187","115,290",48.56,"133,897","23,133","249,187"
033900002023,339,03390000,Wilbraham,2023,0,0,0,34.73,0,0,0
034000002023,340,03400000,Williamsburg,2023,172,"2,178,720","1,344,523",34.19,"834,197","48,830","2,178,720"
034100002023,341,03410000,Williamstown,2023,0,0,0,17.50,0,0,0
034200002023,342,03420000,Wilmington,2023,"2,842","34,415,670","27,066,348",17.50,"11,724,230",0,"38,790,578"
034300002023,343,03430000,Winchendon,2023,"1,297","18,305,278","5,813,202",64.76,"12,492,076","962,486","18,305,278"
034400002023,344,03440000,Winchester,2023,"4,388","51,185,910","42,158,204",17.50,"10,016,359",0,"52,174,563"
034500002023,345,03450000,Windsor,2023,4,"62,791","46,140",17.50,"26,462",0,"72,602"
034600002023,346,03460000,Winthrop,2023,"1,912","25,999,605","17,986,284",22.20,"8,013,321","615,208","25,999,605"
034700002023,347,03470000,Woburn,2023,"4,398","60,994,708","48,301,038",17.50,"12,693,670","3,006,293","60,994,708"
034800002023,348,03480000,Worcester,2023,"26,165","430,557,180","114,317,014",70.60,"316,240,166","25,124,519","430,557,180"
034900002023,349,03490000,Worthington,2023,107,"1,326,979","1,027,100",17.50,"365,735",0,"1,392,835"
035000002023,350,03500000,Wrentham,2023,846,"9,667,438","7,781,640",17.50,"3,868,573",0,"11,650,213"
035100002023,351,03510000,Yarmouth,2023,0,0,0,17.50,0,0,0
040600002023,406,04060000,Northampton-Smith Vocational Agricultural,2023,119,"3,397,887","2,684,044",17.50,"923,645",0,"3,607,689"
060000002023,600,06000000,Acton-Boxborough,2023,"5,047","61,160,338","48,377,825",17.50,"15,641,731",0,"64,019,556"
060300002023,603,06030000,Adams-Cheshire,2023,"1,167","16,371,181","5,945,277",61.76,"10,460,113","35,811","16,405,390"
060500002023,605,06050000,Amherst-Pelham,2023,"1,310","17,544,562","13,310,597",22.20,"9,679,957",0,"22,990,554"
061000002023,610,06100000,Ashburnham-Westminster,2023,"2,258","27,181,254","13,193,830",48.23,"13,987,424","1,560,734","27,181,254"
061500002023,615,06150000,Athol-Royalston,2023,"1,759","25,100,228","4,138,714",69.96,"20,961,514","2,798,776","25,100,228"
061600002023,616,06160000,Ayer Shirley,2023,"1,658","20,782,031","14,087,905",29.07,"8,450,171",0,"22,538,076"
061800002023,618,06180000,Berkshire Hills,2023,934,"13,314,695","10,497,795",17.50,"3,017,538",0,"13,515,333"
062000002023,620,06200000,Berlin-Boylston,2023,977,"11,425,016","8,986,309",17.50,"2,438,707","269,673","11,425,016"
062200002023,622,06220000,Blackstone-Millville,2023,"1,628","20,463,628","9,949,334",48.71,"11,133,169",0,"21,082,503"
062500002023,625,06250000,Bridgewater-Raynham,2023,"5,505","67,218,280","39,672,721",38.08,"27,545,559","4,279,327","67,218,280"
063200002023,632,06320000,Chesterfield-Goshen,2023,122,"1,538,719","991,104",28.73,"762,250",0,"1,753,354"
063500002023,635,06350000,Central Berkshire,2023,"1,507","20,199,483","11,643,487",39.62,"8,909,149",0,"20,552,636"
064000002023,640,06400000,Concord-Carlisle,2023,"1,353","17,547,216","14,333,307",17.50,"3,213,909","328,027","17,547,216"
064500002023,645,06450000,Dennis-Yarmouth,2023,"3,184","45,626,329","35,577,617",17.50,"10,048,712","2,141,812","45,626,329"
065000002023,650,06500000,Dighton-Rehoboth,2023,"2,606","31,909,002","21,814,425",30.11,"13,193,246",0,"35,007,671"
065500002023,655,06550000,Dover-Sherborn,2023,"1,197","14,245,103","11,752,210",17.50,"2,492,893","79,379","14,245,103"
065800002023,658,06580000,Dudley-Charlton,2023,"3,333","42,267,946","18,990,742",50.28,"24,788,383",0,"43,779,125"
066000002023,660,06600000,Nauset,2023,"1,209","16,185,146","12,835,323",17.50,"3,635,089",0,"16,470,412"
066200002023,662,06620000,Farmington River,2023,232,"2,843,384","2,231,273",17.50,"612,111","110,861","2,843,384"
066500002023,665,06650000,Freetown-Lakeville,2023,"2,780","33,397,815","22,481,677",29.70,"11,350,423",0,"33,832,100"
067000002023,670,06700000,Frontier,2023,515,"6,777,309","5,342,316",19.71,"2,903,235",0,"8,245,551"
067200002023,672,06720000,Gateway,2023,754,"10,224,750","5,398,856",44.23,"5,727,339",0,"11,126,195"
067300002023,673,06730000,Groton-Dunstable,2023,"2,288","26,006,774","20,809,059",17.50,"11,124,923",0,"31,933,982"
067400002023,674,06740000,Gill-Montague,2023,"1,020","14,265,560","6,487,509",52.57,"7,778,051","648,195","14,265,560"
067500002023,675,06750000,Hamilton-Wenham,2023,"1,635","19,041,997","15,355,459",17.50,"3,889,489",0,"19,244,948"
068000002023,680,06800000,Hampden-Wilbraham,2023,"2,841","34,362,938","22,803,354",31.26,"12,175,004",0,"34,978,358"
068300002023,683,06830000,Hampshire,2023,607,"7,612,496","5,113,589",26.50,"3,327,153",0,"8,440,742"
068500002023,685,06850000,Hawlemont,2023,76,"1,180,055","626,211",44.77,"643,276",0,"1,269,487"
069000002023,690,06900000,King Philip,2023,"1,961","24,040,989","18,683,871",18.60,"7,771,360",0,"26,455,231"
069500002023,695,06950000,Lincoln-Sudbury,2023,"1,571","19,460,409","15,892,482",17.50,"3,567,927","303,257","19,460,409"
069800002023,698,06980000,Manchester Essex,2023,"1,234","14,799,835","11,860,322",17.50,"3,160,298",0,"15,020,620"
070000002023,700,07000000,Marthas Vineyard,2023,755,"11,706,773","9,266,700",17.50,"2,943,090",0,"12,209,790"
070500002023,705,07050000,Masconomet,2023,"1,693","20,626,908","16,338,880",17.50,"5,354,919",0,"21,693,799"
071000002023,710,07100000,Mendon-Upton,2023,"2,079","23,959,502","18,041,593",20.79,"12,636,586",0,"30,678,179"
071200002023,712,07120000,Monomoy,2023,"1,662","22,033,322","17,917,457",17.50,"4,115,865","265,591","22,033,322"
071500002023,715,07150000,Mount Greylock,2023,"1,058","12,823,121","8,909,296",25.26,"3,913,825","329,348","12,823,121"
071700002023,717,07170000,Mohawk Trail,2023,828,"10,916,936","6,617,874",36.16,"6,131,054",0,"12,748,928"
072000002023,720,07200000,Narragansett,2023,"1,281","16,984,443","6,309,076",58.78,"10,675,367","686,903","16,984,443"
072500002023,725,07250000,Nashoba,2023,"3,137","37,188,533","28,095,417",21.43,"9,093,116","1,226,042","37,188,533"
072800002023,728,07280000,New Salem-Wendell,2023,107,"1,400,562","625,870",51.47,"774,692","47,436","1,400,562"
073000002023,730,07300000,Northboro-Southboro,2023,"1,299","16,339,015","13,206,889",17.50,"3,287,524",0,"16,494,413"
073500002023,735,07350000,North Middlesex,2023,"3,066","37,611,037","20,649,455",41.51,"20,666,873",0,"41,316,328"
074000002023,740,07400000,Old Rochester,2023,"1,009","12,541,084","9,156,644",22.88,"3,384,440","309,546","12,541,084"
074500002023,745,07450000,Pentucket,2023,"2,250","25,863,556","19,335,867",19.34,"13,385,162",0,"32,721,029"
075000002023,750,07500000,Pioneer Valley,2023,635,"8,172,163","5,256,957",32.22,"4,227,221",0,"9,484,178"
075300002023,753,07530000,Quabbin,2023,"1,966","25,601,193","11,596,905",51.82,"16,821,478",0,"28,418,383"
075500002023,755,07550000,Ralph C Mahar,2023,575,"8,477,858","2,803,575",64.29,"5,674,283","223,943","8,477,858"
076000002023,760,07600000,Silver Lake,2023,"1,669","22,886,572","14,138,025",33.47,"8,748,547","482,454","22,886,572"
076300002023,763,07630000,Somerset Berkley,2023,982,"13,192,994","6,608,074",45.89,"6,584,920","530,095","13,192,994"
076500002023,765,07650000,Southern Berkshire,2023,650,"8,757,628","7,076,021",17.50,"2,045,891",0,"9,121,912"
076600002023,766,07660000,Southwick-Tolland-Granville,2023,"1,301","17,233,969","11,574,750",28.67,"9,964,248",0,"21,538,998"
076700002023,767,07670000,Spencer-E Brookfield,2023,"1,521","21,076,435","9,910,023",49.04,"13,831,994",0,"23,742,017"
077000002023,770,07700000,Tantasqua,2023,"1,546","21,751,913","11,388,899",43.97,"10,363,014","1,031,864","21,751,913"
077300002023,773,07730000,Triton,2023,"2,203","28,334,956","21,719,660",17.50,"8,973,621",0,"30,693,281"
077400002023,774,07740000,Up-Island,2023,403,"5,035,197","4,154,037",17.50,"915,262",0,"5,069,299"
077500002023,775,07750000,Wachusett,2023,"6,814","79,469,579","47,034,063",38.16,"32,435,516","2,673,498","79,469,579"
077800002023,778,07780000,Quaboag,2023,"1,090","15,230,825","6,110,748",58.31,"9,257,500",0,"15,368,248"
078000002023,780,07800000,Whitman-Hanson,2023,"3,442","42,679,524","22,110,222",43.27,"25,089,060",0,"47,199,282"
080100002023,801,08010000,Assabet Valley Regional Vocational Technical,2023,910,"18,912,028","11,434,042",35.66,"7,477,986","1,056,914","18,912,028"
080500002023,805,08050000,Blackstone Valley Regional Vocational Technical,2023,"1,250","22,300,397","13,631,634",35.87,"8,668,763","366,729","22,300,397"
080600002023,806,08060000,Blue Hills Regional Vocational Technical,2023,929,"18,993,507","12,263,867",30.34,"6,729,640","1,016,313","18,993,507"
081000002023,810,08100000,Bristol-Plymouth Regional Vocational Technical,2023,"1,358","25,870,714","12,269,006",50.26,"13,601,708","1,259,743","25,870,714"
081500002023,815,08150000,Cape Cod Regional Vocational Technical,2023,657,"13,454,323","10,498,402",17.50,"2,955,921","752,784","13,454,323"
081700002023,817,08170000,Essex North Shore,2023,"1,315","24,470,236","17,821,075",22.76,"6,649,161","1,189,221","24,470,236"
081800002023,818,08180000,Franklin County Regional Vocational Technical,2023,546,"10,955,191","5,484,326",47.64,"5,470,865","665,642","10,955,191"
082100002023,821,08210000,Greater Fall River Regional Vocational Technical,2023,"1,467","29,219,681","8,541,329",66.69,"20,678,352","936,696","29,219,681"
082300002023,823,08230000,Greater Lawrence Regional Vocational Technical,2023,"1,665","39,053,523","6,645,884",74.91,"32,407,639","2,422,021","39,053,523"
082500002023,825,08250000,Greater New Bedford Regional Vocational Technical,2023,"2,125","43,594,627","12,514,815",65.99,"31,079,812","2,123,806","43,594,627"
082800002023,828,08280000,Greater Lowell Regional Vocational Technical,2023,"2,372","49,349,500","14,778,865",66.39,"34,570,635","2,662,852","49,349,500"
082900002023,829,08290000,South Middlesex Regional Vocational Technical,2023,848,"18,188,256","10,266,168",39.66,"7,922,088","1,373,136","18,188,256"
083000002023,830,08300000,Minuteman Regional Vocational Technical,2023,551,"10,873,494","8,487,544",18.66,"2,385,950","354,611","10,873,494"
083200002023,832,08320000,Montachusett Regional Vocational Technical,2023,"1,467","27,936,176","10,715,954",57.70,"17,220,222","1,730,583","27,936,176"
085100002023,851,08510000,Northern Berkshire Regional Vocational Technical,2023,486,"9,724,718","3,451,123",62.16,"6,273,595","957,454","9,724,718"
085200002023,852,08520000,Nashoba Valley Regional Vocational Technical,2023,688,"13,039,565","9,138,788",26.67,"3,900,777","163,483","13,039,565"
085300002023,853,08530000,Northeast Metropolitan Regional Vocational Technical,2023,"1,307","28,012,737","15,244,239",40.13,"12,768,498","1,523,585","28,012,737"
085500002023,855,08550000,Old Colony Regional Vocational Technical,2023,521,"9,593,177","5,909,947",34.64,"3,683,230","385,936","9,593,177"
086000002023,860,08600000,Pathfinder Regional Vocational Technical,2023,587,"11,620,604","4,877,462",56.43,"6,743,142","675,134","11,620,604"
087100002023,871,08710000,Shawsheen Valley Regional Vocational Technical,2023,"1,323","24,071,025","19,187,031",17.50,"6,589,341",0,"25,776,372"
087200002023,872,08720000,Southeastern Regional Vocational Technical,2023,"1,631","32,362,813","12,184,542",58.73,"20,178,271","803,089","32,362,813"
087300002023,873,08730000,South Shore Regional Vocational Technical,2023,599,"11,690,753","6,690,356",39.52,"5,000,397","540,719","11,690,753"
087600002023,876,08760000,Southern Worcester County Regional Vocational Technical,2023,"1,201","22,869,921","9,976,240",53.01,"12,893,681","1,307,141","22,869,921"
087800002023,878,08780000,Tri County Regional Vocational Technical,2023,896,"17,544,446","12,480,824",25.77,"5,797,748",0,"18,278,572"
087900002023,879,08790000,Upper Cape Cod Regional Vocational Technical,2023,772,"15,047,376","11,135,028",23.15,"3,912,348","627,260","15,047,376"
088500002023,885,08850000,Whittier Regional Vocational Technical,2023,"1,276","24,944,834","12,643,217",45.45,"12,301,617","1,233,777","24,944,834"
091000002023,910,09100000,Bristol County Agricultural,2023,434,"8,260,047","4,239,142",45.20,"4,020,905","729,130","8,260,047"
091500002023,915,09150000,Norfolk County Agricultural,2023,274,"5,528,619","4,095,337",22.03,"1,433,282","133,203","5,528,619"
000000002024,999,00000000,State,2024,"905,106","13,963,389,872","7,566,302,116",41.00,"6,592,314,528","578,140,836","14,158,616,644"
000100002024,1,00010000,Abington,2024,"2,206","31,287,579","17,104,459",39.92,"14,183,120","1,218,996","31,287,579"
000200002024,2,00020000,Acton,2024,0,0,0,17.50,0,0,0
000300002024,3,00030000,Acushnet,2024,"1,221","15,911,255","8,740,925",38.20,"7,170,330","701,108","15,911,255"
000400002024,4,00040000,Adams,2024,0,0,0,67.14,0,0,0
000500002024,5,00050000,Agawam,2024,"3,421","50,397,491","25,373,043",45.27,"25,024,448","3,063,211","50,397,491"
000600002024,6,00060000,Alford,2024,0,0,0,17.50,0,0,0
000700002024,7,00070000,Amesbury,2024,"1,847","24,965,747","18,234,602",20.37,"9,472,287",0,"27,706,889"
000800002024,8,00080000,Amherst,2024,"1,055","14,207,191","11,168,148",19.04,"6,280,773",0,"17,448,921"
000900002024,9,00090000,Andover,2024,"5,554","72,244,408","58,293,608",17.50,"13,950,800","1,783,669","72,244,408"
001000002024,10,00100000,Arlington,2024,"6,002","74,896,749","56,193,340",17.50,"18,703,409","2,810,044","74,896,749"
001100002024,11,00110000,Ashburnham,2024,0,0,0,54.71,0,0,0
001200002024,12,00120000,Ashby,2024,0,0,0,43.73,0,0,0
001300002024,13,00130000,Ashfield,2024,13,"245,151","179,015",18.08,"93,683",0,"272,698"
001400002024,14,00140000,Ashland,2024,"2,839","36,758,231","25,484,731",22.37,"11,273,500","1,539,777","36,758,231"
001500002024,15,00150000,Athol,2024,0,0,0,71.48,0,0,0
001600002024,16,00160000,Attleboro,2024,"6,238","97,105,121","43,712,969",51.51,"53,392,152","5,597,137","97,105,121"
001700002024,17,00170000,Auburn,2024,"2,422","32,176,028","17,041,707",41.99,"15,134,321","1,099,153","32,176,028"
001800002024,18,00180000,Avon,2024,586,"9,536,789","5,390,722",36.86,"4,146,067","938,709","9,536,789"
001900002024,19,00190000,Ayer,2024,0,0,0,26.98,0,0,0
002000002024,20,00200000,Barnstable,2024,"5,302","84,542,110","59,790,057",17.50,"24,752,053","6,045,857","84,542,110"
002100002024,21,00210000,Barre,2024,0,0,0,58.56,0,0,0
002200002024,22,00220000,Becket,2024,14,"261,642","189,361",17.50,"76,923",0,"266,284"
002300002024,23,00230000,Bedford,2024,"2,549","33,265,363","27,443,924",17.50,"6,020,493",0,"33,464,417"
002400002024,24,00240000,Belchertown,2024,"2,152","27,713,334","13,763,232",46.96,"14,210,006",0,"27,973,238"
002500002024,25,00250000,Bellingham,2024,"2,175","29,660,512","19,686,080",28.51,"9,974,432","1,137,007","29,660,512"
002600002024,26,00260000,Belmont,2024,"4,505","57,423,976","45,639,441",17.50,"11,784,535","1,625,646","57,423,976"
002700002024,27,00270000,Berkley,2024,698,"8,929,788","4,777,868",42.34,"4,151,920","82,982","8,929,788"
002800002024,28,00280000,Berlin,2024,0,0,0,17.50,0,0,0
002900002024,29,00290000,Bernardston,2024,0,0,0,42.59,0,0,0
003000002024,30,00300000,Beverly,2024,"4,541","61,798,815","47,254,334",17.50,"14,544,481","1,386,040","61,798,815"
003100002024,31,00310000,Billerica,2024,"4,879","63,590,857","49,635,324",17.50,"20,069,934",0,"69,705,258"
003200002024,32,00320000,Blackstone,2024,22,"393,568","197,879",44.40,"234,189",0,"432,068"
003300002024,33,00330000,Blandford,2024,13,"245,151","186,549",17.50,"58,602","14,647","245,151"
003400002024,34,00340000,Bolton,2024,0,0,0,17.50,0,0,0
003500002024,35,00350000,Boston,2024,"57,738","1,095,713,386","880,485,066",17.50,"230,700,785",0,"1,111,185,851"
003600002024,36,00360000,Bourne,2024,"1,678","22,858,351","18,409,357",17.50,"5,472,583",0,"23,881,940"
003700002024,37,00370000,Boxborough,2024,6,"107,479","82,107",17.50,"32,909",0,"115,016"
003800002024,38,00380000,Boxford,2024,721,"8,528,050","6,718,468",17.50,"1,855,093",0,"8,573,561"
003900002024,39,00390000,Boylston,2024,21,"377,077","311,089",17.50,"113,472",0,"424,561"
004000002024,40,00400000,Braintree,2024,"5,244","72,501,249","51,848,673",20.94,"20,652,576","1,285,508","72,501,249"
004100002024,41,00410000,Brewster,2024,418,"5,743,102","4,394,765",17.50,"1,377,451",0,"5,772,216"
004200002024,42,00420000,Bridgewater,2024,12,"228,660","131,975",38.01,"96,685","20,437","228,660"
004300002024,43,00430000,Brimfield,2024,264,"3,511,282","1,913,482",41.51,"1,597,800","209,364","3,511,282"
004400002024,44,00440000,Brockton,2024,"16,619","295,646,848","54,579,267",75.88,"241,067,581","17,007,228","295,646,848"
004500002024,45,00450000,Brookfield,2024,223,"3,240,939","1,329,203",54.37,"1,911,736","190,653","3,240,939"
004600002024,46,00460000,Brookline,2024,"6,913","89,394,640","73,750,578",17.50,"16,035,247","23,595","89,785,825"
004700002024,47,00470000,Buckland,2024,1,"16,491","8,510",43.51,"13,134",0,"21,644"
004800002024,48,00480000,Burlington,2024,"3,424","46,103,748","36,818,680",17.50,"9,355,284","135,224","46,173,964"
004900002024,49,00490000,Cambridge,2024,"7,030","112,732,474","93,004,291",17.50,"19,728,183","1,189,332","112,732,474"
005000002024,50,00500000,Canton,2024,"3,260","43,350,135","34,684,949",17.50,"8,665,186","774,750","43,350,135"
005100002024,51,00510000,Carlisle,2024,567,"6,639,945","5,477,955",17.50,"1,387,990",0,"6,865,945"
005200002024,52,00520000,Carver,2024,"1,535","21,283,331","10,820,042",44.89,"10,463,289","318,880","21,283,331"
005300002024,53,00530000,Charlemont,2024,8,"131,926","67,011",45.92,"102,815",0,"169,826"
005400002024,54,00540000,Charlton,2024,0,0,0,40.90,0,0,0
005500002024,55,00550000,Chatham,2024,0,0,0,17.50,0,0,0
005600002024,56,00560000,Chelmsford,2024,"5,108","63,812,308","49,670,508",17.50,"14,141,800","2,179,645","63,812,308"
005700002024,57,00570000,Chelsea,2024,"7,110","138,863,180","22,081,668",77.81,"116,781,512","12,172,417","138,863,180"
005800002024,58,00580000,Cheshire,2024,2,"32,982","16,631",46.43,"16,351",768,"32,982"
005900002024,59,00590000,Chester,2024,6,"98,945","48,005",45.97,"72,014",0,"120,019"
006000002024,60,00600000,Chesterfield,2024,16,"294,623","216,744",23.70,"133,594",0,"350,338"
006100002024,61,00610000,Chicopee,2024,"7,166","122,693,363","33,865,812",70.03,"88,827,551","8,043,537","122,693,363"
006200002024,62,00620000,Chilmark,2024,0,0,0,17.50,0,0,0
006300002024,63,00630000,Clarksburg,2024,171,"2,395,287","736,864",65.41,"1,827,355",0,"2,564,219"
006400002024,64,00640000,Clinton,2024,"2,062","32,534,279","13,217,258",55.65,"19,317,021","1,926,482","32,534,279"
006500002024,65,00650000,Cohasset,2024,"1,367","16,687,440","13,767,138",17.50,"2,955,742","46,580","16,722,880"
006600002024,66,00660000,Colrain,2024,0,0,0,40.33,0,0,0
006700002024,67,00670000,Concord,2024,"1,925","23,075,622","19,037,389",17.50,"4,038,233","121,842","23,075,622"
006800002024,68,00680000,Conway,2024,66,"941,811","776,994",17.50,"637,444",0,"1,414,438"
006900002024,69,00690000,Cummington,2024,6,"98,945","81,629",17.50,"59,811",0,"141,440"
007000002024,70,00700000,Dalton,2024,11,"212,169","97,790",51.26,"212,169",0,"309,959"
007100002024,71,00710000,Danvers,2024,"3,315","42,331,707","33,039,603",17.50,"9,292,104","1,408,835","42,331,707"
007200002024,72,00720000,Dartmouth,2024,"3,303","43,916,767","34,831,363",17.50,"10,449,331",0,"45,280,694"
007300002024,73,00730000,Dedham,2024,"2,529","34,648,058","27,655,361",17.50,"6,992,697","206,269","34,648,058"
007400002024,74,00740000,Deerfield,2024,281,"3,505,682","2,863,682",17.50,"1,157,053",0,"4,020,735"
007500002024,75,00750000,Dennis,2024,0,0,0,17.50,0,0,0
007600002024,76,00760000,Dighton,2024,0,0,0,44.53,0,0,0
007700002024,77,00770000,Douglas,2024,"1,132","14,574,248","8,454,786",37.34,"8,927,525",0,"17,382,311"
007800002024,78,00780000,Dover,2024,500,"5,901,408","4,868,661",17.50,"1,032,747","91,727","5,901,408"
007900002024,79,00790000,Dracut,2024,"3,900","54,539,267","27,369,124",43.38,"27,170,143","2,851,983","54,539,267"
008000002024,80,00800000,Dudley,2024,1,"16,491","5,890",55.49,"10,601","10,601","16,491"
008100002024,81,00810000,Dunstable,2024,0,0,0,17.50,0,0,0
008200002024,82,00820000,Duxbury,2024,"2,729","33,659,011","26,987,503",17.50,"6,671,508","361,483","33,659,011"
008300002024,83,00830000,East Bridgewater,2024,"2,022","26,867,274","13,993,957",42.37,"12,873,317","673,367","26,867,274"
008400002024,84,00840000,East Brookfield,2024,15,"278,133","144,480",42.06,"186,676",0,"331,156"
008500002024,85,00850000,Eastham,2024,197,"2,896,212","2,389,375",17.50,"506,837","32,627","2,896,212"
008600002024,86,00860000,Easthampton,2024,"1,591","22,559,015","13,894,543",33.08,"8,664,472","349,820","22,559,015"
008700002024,87,00870000,East Longmeadow,2024,"2,552","33,881,346","18,843,898",40.01,"15,037,448","2,006,824","33,881,346"
008800002024,88,00880000,Easton,2024,"3,418","43,192,301","33,376,275",17.50,"10,655,421",0,"44,031,696"
008900002024,89,00890000,Edgartown,2024,438,"6,660,865","5,495,214",17.50,"1,165,651","127,378","6,660,865"
009000002024,90,00900000,Egremont,2024,0,0,0,17.50,0,0,0
009100002024,91,00910000,Erving,2024,203,"2,671,389","2,115,389",17.50,"556,000","65,578","2,671,389"
009200002024,92,00920000,Essex,2024,0,0,0,17.50,0,0,0
009300002024,93,00930000,Everett,2024,"7,937","152,643,280","40,961,068",66.12,"111,682,212","19,049,207","152,643,280"
009400002024,94,00940000,Fairhaven,2024,"1,659","23,768,493","14,136,790",33.45,"9,631,703","604,550","23,768,493"
009500002024,95,00950000,Fall River,2024,"12,238","226,544,926","38,520,449",77.01,"188,024,477","19,603,219","226,544,926"
009600002024,96,00960000,Falmouth,2024,"2,959","42,847,019","33,524,110",17.50,"9,322,909","238,037","42,847,019"
009700002024,97,00970000,Fitchburg,2024,"5,661","96,678,430","21,950,317",72.95,"74,728,113","6,466,833","96,678,430"
009800002024,98,00980000,Florida,2024,57,"917,916","425,391",43.86,"559,717",0,"985,108"
009900002024,99,00990000,Foxborough,2024,"2,537","34,005,786","27,296,530",17.50,"9,428,040",0,"36,724,570"
010000002024,100,01000000,Framingham,2024,"9,759","159,351,947","74,355,413",48.46,"84,996,534","16,143,057","159,351,947"
010100002024,101,01010000,Franklin,2024,"5,104","65,275,976","47,235,495",22.27,"29,191,961",0,"76,427,456"
010200002024,102,01020000,Freetown,2024,53,"966,324","674,176",25.91,"461,524",0,"1,135,700"
010300002024,103,01030000,Gardner,2024,"2,397","38,690,364","11,262,118",66.99,"27,428,246","4,120,847","38,690,364"
010400002024,104,01040000,Aquinnah,2024,0,0,0,17.50,0,0,0
010500002024,105,01050000,Georgetown,2024,"1,229","15,011,687","11,377,637",17.77,"5,713,498",0,"17,091,135"
010600002024,106,01060000,Gill,2024,0,0,0,35.03,0,0,0
010700002024,107,01070000,Gloucester,2024,"3,035","47,045,110","35,714,197",17.50,"11,330,913","1,671,811","47,045,110"
010800002024,108,01080000,Goshen,2024,9,"148,417","89,000",38.16,"96,381",0,"185,381"
010900002024,109,01090000,Gosnold,2024,0,0,0,100.00,0,0,0
011000002024,110,01100000,Grafton,2024,"2,950","36,858,149","24,436,656",27.46,"12,794,520",0,"37,231,176"
011100002024,111,01110000,Granby,2024,672,"9,588,489","5,667,319",35.14,"4,765,430",0,"10,432,749"
011200002024,112,01120000,Granville,2024,0,0,0,25.23,0,0,0
011300002024,113,01130000,Great Barrington,2024,0,0,0,17.50,0,0,0
011400002024,114,01140000,Greenfield,2024,"1,791","27,294,291","11,091,044",56.63,"16,203,247","498,680","27,294,291"
011500002024,115,01150000,Groton,2024,0,0,0,17.50,0,0,0
011600002024,116,01160000,Groveland,2024,9,"148,417","106,462",21.87,"65,470",0,"171,932"
011700002024,117,01170000,Hadley,2024,456,"6,277,107","5,178,613",17.50,"1,350,100",0,"6,528,713"
011800002024,118,01180000,Halifax,2024,613,"7,849,455","4,340,378",40.67,"3,509,077","335,964","7,849,455"
011900002024,119,01190000,Hamilton,2024,0,0,0,17.50,0,0,0
012000002024,120,01200000,Hampden,2024,0,0,0,17.50,0,0,0
012100002024,121,01210000,Hancock,2024,86,"1,216,495","780,690",17.50,"435,805","141,468","1,216,495"
012200002024,122,01220000,Hanover,2024,"2,481","30,800,181","23,372,172",18.33,"7,458,443","118,426","30,830,615"
012300002024,123,01230000,Hanson,2024,5,"82,454","47,057",36.76,"35,397","16,714","82,454"
012400002024,124,01240000,Hardwick,2024,0,0,0,53.71,0,0,0
012500002024,125,01250000,Harvard,2024,875,"10,576,375","8,379,508",17.50,"2,196,867","135,536","10,576,375"
012600002024,126,01260000,Harwich,2024,0,0,0,17.50,0,0,0
012700002024,127,01270000,Hatfield,2024,317,"4,215,602","3,472,030",17.50,"895,156",0,"4,367,186"
012800002024,128,01280000,Haverhill,2024,"8,287","132,551,888","49,918,077",57.07,"82,633,811","8,727,501","132,551,888"
012900002024,129,01290000,Hawley,2024,4,"65,963","54,419",17.50,"13,300",0,"67,719"
013000002024,130,01300000,Heath,2024,0,0,0,58.31,0,0,0
013100002024,131,01310000,Hingham,2024,"3,807","47,057,670","38,822,578",17.50,"8,535,193",0,"47,357,771"
013200002024,132,01320000,Hinsdale,2024,8,"131,926","99,112",17.50,"104,923",0,"204,035"
013300002024,133,01330000,Holbrook,2024,"1,352","20,493,829","9,611,922",47.33,"10,881,907","1,135,544","20,493,829"
013400002024,134,01340000,Holden,2024,1,"16,491","9,127",40.58,"7,364",571,"16,491"
013500002024,135,01350000,Holland,2024,175,"2,529,521","1,516,165",35.01,"1,013,356","28,410","2,529,521"
013600002024,136,01360000,Holliston,2024,"2,686","32,828,255","23,937,028",23.45,"8,912,782","220,088","32,849,810"
013700002024,137,01370000,Holyoke,2024,"5,926","109,412,142","12,452,771",80.42,"96,959,371","7,188,886","109,412,142"
013800002024,138,01380000,Hopedale,2024,875,"11,489,501","6,489,561",40.91,"6,221,250",0,"12,710,811"
013900002024,139,01390000,Hopkinton,2024,"4,139","50,873,295","41,073,636",17.50,"9,799,659","1,061,075","50,873,295"
014000002024,140,01400000,Hubbardston,2024,0,0,0,41.87,0,0,0
014100002024,141,01410000,Hudson,2024,"2,417","34,207,458","21,209,511",33.14,"12,997,947","756,221","34,207,458"
014200002024,142,01420000,Hull,2024,791,"10,986,736","9,052,274",17.50,"3,996,296",0,"13,048,570"
014300002024,143,01430000,Huntington,2024,31,"572,756","217,988",55.52,"354,768","96,272","572,756"
014400002024,144,01440000,Ipswich,2024,"1,557","20,567,036","16,419,694",17.50,"4,147,342","112,556","20,567,036"
014500002024,145,01450000,Kingston,2024,"1,125","14,371,240","8,940,323",31.96,"5,430,917","624,248","14,371,240"
014600002024,146,01460000,Lakeville,2024,11,"212,169","138,249",27.80,"86,418",0,"224,667"
014700002024,147,01470000,Lancaster,2024,2,"32,982","21,289",32.46,"11,693","1,466","32,982"
014800002024,148,01480000,Lanesborough,2024,0,0,0,43.04,0,0,0
014900002024,149,01490000,Lawrence,2024,"14,566","279,873,222","13,728,391",83.85,"266,144,831","25,438,040","279,873,222"
015000002024,150,01500000,Lee,2024,570,"8,739,705","6,760,874",17.50,"2,170,239",0,"8,931,113"
015100002024,151,01510000,Leicester,2024,"1,443","20,759,209","9,660,962",48.73,"11,098,247","995,418","20,759,209"
015200002024,152,01520000,Lenox,2024,489,"6,717,817","5,422,289",17.50,"1,345,245",0,"6,767,534"
015300002024,153,01530000,Leominster,2024,"6,020","99,599,001","35,204,065",59.77,"64,394,936","6,842,699","99,599,001"
015400002024,154,01540000,Leverett,2024,101,"1,255,147","954,740",17.50,"396,968",0,"1,351,708"
015500002024,155,01550000,Lexington,2024,"6,893","90,646,899","73,037,768",17.50,"17,609,131","2,550,637","90,646,899"
015600002024,156,01560000,Leyden,2024,0,0,0,17.50,0,0,0
015700002024,157,01570000,Lincoln,2024,586,"7,355,302","6,068,124",17.50,"1,287,178","42,757","7,355,302"
015800002024,158,01580000,Littleton,2024,"1,665","20,056,952","15,207,996",17.50,"4,848,956","525,302","20,056,952"
015900002024,159,01590000,Longmeadow,2024,"2,725","33,192,701","26,093,332",17.50,"7,099,369","612,003","33,192,701"
016000002024,160,01600000,Lowell,2024,"16,323","288,791,630","60,097,975",74.16,"229,138,873","27,723,636","289,236,848"
016100002024,161,01610000,Ludlow,2024,"2,248","32,627,792","18,168,773",41.03,"14,459,019","452,946","32,627,792"
016200002024,162,01620000,Lunenburg,2024,"1,615","20,659,695","11,910,986",35.72,"8,819,128","26,481","20,730,114"
016300002024,163,01630000,Lynn,2024,"17,895","329,943,497","60,851,330",76.12,"269,092,167","27,173,054","329,943,497"
016400002024,164,01640000,Lynnfield,2024,"2,207","27,452,372","21,507,362",17.50,"5,945,010","948,999","27,452,372"
016500002024,165,01650000,Malden,2024,"6,940","117,616,659","54,419,682",44.25,"63,196,977","9,122,350","117,616,659"
016600002024,166,01660000,Manchester,2024,0,0,0,17.50,0,0,0
016700002024,167,01670000,Mansfield,2024,"3,485","46,129,087","32,585,038",22.60,"19,491,149",0,"52,076,187"
016800002024,168,01680000,Marblehead,2024,"2,658","32,681,938","26,962,599",17.50,"6,354,327",0,"33,316,926"
016900002024,169,01690000,Marion,2024,401,"5,068,217","3,913,467",17.50,"1,154,750","112,983","5,068,217"
017000002024,170,01700000,Marlborough,2024,"5,370","87,221,685","41,360,456",47.49,"45,861,229","8,184,883","87,221,685"
017100002024,171,01710000,Marshfield,2024,"3,783","49,950,296","39,070,159",17.50,"15,233,203",0,"54,303,362"
017200002024,172,01720000,Mashpee,2024,"1,422","20,496,134","16,524,355",17.50,"4,858,266",0,"21,382,621"
017300002024,173,01730000,Mattapoisett,2024,414,"5,079,933","4,120,905",17.50,"1,005,221",0,"5,126,126"
017400002024,174,01740000,Maynard,2024,"1,240","17,768,872","12,105,654",26.74,"5,663,218","108,257","17,768,872"
017500002024,175,01750000,Medfield,2024,"2,427","29,777,089","23,849,002",17.50,"6,653,094",0,"30,502,096"
017600002024,176,01760000,Medford,2024,"4,559","71,888,258","54,480,958",17.50,"17,407,300","3,469,059","71,888,258"
017700002024,177,01770000,Medway,2024,"2,120","26,890,898","19,298,650",19.90,"10,818,549",0,"30,117,199"
017800002024,178,01780000,Melrose,2024,"4,062","51,330,399","39,070,041",17.50,"12,260,358","2,580,136","51,330,399"
017900002024,179,01790000,Mendon,2024,10,"164,908","126,856",17.50,"38,052","2,036","164,908"
018000002024,180,01800000,Merrimac,2024,10,"164,908","115,885",24.34,"56,805",0,"172,690"
018100002024,181,01810000,Methuen,2024,"6,775","109,298,850","44,617,436",54.06,"64,681,414","8,080,389","109,298,850"
018200002024,182,01820000,Middleborough,2024,"3,137","44,333,813","22,002,952",46.02,"22,330,861","2,120,358","44,333,813"
018300002024,183,01830000,Middlefield,2024,3,"49,472","40,815",17.50,"13,290",0,"54,105"
018400002024,184,01840000,Middleton,2024,703,"8,542,770","6,914,393",17.50,"1,769,171",0,"8,683,564"
018500002024,185,01850000,Milford,2024,"4,704","75,437,511","28,632,172",58.10,"46,805,339","7,391,867","75,437,511"
018600002024,186,01860000,Millbury,2024,"1,638","22,434,599","13,581,840",34.13,"8,852,759","828,367","22,434,599"
018700002024,187,01870000,Millis,2024,"1,089","14,054,851","11,047,181",17.50,"4,992,022",0,"16,039,203"
018800002024,188,01880000,Millville,2024,6,"98,945","47,019",47.36,"73,662",0,"120,681"
018900002024,189,01890000,Milton,2024,"4,294","53,957,476","42,281,594",17.50,"11,675,882","952,275","53,957,476"
019000002024,190,01900000,Monroe,2024,18,"203,019","74,223",60.27,"140,582",0,"214,805"
019100002024,191,01910000,Monson,2024,810,"11,361,547","6,395,027",41.18,"7,667,285",0,"14,062,312"
019200002024,192,01920000,Montague,2024,1,"16,491","7,445",52.61,"9,046","9,046","16,491"
019300002024,193,01930000,Monterey,2024,0,0,0,17.50,0,0,0
019400002024,194,01940000,Montgomery,2024,3,"49,472","37,079",17.50,"21,162",0,"58,241"
019500002024,195,01950000,Mount Washington,2024,8,"78,958","65,140",17.50,"13,818","5,437","78,958"
019600002024,196,01960000,Nahant,2024,248,"2,954,392","2,437,374",17.50,"561,403",0,"2,998,777"
019700002024,197,01970000,Nantucket,2024,"1,713","25,201,462","20,791,207",17.50,"4,410,255","452,882","25,201,462"
019800002024,198,01980000,Natick,2024,"5,309","65,231,071","52,065,336",17.50,"13,165,735","946,890","65,231,071"
019900002024,199,01990000,Needham,2024,"5,558","70,773,643","57,461,187",17.50,"13,312,456","941,142","70,773,643"
020000002024,200,02000000,New Ashford,2024,19,"223,428","184,328",17.50,"180,257",0,"364,585"
020100002024,201,02010000,New Bedford,2024,"14,148","259,908,138","35,809,016",79.46,"224,099,122","25,013,084","259,908,138"
020200002024,202,02020000,New Braintree,2024,2,"32,982","19,885",38.80,"17,386",0,"37,271"
020300002024,203,02030000,Newbury,2024,1,"17,004","12,936",17.50,"16,934",0,"29,870"
020400002024,204,02040000,Newburyport,2024,"2,232","27,448,208","21,788,063",17.50,"5,660,145","978,712","27,448,208"
020500002024,205,02050000,New Marlborough,2024,0,0,0,17.50,0,0,0
020600002024,206,02060000,New Salem,2024,0,0,0,35.30,0,0,0
020700002024,207,02070000,Newton,2024,"11,885","156,764,604","129,330,798",17.50,"27,433,806","1,221,280","156,764,604"
020800002024,208,02080000,Norfolk,2024,"1,010","11,993,145","9,300,692",17.50,"3,612,405",0,"12,913,097"
020900002024,209,02090000,North Adams,2024,"1,315","21,755,056","5,538,974",72.51,"16,216,082","1,296,564","21,755,056"
021000002024,210,02100000,Northampton,2024,"2,668","35,618,666","28,077,001",17.50,"7,958,689",0,"36,035,690"
021100002024,211,02110000,North Andover,2024,"4,505","57,569,717","45,627,018",17.50,"11,942,699","1,240,780","57,569,717"
021200002024,212,02120000,North Attleborough,2024,"4,031","51,608,133","32,183,541",31.96,"21,293,531",0,"53,477,072"
021300002024,213,02130000,Northborough,2024,"1,618","19,538,316","15,713,655",17.50,"4,232,990",0,"19,946,645"
021400002024,214,02140000,Northbridge,2024,"1,997","28,109,618","14,472,856",40.15,"15,905,881",0,"30,378,737"
021500002024,215,02150000,North Brookfield,2024,574,"8,281,137","3,375,581",53.59,"4,905,556","371,632","8,281,137"
021600002024,216,02160000,Northfield,2024,1,"16,491","11,472",22.64,"5,019",430,"16,491"
021700002024,217,02170000,North Reading,2024,"2,269","29,062,441","23,011,257",17.50,"7,492,247",0,"30,503,504"
021800002024,218,02180000,Norton,2024,"2,189","29,128,867","20,948,264",25.24,"13,160,540",0,"34,108,804"
021900002024,219,02190000,Norwell,2024,"2,100","25,956,169","20,944,041",17.50,"5,012,128","260,214","25,956,169"
022000002024,220,02200000,Norwood,2024,"3,547","53,483,624","37,142,187",17.50,"16,341,437","3,654,816","53,483,624"
022100002024,221,02210000,Oak Bluffs,2024,435,"6,470,638","4,519,073",17.50,"1,951,565","356,597","6,470,638"
022200002024,222,02220000,Oakham,2024,0,0,0,43.63,0,0,0
022300002024,223,02230000,Orange,2024,583,"9,212,500","2,332,598",71.52,"6,879,902","584,340","9,212,500"
022400002024,224,02240000,Orleans,2024,149,"2,114,048","1,744,090",17.50,"454,554",0,"2,198,644"
022500002024,225,02250000,Otis,2024,0,0,0,17.50,0,0,0
022600002024,226,02260000,Oxford,2024,"1,526","21,950,127","10,995,071",46.53,"10,955,056","247,012","21,950,127"
022700002024,227,02270000,Palmer,2024,"1,244","19,001,379","7,280,709",58.81,"11,720,670","547,548","19,001,379"
022800002024,228,02280000,Paxton,2024,0,0,0,35.03,0,0,0
022900002024,229,02290000,Peabody,2024,"5,959","91,177,549","55,819,170",32.25,"35,358,379","4,672,374","91,177,549"
023000002024,230,02300000,Pelham,2024,63,"858,483","631,932",17.71,"248,263",0,"880,195"
023100002024,231,02310000,Pembroke,2024,"2,599","33,926,554","23,884,371",24.84,"14,008,892",0,"37,893,263"
023200002024,232,02320000,Pepperell,2024,0,0,0,38.16,0,0,0
023300002024,233,02330000,Peru,2024,10,"164,908","73,878",44.97,"91,030",918,"164,908"
023400002024,234,02340000,Petersham,2024,77,"1,133,843","637,636",36.76,"496,207","54,774","1,133,843"
023500002024,235,02350000,Phillipston,2024,0,0,0,42.86,0,0,0
023600002024,236,02360000,Pittsfield,2024,"5,577","92,916,030","32,068,500",62.86,"60,847,530","6,592,719","92,916,030"
023700002024,237,02370000,Plainfield,2024,4,"65,963","46,971",25.04,"27,794",0,"74,765"
023800002024,238,02380000,Plainville,2024,655,"8,340,185","6,122,586",21.32,"3,027,041",0,"9,149,627"
023900002024,239,02390000,Plymouth,2024,"7,691","111,949,867","83,683,584",18.99,"28,266,283","1,199,416","111,949,867"
024000002024,240,02400000,Plympton,2024,251,"3,146,739","2,196,202",22.88,"950,537","66,178","3,146,739"
024100002024,241,02410000,Princeton,2024,1,"16,491","13,140",17.50,"3,497",0,"16,637"
024200002024,242,02420000,Provincetown,2024,98,"1,708,797","1,409,758",17.50,"305,451",0,"1,715,209"
024300002024,243,02430000,Quincy,2024,"9,715","164,068,489","118,960,682",18.65,"45,107,807","9,699,816","164,068,489"
024400002024,244,02440000,Randolph,2024,"3,050","50,608,513","26,405,867",39.17,"24,202,646","1,551,270","50,608,513"
024500002024,245,02450000,Raynham,2024,0,0,0,38.54,0,0,0
024600002024,246,02460000,Reading,2024,"3,708","46,064,559","37,284,680",17.50,"11,394,279",0,"48,678,959"
024700002024,247,02470000,Rehoboth,2024,0,0,0,17.50,0,0,0
024800002024,248,02480000,Revere,2024,"7,955","142,967,579","44,549,397",60.50,"98,418,182","13,965,022","142,967,579"
024900002024,249,02490000,Richmond,2024,120,"1,653,454","1,364,099",17.50,"522,455",0,"1,886,554"
025000002024,250,02500000,Rochester,2024,499,"6,163,096","3,840,072",29.31,"2,414,282",0,"6,254,354"
025100002024,251,02510000,Rockland,2024,"2,213","34,848,972","16,311,436",49.51,"18,537,536","2,182,628","34,848,972"
025200002024,252,02520000,Rockport,2024,587,"8,129,580","6,706,904",17.50,"1,590,746",0,"8,297,650"
025300002024,253,02530000,Rowe,2024,41,"751,367","619,878",17.50,"146,165",0,"766,043"
025400002024,254,02540000,Rowley,2024,6,"102,026","75,107",17.50,"34,649",0,"109,756"
025500002024,255,02550000,Royalston,2024,0,0,0,44.23,0,0,0
025600002024,256,02560000,Russell,2024,19,"344,096","136,909",55.30,"207,425",0,"344,334"
025700002024,257,02570000,Rutland,2024,0,0,0,51.84,0,0,0
025800002024,258,02580000,Salem,2024,"4,202","69,935,642","42,479,762",29.24,"27,455,880","1,270,938","69,935,642"
025900002024,259,02590000,Salisbury,2024,2,"32,982","25,025",17.50,"14,443",0,"39,468"
026000002024,260,02600000,Sandisfield,2024,0,0,0,17.50,0,0,0
026100002024,261,02610000,Sandwich,2024,"2,276","29,251,950","24,132,859",17.50,"7,508,068",0,"31,640,927"
026200002024,262,02620000,Saugus,2024,"2,830","42,085,454","30,096,004",17.50,"11,989,450","2,559,421","42,085,454"
026300002024,263,02630000,Savoy,2024,40,"576,479","429,924",19.11,"522,299",0,"952,223"
026400002024,264,02640000,Scituate,2024,"2,763","34,295,600","27,754,773",17.50,"6,540,827","259,054","34,295,600"
026500002024,265,02650000,Seekonk,2024,"2,067","25,865,535","18,110,661",24.39,"7,754,874","578,354","25,865,535"
026600002024,266,02660000,Sharon,2024,"3,495","44,179,615","33,681,121",17.50,"10,498,494","778,427","44,179,615"
026700002024,267,02670000,Sheffield,2024,4,"65,963","51,793",17.50,"14,170","14,170","65,963"
026800002024,268,02680000,Shelburne,2024,0,0,0,22.29,0,0,0
026900002024,269,02690000,Sherborn,2024,401,"4,685,609","3,865,627",17.50,"846,957","44,396","4,712,584"
027000002024,270,02700000,Shirley,2024,0,0,0,36.22,0,0,0
027100002024,271,02710000,Shrewsbury,2024,"5,972","74,633,714","57,993,834",17.50,"20,971,468",0,"78,965,302"
027200002024,272,02720000,Shutesbury,2024,111,"1,442,294","820,401",37.81,"645,986",0,"1,466,387"
027300002024,273,02730000,Somerset,2024,"1,628","21,144,660","10,510,731",43.51,"10,633,929","219,098","21,144,660"
027400002024,274,02740000,Somerville,2024,"5,100","88,070,541","71,896,983",17.50,"21,245,048",0,"93,142,031"
027500002024,275,02750000,Southampton,2024,492,"6,284,662","4,309,371",24.44,"2,623,246",0,"6,932,617"
027600002024,276,02760000,Southborough,2024,"1,200","14,230,837","11,416,440",17.50,"3,163,171",0,"14,579,611"
027700002024,277,02770000,Southbridge,2024,"2,165","38,095,221","9,107,735",72.94,"28,987,486","2,872,449","38,095,221"
027800002024,278,02780000,South Hadley,2024,"1,859","25,928,070","15,249,839",36.55,"10,678,231","1,001,365","25,928,070"
027900002024,279,02790000,Southwick,2024,0,0,0,28.42,0,0,0
028000002024,280,02800000,Spencer,2024,4,"65,963","30,103",48.70,"35,860","4,862","65,963"
028100002024,281,02810000,Springfield,2024,"28,326","525,763,853","48,026,085",83.93,"477,737,768","38,571,921","525,763,853"
028200002024,282,02820000,Sterling,2024,1,"16,491","13,193",17.50,"6,178",0,"19,371"
028300002024,283,02830000,Stockbridge,2024,0,0,0,17.50,0,0,0
028400002024,284,02840000,Stoneham,2024,"2,425","32,165,600","24,905,971",17.50,"7,259,629","1,522,074","32,165,600"
028500002024,285,02850000,Stoughton,2024,"3,693","56,987,020","30,547,654",40.54,"26,439,366","4,944,752","56,987,020"
028600002024,286,02860000,Stow,2024,0,0,0,17.50,0,0,0
028700002024,287,02870000,Sturbridge,2024,883,"10,737,440","6,009,212",41.44,"4,728,228","484,745","10,737,440"
028800002024,288,02880000,Sudbury,2024,"2,513","28,628,096","23,070,588",17.50,"5,557,508","341,810","28,628,096"
028900002024,289,02890000,Sunderland,2024,146,"1,946,646","1,555,821",17.50,"895,488",0,"2,451,309"
029000002024,290,02900000,Sutton,2024,"1,294","16,076,441","12,750,768",17.50,"5,669,325",0,"18,420,093"
029100002024,291,02910000,Swampscott,2024,"2,024","26,012,947","20,898,493",17.50,"5,114,454","482,748","26,012,947"
029200002024,292,02920000,Swansea,2024,"2,033","26,694,463","16,252,187",33.84,"10,442,276","614,961","26,694,463"
029300002024,293,02930000,Taunton,2024,"8,075","131,396,476","42,467,828",63.06,"88,928,648","10,300,260","131,396,476"
029400002024,294,02940000,Templeton,2024,0,0,0,60.68,0,0,0
029500002024,295,02950000,Tewksbury,2024,"3,249","41,191,248","32,555,022",17.50,"13,812,515",0,"46,367,537"
029600002024,296,02960000,Tisbury,2024,360,"5,475,942","3,835,613",17.50,"1,640,329","629,130","5,475,942"
029700002024,297,02970000,Tolland,2024,0,0,0,17.50,0,0,0
029800002024,298,02980000,Topsfield,2024,574,"6,737,747","5,269,483",17.50,"1,468,264","91,684","6,737,747"
029900002024,299,02990000,Townsend,2024,0,0,0,44.14,0,0,0
030000002024,300,03000000,Truro,2024,173,"2,300,505","1,897,916",17.50,"429,896",0,"2,327,812"
030100002024,301,03010000,Tyngsborough,2024,"1,619","21,286,362","13,961,757",27.69,"7,654,834",0,"21,616,591"
030200002024,302,03020000,Tyringham,2024,24,"268,154","221,227",17.50,"57,162",0,"278,389"
030300002024,303,03030000,Upton,2024,5,"82,454","61,452",21.78,"39,979",0,"101,431"
030400002024,304,03040000,Uxbridge,2024,"1,690","22,214,658","14,882,274",27.74,"9,689,924",0,"24,572,198"
030500002024,305,03050000,Wakefield,2024,"3,317","43,061,535","34,517,798",17.50,"8,543,737","699,777","43,061,535"
030600002024,306,03060000,Wales,2024,111,"1,628,375","566,808",60.84,"1,177,348",0,"1,744,156"
030700002024,307,03070000,Walpole,2024,"3,680","47,191,403","37,306,825",17.50,"9,884,578","1,380,377","47,191,403"
030800002024,308,03080000,Waltham,2024,"5,657","98,129,290","74,508,112",17.50,"23,621,178","4,715,410","98,129,290"
030900002024,309,03090000,Ware,2024,"1,264","19,400,007","5,872,745",66.51,"13,527,262","1,192,029","19,400,007"
031000002024,310,03100000,Wareham,2024,"2,307","37,763,668","21,536,212",36.99,"16,227,456","2,537,808","37,763,668"
031100002024,311,03110000,Warren,2024,1,"16,491","4,845",68.14,"11,646",729,"16,491"
031200002024,312,03120000,Warwick,2024,58,"860,882","480,702",37.51,"380,180","134,088","860,882"
031300002024,313,03130000,Washington,2024,4,"65,963","45,577",17.50,"20,386","20,386","65,963"
031400002024,314,03140000,Watertown,2024,"2,661","39,855,551","32,047,587",17.50,"7,807,964","1,451,748","39,855,551"
031500002024,315,03150000,Wayland,2024,"2,681","33,119,434","25,852,462",17.50,"7,266,972","1,164,246","33,119,434"
031600002024,316,03160000,Webster,2024,"1,907","31,971,770","12,851,534",54.92,"19,120,236","2,328,603","31,971,770"
031700002024,317,03170000,Wellesley,2024,"4,180","52,634,797","43,423,707",17.50,"9,916,764",0,"53,340,471"
031800002024,318,03180000,Wellfleet,2024,116,"1,610,248","1,328,455",17.50,"302,393",0,"1,630,848"
031900002024,319,03190000,Wendell,2024,0,0,0,58.69,0,0,0
032000002024,320,03200000,Wenham,2024,0,0,0,17.50,0,0,0
032100002024,321,03210000,Westborough,2024,"3,764","47,373,904","35,784,512",21.42,"11,912,580","83,285","47,697,092"
032200002024,322,03220000,West Boylston,2024,826,"11,278,496","8,476,196",20.30,"3,158,025",0,"11,634,221"
032300002024,323,03230000,West Bridgewater,2024,"1,130","15,250,442","8,732,058",40.34,"6,518,384","1,203,723","15,250,442"
032400002024,324,03240000,West Brookfield,2024,22,"393,568","200,356",42.78,"328,719",0,"529,075"
032500002024,325,03250000,Westfield,2024,"4,849","75,008,744","32,011,961",54.02,"42,996,783","3,926,292","75,008,744"
032600002024,326,03260000,Westford,2024,"4,658","56,419,498","42,434,964",18.42,"17,830,755",0,"60,265,719"
032700002024,327,03270000,Westhampton,2024,92,"1,280,165","1,028,923",17.50,"491,630",0,"1,520,553"
032800002024,328,03280000,Westminster,2024,0,0,0,41.75,0,0,0
032900002024,329,03290000,West Newbury,2024,2,"32,982","26,579",17.50,"6,403",182,"32,982"
033000002024,330,03300000,Weston,2024,"2,010","25,392,259","20,948,614",17.50,"4,443,645","318,685","25,392,259"
033100002024,331,03310000,Westport,2024,"1,560","20,926,189","15,677,019",17.50,"5,249,170","552,998","20,926,189"
033200002024,332,03320000,West Springfield,2024,"3,982","63,567,924","22,906,588",59.10,"40,661,336","4,966,220","63,567,924"
033300002024,333,03330000,West Stockbridge,2024,0,0,0,17.50,0,0,0
033400002024,334,03340000,West Tisbury,2024,0,0,0,17.50,0,0,0
033500002024,335,03350000,Westwood,2024,"2,893","36,039,141","28,969,675",17.50,"7,069,466","1,062,334","36,039,141"
033600002024,336,03360000,Weymouth,2024,"5,863","89,980,251","65,671,537",18.65,"29,315,975",0,"94,987,512"
033700002024,337,03370000,Whately,2024,85,"1,127,263","797,920",23.51,"329,343","57,523","1,127,263"
033800002024,338,03380000,Whitman,2024,13,"245,151","105,688",50.55,"139,463","5,566","245,151"
033900002024,339,03390000,Wilbraham,2024,0,0,0,34.46,0,0,0
034000002024,340,03400000,Williamsburg,2024,154,"2,130,358","1,343,356",32.35,"843,437",0,"2,186,793"
034100002024,341,03410000,Williamstown,2024,0,0,0,17.50,0,0,0
034200002024,342,03420000,Wilmington,2024,"2,832","36,154,606","28,577,249",17.50,"11,894,150",0,"40,471,399"
034300002024,343,03430000,Winchendon,2024,"1,319","20,130,691","6,129,765",65.27,"14,000,926","1,508,850","20,130,691"
034400002024,344,03440000,Winchester,2024,"4,346","53,860,982","43,974,784",17.50,"10,277,119",0,"54,251,903"
034500002024,345,03450000,Windsor,2024,4,"65,963","48,534",17.50,"26,462",0,"74,996"
034600002024,346,03460000,Winthrop,2024,"1,957","28,718,694","18,971,710",22.57,"9,746,984","1,733,663","28,718,694"
034700002024,347,03470000,Woburn,2024,"4,388","65,492,150","51,893,336",17.50,"13,598,814","905,144","65,492,150"
034800002024,348,03480000,Worcester,2024,"26,552","477,974,879","120,432,974",70.10,"357,541,905","41,301,739","477,974,879"
034900002024,349,03490000,Worthington,2024,120,"1,568,790","1,103,824",17.50,"464,966","99,231","1,568,790"
035000002024,350,03500000,Wrentham,2024,925,"11,250,379","8,771,480",17.50,"3,924,073",0,"12,695,553"
035100002024,351,03510000,Yarmouth,2024,0,0,0,17.50,0,0,0
040600002024,406,04060000,Northampton-Smith Vocational Agricultural,2024,115,"3,641,525","2,870,492",17.50,"930,545",0,"3,801,037"
060000002024,600,06000000,Acton-Boxborough,2024,"5,020","64,406,284","50,399,193",17.50,"15,942,931",0,"66,342,124"
060300002024,603,06030000,Adams-Cheshire,2024,"1,146","17,400,552","6,167,321",61.90,"11,233,231","773,118","17,400,552"
060500002024,605,06050000,Amherst-Pelham,2024,"1,274","18,078,526","13,803,543",20.37,"9,756,397",0,"23,559,940"
061000002024,610,06100000,Ashburnham-Westminster,2024,"2,282","29,646,113","13,950,290",47.70,"15,695,823","1,708,399","29,646,113"
061500002024,615,06150000,Athol-Royalston,2024,"1,746","27,758,996","4,374,330",69.70,"23,384,666","2,423,152","27,758,996"
061600002024,616,06160000,Ayer Shirley,2024,"1,712","23,119,470","14,814,575",30.98,"8,552,891",0,"23,367,466"
061800002024,618,06180000,Berkshire Hills,2024,918,"14,027,796","11,020,467",17.50,"3,072,618",0,"14,093,085"
062000002024,620,06200000,Berlin-Boylston,2024,"1,004","12,479,596","9,682,981",17.50,"2,796,615","357,908","12,479,596"
062200002024,622,06220000,Blackstone-Millville,2024,"1,581","21,242,439","10,531,596",45.15,"11,228,029",0,"21,759,625"
062500002024,625,06250000,Bridgewater-Raynham,2024,"5,609","73,247,623","42,311,090",38.22,"30,936,533","3,390,974","73,247,623"
063200002024,632,06320000,Chesterfield-Goshen,2024,117,"1,596,664","1,065,120",30.99,"769,270",0,"1,834,390"
063500002024,635,06350000,Central Berkshire,2024,"1,516","21,682,071","12,180,728",38.61,"9,501,343","592,194","21,682,071"
064000002024,640,06400000,Concord-Carlisle,2024,"1,335","18,206,296","15,020,194",17.50,"3,294,009",0,"18,314,203"
064500002024,645,06450000,Dennis-Yarmouth,2024,"3,203","49,764,295","38,104,613",17.50,"11,659,682","1,610,970","49,764,295"
065000002024,650,06500000,Dighton-Rehoboth,2024,"2,577","33,303,334","22,502,125",29.35,"13,347,866",0,"35,849,991"
065500002024,655,06550000,Dover-Sherborn,2024,"1,189","15,061,558","12,425,785",17.50,"2,655,010","142,880","15,080,795"
065800002024,658,06580000,Dudley-Charlton,2024,"3,275","44,767,304","20,147,144",47.66,"24,984,883",0,"45,132,027"
066000002024,660,06600000,Nauset,2024,"1,191","17,092,062","13,610,271",17.50,"3,706,549",0,"17,316,820"
066200002024,662,06620000,Farmington River,2024,217,"2,970,098","2,351,188",17.50,"625,131","6,799","2,976,319"
066500002024,665,06650000,Freetown-Lakeville,2024,"2,781","35,485,916","23,828,457",26.98,"11,657,459","307,036","35,485,916"
067000002024,670,06700000,Frontier,2024,488,"6,859,406","5,502,061",18.14,"2,932,515",0,"8,434,576"
067200002024,672,06720000,Gateway,2024,786,"11,571,635","5,636,489",45.46,"5,935,146","207,807","11,571,635"
067300002024,673,06730000,Groton-Dunstable,2024,"2,283","27,429,942","21,929,584",17.50,"11,261,903",0,"33,191,487"
067400002024,674,06740000,Gill-Montague,2024,947,"14,525,789","6,845,441",50.66,"7,834,871",0,"14,680,312"
067500002024,675,06750000,Hamilton-Wenham,2024,"1,620","19,935,628","15,916,460",17.50,"4,019,168","129,679","19,935,628"
068000002024,680,06800000,Hampden-Wilbraham,2024,"2,792","35,889,671","23,968,793",31.08,"12,342,524",0,"36,311,317"
068300002024,683,06830000,Hampshire,2024,580,"7,679,400","5,295,241",25.75,"3,361,953",0,"8,657,194"
068500002024,685,06850000,Hawlemont,2024,92,"1,359,497","747,723",42.15,"648,796",0,"1,396,519"
069000002024,690,06900000,King Philip,2024,"1,897","24,882,497","19,073,760",18.48,"7,885,180",0,"26,958,940"
069500002024,695,06950000,Lincoln-Sudbury,2024,"1,536","20,042,624","16,199,749",17.50,"3,842,875","274,948","20,042,624"
069800002024,698,06980000,Manchester Essex,2024,"1,174","14,995,281","11,980,929",17.50,"3,230,738",0,"15,211,667"
070000002024,700,07000000,Marthas Vineyard,2024,808,"14,493,700","10,945,434",17.50,"3,548,266","605,176","14,493,700"
070500002024,705,07050000,Masconomet,2024,"1,613","20,800,202","16,501,157",17.50,"5,451,699",0,"21,952,856"
071000002024,710,07100000,Mendon-Upton,2024,"2,025","24,957,463","18,856,411",19.95,"12,758,086",0,"31,614,497"
071200002024,712,07120000,Monomoy,2024,"1,654","23,706,658","19,557,993",17.50,"4,215,105","32,800","23,773,098"
071500002024,715,07150000,Mount Greylock,2024,"1,086","14,323,309","9,465,991",26.04,"4,857,318","943,493","14,323,309"
071700002024,717,07170000,Mohawk Trail,2024,791,"11,381,489","6,907,293",34.49,"6,178,514",0,"13,085,807"
072000002024,720,07200000,Narragansett,2024,"1,338","19,090,732","6,749,883",58.04,"12,340,849","1,665,482","19,090,732"
072500002024,725,07250000,Nashoba,2024,"3,107","38,851,076","29,074,040",22.38,"9,777,036","683,920","38,851,076"
072800002024,728,07280000,New Salem-Wendell,2024,113,"1,670,708","758,216",49.72,"912,492","137,800","1,670,708"
073000002024,730,07300000,Northboro-Southboro,2024,"1,245","16,594,258","13,332,899",17.50,"3,362,224",0,"16,695,123"
073500002024,735,07350000,North Middlesex,2024,"3,096","40,550,529","21,382,473",41.17,"20,852,633",0,"42,235,106"
074000002024,740,07400000,Old Rochester,2024,973,"13,019,998","9,551,673",21.60,"3,468,325","83,885","13,019,998"
074500002024,745,07450000,Pentucket,2024,"2,288","27,982,142","20,548,996",21.65,"13,522,442",0,"34,071,438"
075000002024,750,07500000,Pioneer Valley,2024,569,"7,858,151","4,907,463",29.99,"4,015,269",0,"8,922,732"
075300002024,753,07530000,Quabbin,2024,"1,951","27,040,443","12,220,640",50.18,"16,938,538",0,"29,159,178"
075500002024,755,07550000,Ralph C Mahar,2024,551,"8,804,676","2,757,119",64.93,"6,047,557","373,274","8,804,676"
076000002024,760,07600000,Silver Lake,2024,"1,634","24,399,126","14,887,605",33.52,"9,511,521","762,974","24,399,126"
076300002024,763,07630000,Somerset Berkley,2024,998,"14,135,321","7,164,940",43.21,"6,970,381","385,461","14,135,321"
076500002024,765,07650000,Southern Berkshire,2024,645,"9,252,135","7,434,693",17.50,"2,084,591",0,"9,519,284"
076600002024,766,07660000,Southwick-Tolland-Granville,2024,"1,281","18,106,697","12,099,173",27.71,"10,041,108",0,"22,140,281"
076700002024,767,07670000,Spencer-E Brookfield,2024,"1,484","22,391,802","10,460,047",47.57,"13,921,034",0,"24,381,081"
077000002024,770,07700000,Tantasqua,2024,"1,512","22,722,962","11,779,194",44.67,"10,943,768","580,754","22,722,962"
077300002024,773,07730000,Triton,2024,"2,224","30,407,398","22,865,013",17.50,"9,107,061",0,"31,972,074"
077400002024,774,07740000,Up-Island,2024,412,"5,529,555","4,561,883",17.50,"967,672","52,410","5,529,555"
077500002024,775,07750000,Wachusett,2024,"6,868","84,952,457","49,101,422",38.21,"35,851,035","3,415,519","84,952,457"
077800002024,778,07780000,Quaboag,2024,"1,110","16,750,017","6,411,888",57.65,"10,338,129","1,080,629","16,750,017"
078000002024,780,07800000,Whitman-Hanson,2024,"3,570","47,694,960","23,154,753",45.18,"25,303,260",0,"48,458,013"
080100002024,801,08010000,Assabet Valley Regional Vocational Technical,2024,971,"21,431,810","12,336,877",37.43,"9,094,933","1,616,947","21,431,810"
080500002024,805,08050000,Blackstone Valley Regional Vocational Technical,2024,"1,244","23,489,725","14,213,597",34.44,"9,276,128","607,365","23,489,725"
080600002024,806,08060000,Blue Hills Regional Vocational Technical,2024,925,"20,180,627","12,979,952",28.62,"7,200,675","471,035","20,180,627"
081000002024,810,08100000,Bristol-Plymouth Regional Vocational Technical,2024,"1,320","26,611,588","12,417,077",49.10,"14,194,511","592,803","26,611,588"
081500002024,815,08150000,Cape Cod Regional Vocational Technical,2024,669,"14,522,132","11,114,860",17.50,"3,407,272","451,351","14,522,132"
081700002024,817,08170000,Essex North Shore,2024,"1,371","27,035,850","19,200,403",23.21,"7,835,447","1,186,286","27,035,850"
081800002024,818,08180000,Franklin County Regional Vocational Technical,2024,560,"11,960,851","6,003,158",46.39,"5,957,693","486,828","11,960,851"
082100002024,821,08210000,Greater Fall River Regional Vocational Technical,2024,"1,450","30,840,957","8,881,164",65.06,"21,959,793","1,281,441","30,840,957"
082300002024,823,08230000,Greater Lawrence Regional Vocational Technical,2024,"1,695","43,068,009","7,518,634",73.23,"35,549,375","3,141,736","43,068,009"
082500002024,825,08250000,Greater New Bedford Regional Vocational Technical,2024,"2,104","46,465,557","12,909,410",65.99,"33,556,147","2,476,335","46,465,557"
082800002024,828,08280000,Greater Lowell Regional Vocational Technical,2024,"2,364","52,221,931","14,996,648",65.92,"37,225,283","2,654,648","52,221,931"
082900002024,829,08290000,South Middlesex Regional Vocational Technical,2024,841,"19,205,858","10,232,414",41.92,"8,973,444","1,051,356","19,205,858"
083000002024,830,08300000,Minuteman Regional Vocational Technical,2024,618,"12,893,971","9,915,208",18.90,"2,978,763","592,813","12,893,971"
083200002024,832,08320000,Montachusett Regional Vocational Technical,2024,"1,465","29,486,021","11,167,317",56.65,"18,318,704","1,098,482","29,486,021"
085100002024,851,08510000,Northern Berkshire Regional Vocational Technical,2024,501,"10,599,771","3,758,739",61.10,"6,841,032","567,437","10,599,771"
085200002024,852,08520000,Nashoba Valley Regional Vocational Technical,2024,715,"14,548,100","9,846,166",26.98,"4,701,934","801,157","14,548,100"
085300002024,853,08530000,Northeast Metropolitan Regional Vocational Technical,2024,"1,294","29,763,087","15,690,113",40.35,"14,072,974","1,304,476","29,763,087"
085500002024,855,08550000,Old Colony Regional Vocational Technical,2024,542,"10,531,539","6,359,936",33.30,"4,171,603","488,373","10,531,539"
086000002024,860,08600000,Pathfinder Regional Vocational Technical,2024,602,"12,791,607","5,336,459",55.12,"7,455,148","712,006","12,791,607"
087100002024,871,08710000,Shawsheen Valley Regional Vocational Technical,2024,"1,295","24,972,414","19,694,909",17.50,"6,667,041",0,"26,361,950"
087200002024,872,08720000,Southeastern Regional Vocational Technical,2024,"1,637","34,786,651","12,652,345",58.31,"22,134,306","1,956,035","34,786,651"
087300002024,873,08730000,South Shore Regional Vocational Technical,2024,620,"12,906,720","7,232,154",39.06,"5,674,566","674,169","12,906,720"
087600002024,876,08760000,Southern Worcester County Regional Vocational Technical,2024,"1,232","24,914,513","10,695,233",51.94,"14,219,280","1,325,599","24,914,513"
087800002024,878,08780000,Tri County Regional Vocational Technical,2024,935,"19,173,060","13,669,772",23.33,"5,853,848",0,"19,523,620"
087900002024,879,08790000,Upper Cape Cod Regional Vocational Technical,2024,793,"16,601,531","12,150,289",23.35,"4,451,242","538,894","16,601,531"
088500002024,885,08850000,Whittier Regional Vocational Technical,2024,"1,275","26,519,399","13,131,792",45.02,"13,387,607","1,085,990","26,519,399"
091000002024,910,09100000,Bristol County Agricultural,2024,487,"9,916,498","4,990,303",44.37,"4,926,195","905,290","9,916,498"
091500002024,915,09150000,Norfolk County Agricultural,2024,253,"5,446,251","3,980,038",21.26,"1,466,213","32,931","5,446,251"
000000002025,999,00000000,State,2025,"905,572","14,535,103,400","7,972,055,321",41.00,"6,901,610,127","258,239,391","14,873,665,448"
000100002025,1,00010000,Abington,2025,"2,202","32,236,385","17,754,107",39.60,"14,482,278","299,158","32,236,385"
000200002025,2,00020000,Acton,2025,0,0,0,17.50,0,0,0
000300002025,3,00030000,Acushnet,2025,"1,173","15,622,822","8,852,864",36.82,"7,292,322",0,"16,145,186"
000400002025,4,00040000,Adams,2025,0,0,0,67.77,0,0,0
000500002025,5,00050000,Agawam,2025,"3,486","52,988,778","26,903,037",46.24,"26,085,741","1,061,293","52,988,778"
000600002025,6,00060000,Alford,2025,0,0,0,17.50,0,0,0
000700002025,7,00070000,Amesbury,2025,"1,898","26,495,878","19,160,041",19.36,"9,669,679",0,"28,829,720"
000800002025,8,00080000,Amherst,2025,984,"13,476,150","11,117,824",17.50,"6,383,109",0,"17,500,933"
000900002025,9,00090000,Andover,2025,"5,465","72,595,075","59,890,937",17.50,"14,519,160",0,"74,410,097"
001000002025,10,00100000,Arlington,2025,"6,021","77,449,420","58,893,679",17.50,"19,329,593",0,"78,223,272"
001100002025,11,00110000,Ashburnham,2025,0,0,0,51.52,0,0,0
001200002025,12,00120000,Ashby,2025,0,0,0,44.71,0,0,0
001300002025,13,00130000,Ashfield,2025,11,"216,797","158,626",17.50,"93,683",0,"252,309"
001400002025,14,00140000,Ashland,2025,"2,857","37,765,345","26,791,174",18.45,"11,570,628",0,"38,361,802"
001500002025,15,00150000,Athol,2025,0,0,0,70.94,0,0,0
001600002025,16,00160000,Attleboro,2025,"6,313","102,004,503","46,028,760",51.28,"55,975,743","2,583,591","102,004,503"
001700002025,17,00170000,Auburn,2025,"2,367","32,470,504","17,758,731",40.67,"15,380,489",0,"33,139,220"
001800002025,18,00180000,Avon,2025,572,"9,514,712","5,674,808",31.20,"4,205,555",0,"9,880,363"
001900002025,19,00190000,Ayer,2025,0,0,0,24.20,0,0,0
002000002025,20,00200000,Barnstable,2025,"5,306","88,879,328","63,910,403",17.50,"25,303,877","216,872","89,214,280"
002100002025,21,00210000,Barre,2025,0,0,0,56.91,0,0,0
002200002025,22,00220000,Becket,2025,13,"250,518","198,708",17.50,"76,923",0,"275,631"
002300002025,23,00230000,Bedford,2025,"2,579","34,828,205","28,733,269",17.50,"6,288,709","74,443","35,021,978"
002400002025,24,00240000,Belchertown,2025,"2,106","27,898,292","14,251,380",45.49,"14,429,030",0,"28,680,410"
002500002025,25,00250000,Bellingham,2025,"2,175","30,088,448","20,822,076",25.84,"10,200,632",0,"31,022,708"
002600002025,26,00260000,Belmont,2025,"4,521","59,533,725","47,889,465",17.50,"12,254,719",0,"60,144,184"
002700002025,27,00270000,Berkley,2025,682,"8,895,290","5,017,565",40.35,"4,222,848",0,"9,240,413"
002800002025,28,00280000,Berlin,2025,0,0,0,17.50,0,0,0
002900002025,29,00290000,Bernardston,2025,0,0,0,39.45,0,0,0
003000002025,30,00300000,Beverly,2025,"4,466","62,707,090","49,168,020",17.50,"15,008,945",0,"64,176,965"
003100002025,31,00310000,Billerica,2025,"4,925","65,232,366","52,490,595",17.50,"20,582,134",0,"73,072,729"
003200002025,32,00320000,Blackstone,2025,17,"317,959","163,461",45.00,"234,189",0,"397,650"
003300002025,33,00330000,Blandford,2025,13,"250,518","172,932",17.50,"77,586","18,984","250,518"
003400002025,34,00340000,Bolton,2025,0,0,0,17.50,0,0,0
003500002025,35,00350000,Boston,2025,"57,369","1,145,949,554","945,408,382",17.50,"236,667,161",0,"1,182,075,543"
003600002025,36,00360000,Bourne,2025,"1,698","24,109,452","19,319,804",17.50,"5,649,175",0,"24,968,979"
003700002025,37,00370000,Boxborough,2025,5,"90,909","69,316",17.50,"32,909",0,"102,225"
003800002025,38,00380000,Boxford,2025,745,"9,024,222","7,139,841",17.50,"1,932,573","29,288","9,072,414"
003900002025,39,00390000,Boylston,2025,14,"267,378","220,587",17.50,"113,472",0,"334,059"
004000002025,40,00400000,Braintree,2025,"5,181","73,532,609","55,176,708",17.50,"21,191,400",0,"76,368,108"
004100002025,41,00410000,Brewster,2025,421,"5,984,374","4,937,108",17.50,"1,421,235",0,"6,358,343"
004200002025,42,00420000,Bridgewater,2025,18,"334,820","195,386",35.95,"139,434","42,749","334,820"
004300002025,43,00430000,Brimfield,2025,270,"3,675,840","1,922,423",42.94,"1,753,417","155,617","3,675,840"
004400002025,44,00440000,Brockton,2025,"16,775","314,919,037","58,428,285",76.77,"256,490,752","15,423,171","314,919,037"
004500002025,45,00450000,Brookfield,2025,225,"3,232,462","1,406,803",51.43,"1,935,136",0,"3,341,939"
004600002025,46,00460000,Brookline,2025,"6,899","91,993,752","75,894,845",17.50,"16,752,743","63,660","92,647,588"
004700002025,47,00470000,Buckland,2025,1,"16,860","8,952",42.56,"13,134",0,"22,086"
004800002025,48,00480000,Burlington,2025,"3,523","49,033,422","39,058,316",17.50,"9,975,106","619,822","49,033,422"
004900002025,49,00490000,Cambridge,2025,"7,297","118,963,463","98,144,857",17.50,"20,818,606","1,090,423","118,963,463"
005000002025,50,00500000,Canton,2025,"3,291","44,999,693","36,588,682",17.50,"9,007,450",0,"45,596,132"
005100002025,51,00510000,Carlisle,2025,571,"6,853,478","5,654,120",17.50,"1,447,374",0,"7,101,494"
005200002025,52,00520000,Carver,2025,"1,501","20,958,682","11,414,545",41.60,"10,619,393",0,"22,033,938"
005300002025,53,00530000,Charlemont,2025,11,"216,797","121,733",40.30,"102,815",0,"224,548"
005400002025,54,00540000,Charlton,2025,0,0,0,39.00,0,0,0
005500002025,55,00550000,Chatham,2025,0,0,0,17.50,0,0,0
005600002025,56,00560000,Chelmsford,2025,"5,181","66,887,501","52,463,272",17.50,"14,680,624","282,429","67,143,896"
005700002025,57,00570000,Chelsea,2025,"7,095","146,924,933","23,727,035",77.95,"123,197,898","6,416,386","146,924,933"
005800002025,58,00580000,Cheshire,2025,1,"16,860","8,468",44.78,"16,351",0,"24,819"
005900002025,59,00590000,Chester,2025,7,"118,022","59,715",43.62,"72,014",0,"131,729"
006000002025,60,00600000,Chesterfield,2025,14,"267,378","204,860",18.25,"133,594",0,"338,454"
006100002025,61,00610000,Chicopee,2025,"7,202","129,158,251","35,132,393",70.94,"94,025,858","5,198,307","129,158,251"
006200002025,62,00620000,Chilmark,2025,0,0,0,17.50,0,0,0
006300002025,63,00630000,Clarksburg,2025,204,"2,889,718","806,811",68.30,"2,082,907","255,552","2,889,718"
006400002025,64,00640000,Clinton,2025,"2,095","34,438,021","14,024,833",56.47,"20,413,188","1,096,167","34,438,021"
006500002025,65,00650000,Cohasset,2025,"1,433","17,839,057","14,717,222",17.50,"3,121,835","166,093","17,839,057"
006600002025,66,00660000,Colrain,2025,0,0,0,39.78,0,0,0
006700002025,67,00670000,Concord,2025,"1,943","24,161,393","19,933,149",17.50,"4,240,305","190,011","24,173,454"
006800002025,68,00680000,Conway,2025,68,"969,245","799,627",17.50,"644,516",0,"1,444,143"
006900002025,69,00690000,Cummington,2025,5,"84,302","69,549",17.50,"59,811",0,"129,360"
007000002025,70,00700000,Dalton,2025,14,"267,378","121,597",52.17,"212,169",0,"333,766"
007100002025,71,00710000,Danvers,2025,"3,349","44,328,380","34,918,958",17.50,"9,640,400","117,318","44,559,358"
007200002025,72,00720000,Dartmouth,2025,"3,284","44,678,547","36,166,183",17.50,"10,790,867",0,"46,957,050"
007300002025,73,00730000,Dedham,2025,"2,748","39,060,888","29,321,375",17.50,"9,739,513","2,746,816","39,060,888"
007400002025,74,00740000,Deerfield,2025,279,"3,547,456","2,926,651",17.50,"1,186,069",0,"4,112,720"
007500002025,75,00750000,Dennis,2025,0,0,0,17.50,0,0,0
007600002025,76,00760000,Dighton,2025,1,"16,860","8,607",43.88,"8,253","8,253","16,860"
007700002025,77,00770000,Douglas,2025,"1,072","14,237,865","8,850,986",31.85,"9,039,013",0,"17,889,999"
007800002025,78,00780000,Dover,2025,491,"5,959,421","4,916,523",17.50,"1,083,811","10,151","6,000,334"
007900002025,79,00790000,Dracut,2025,"3,837","54,583,407","27,974,680",41.98,"27,570,439",0,"55,545,119"
008000002025,80,00800000,Dudley,2025,0,0,0,55.31,0,0,0
008100002025,81,00810000,Dunstable,2025,0,0,0,17.50,0,0,0
008200002025,82,00820000,Duxbury,2025,"2,658","33,652,713","27,763,489",17.50,"6,947,940",0,"34,711,429"
008300002025,83,00830000,East Bridgewater,2025,"1,963","26,713,492","14,744,525",39.77,"13,077,469",0,"27,821,994"
008400002025,84,00840000,East Brookfield,2025,14,"267,378","141,860",41.68,"186,676",0,"328,536"
008500002025,85,00850000,Eastham,2025,198,"2,893,668","2,387,276",17.50,"527,429",0,"2,914,705"
008600002025,86,00860000,Easthampton,2025,"1,580","23,097,747","14,936,633",31.70,"8,828,792",0,"23,765,425"
008700002025,87,00870000,East Longmeadow,2025,"2,522","34,416,161","19,663,608",38.26,"15,299,736",0,"34,963,344"
008800002025,88,00880000,Easton,2025,"3,404","44,308,895","34,692,019",17.50,"11,009,437",0,"45,701,456"
008900002025,89,00890000,Edgartown,2025,434,"6,714,944","5,539,828",17.50,"1,210,787","9,465","6,750,615"
009000002025,90,00900000,Egremont,2025,0,0,0,17.50,0,0,0
009100002025,91,00910000,Erving,2025,204,"2,756,152","2,220,663",17.50,"577,216",0,"2,797,879"
009200002025,92,00920000,Essex,2025,0,0,0,17.50,0,0,0
009300002025,93,00930000,Everett,2025,"8,020","161,811,105","43,738,229",65.92,"118,072,876","6,390,664","161,811,105"
009400002025,94,00940000,Fairhaven,2025,"1,595","23,598,054","14,889,430",26.52,"9,797,583",0,"24,687,013"
009500002025,95,00950000,Fall River,2025,"12,433","243,053,150","40,721,548",77.72,"202,331,602","14,307,125","243,053,150"
009600002025,96,00960000,Falmouth,2025,"2,870","43,218,463","35,655,232",17.50,"9,621,389",0,"45,276,621"
009700002025,97,00970000,Fitchburg,2025,"5,623","101,071,841","23,118,748",72.91,"77,953,093","3,224,980","101,071,841"
009800002025,98,00980000,Florida,2025,55,"865,066","439,942",38.58,"565,437",0,"1,005,379"
009900002025,99,00990000,Foxborough,2025,"2,573","35,604,500","28,583,943",17.50,"9,695,632",0,"38,279,575"
010000002025,100,01000000,Framingham,2025,"9,521","164,084,536","78,033,062",45.40,"85,986,718","1,054,940","164,019,780"
010100002025,101,01010000,Franklin,2025,"5,058","66,584,574","49,904,466",18.85,"29,717,993",0,"79,622,459"
010200002025,102,01020000,Freetown,2025,1,"16,860","12,290",21.32,"16,860",0,"29,150"
010300002025,103,01030000,Gardner,2025,"2,453","41,586,508","11,909,298",67.88,"29,677,210","2,248,964","41,586,508"
010400002025,104,01040000,Aquinnah,2025,0,0,0,17.50,0,0,0
010500002025,105,01050000,Georgetown,2025,"1,196","15,097,840","11,942,079",17.50,"5,837,882",0,"17,779,961"
010600002025,106,01060000,Gill,2025,0,0,0,29.16,0,0,0
010700002025,107,01070000,Gloucester,2025,"3,064","49,375,947","37,665,556",17.50,"11,710,391","379,478","49,375,947"
010800002025,108,01080000,Goshen,2025,9,"151,743","99,954",30.50,"96,381",0,"196,335"
010900002025,109,01090000,Gosnold,2025,0,0,0,100.00,0,0,0
011000002025,110,01100000,Grafton,2025,"2,902","37,107,724","25,816,666",23.25,"13,096,328",0,"38,912,994"
011100002025,111,01110000,Granby,2025,655,"9,658,209","5,916,543",34.82,"4,833,550",0,"10,750,093"
011200002025,112,01120000,Granville,2025,0,0,0,21.86,0,0,0
011300002025,113,01130000,Great Barrington,2025,0,0,0,17.50,0,0,0
011400002025,114,01140000,Greenfield,2025,"1,759","27,960,951","11,465,787",55.59,"16,495,164","291,917","27,960,951"
011500002025,115,01150000,Groton,2025,0,0,0,17.50,0,0,0
011600002025,116,01160000,Groveland,2025,10,"168,603","122,594",18.81,"65,470",0,"188,064"
011700002025,117,01170000,Hadley,2025,449,"6,210,751","5,123,870",17.50,"1,396,796",0,"6,520,666"
011800002025,118,01180000,Halifax,2025,564,"7,511,761","4,050,476",41.85,"3,567,733",0,"7,618,209"
011900002025,119,01190000,Hamilton,2025,0,0,0,17.50,0,0,0
012000002025,120,01200000,Hampden,2025,0,0,0,17.50,0,0,0
012100002025,121,01210000,Hancock,2025,85,"1,270,683","820,427",17.50,"450,256","14,451","1,270,683"
012200002025,122,01220000,Hanover,2025,"2,497","31,861,567","24,358,612",17.50,"7,718,131","44,512","32,076,743"
012300002025,123,01230000,Hanson,2025,6,"101,162","61,192",33.14,"40,519","4,573","101,711"
012400002025,124,01240000,Hardwick,2025,0,0,0,55.79,0,0,0
012500002025,125,01250000,Harvard,2025,881,"10,978,851","8,697,832",17.50,"2,288,491","84,152","10,986,323"
012600002025,126,01260000,Harwich,2025,0,0,0,17.50,0,0,0
012700002025,127,01270000,Hatfield,2025,310,"4,167,873","3,438,495",17.50,"927,396",0,"4,365,891"
012800002025,128,01280000,Haverhill,2025,"8,401","140,921,702","52,953,650",57.32,"87,968,052","5,334,241","140,921,702"
012900002025,129,01290000,Hawley,2025,4,"67,441","55,639",17.50,"13,300",0,"68,939"
013000002025,130,01300000,Heath,2025,0,0,0,57.79,0,0,0
013100002025,131,01310000,Hingham,2025,"3,606","45,884,666","37,854,849",17.50,"8,910,217",0,"46,765,066"
013200002025,132,01320000,Hinsdale,2025,10,"168,603","122,029",17.50,"104,923",0,"226,952"
013300002025,133,01330000,Holbrook,2025,"1,355","21,278,519","10,008,705",47.50,"11,269,814","387,907","21,278,519"
013400002025,134,01340000,Holden,2025,2,"33,721","19,200",36.71,"14,521","7,157","33,721"
013500002025,135,01350000,Holland,2025,157,"2,372,741","1,515,869",32.09,"1,029,684",0,"2,545,553"
013600002025,136,01360000,Holliston,2025,"2,652","33,400,106","25,423,217",17.50,"9,188,590",0,"34,611,807"
013700002025,137,01370000,Holyoke,2025,"5,850","114,374,878","13,183,748",80.66,"101,191,130","4,231,759","114,374,878"
013800002025,138,01380000,Hopedale,2025,865,"11,657,637","6,842,443",39.75,"6,311,210",0,"13,153,653"
013900002025,139,01390000,Hopkinton,2025,"4,165","52,668,757","43,451,724",17.50,"10,232,819",0,"53,684,543"
014000002025,140,01400000,Hubbardston,2025,0,0,0,41.58,0,0,0
014100002025,141,01410000,Hudson,2025,"2,407","35,386,035","22,432,839",30.18,"13,248,275",0,"35,681,114"
014200002025,142,01420000,Hull,2025,757,"10,813,118","8,920,823",17.50,"4,075,024",0,"12,995,847"
014300002025,143,01430000,Huntington,2025,37,"686,499","265,317",57.18,"421,182","66,414","686,499"
014400002025,144,01440000,Ipswich,2025,"1,551","21,036,885","17,194,551",17.50,"4,308,646",0,"21,503,197"
014500002025,145,01450000,Kingston,2025,"1,151","14,866,128","9,396,563",31.22,"5,550,621","38,648","14,947,184"
014600002025,146,01460000,Lakeville,2025,14,"267,378","183,306",23.15,"86,418",0,"269,724"
014700002025,147,01470000,Lancaster,2025,2,"33,721","22,101",28.14,"11,693",0,"33,794"
014800002025,148,01480000,Lanesborough,2025,0,0,0,39.52,0,0,0
014900002025,149,01490000,Lawrence,2025,"14,816","301,454,148","15,203,337",84.55,"286,250,811","20,105,980","301,454,148"
015000002025,150,01500000,Lee,2025,549,"8,566,370","7,067,255",17.50,"2,227,335",0,"9,294,590"
015100002025,151,01510000,Leicester,2025,"1,405","21,380,842","10,610,635",47.51,"11,244,367",0,"21,855,002"
015200002025,152,01520000,Lenox,2025,482,"6,823,610","5,629,478",17.50,"1,395,373",0,"7,024,851"
015300002025,153,01530000,Leominster,2025,"6,009","103,734,762","36,964,269",59.72,"66,770,493","2,375,557","103,734,762"
015400002025,154,01540000,Leverett,2025,105,"1,407,133","1,083,930",17.50,"407,888",0,"1,491,818"
015500002025,155,01550000,Lexington,2025,"6,851","91,458,918","75,453,607",17.50,"18,321,635",0,"93,775,242"
015600002025,156,01560000,Leyden,2025,0,0,0,17.50,0,0,0
015700002025,157,01570000,Lincoln,2025,585,"7,515,362","6,200,174",17.50,"1,348,018","28,010","7,548,192"
015800002025,158,01580000,Littleton,2025,"1,636","20,185,599","15,942,774",17.50,"5,019,100",0,"20,961,874"
015900002025,159,01590000,Longmeadow,2025,"2,723","34,218,166","27,327,546",17.50,"7,382,561",0,"34,710,107"
016000002025,160,01600000,Lowell,2025,"16,506","308,040,584","64,989,538",74.71,"243,051,046","13,912,173","308,040,584"
016100002025,161,01610000,Ludlow,2025,"2,221","33,328,397","18,877,355",39.56,"14,690,003",0,"33,567,358"
016200002025,162,01620000,Lunenburg,2025,"1,633","21,553,250","12,595,979",34.23,"8,988,960","138,143","21,584,939"
016300002025,163,01630000,Lynn,2025,"18,143","351,967,449","64,398,962",76.70,"287,568,487","18,476,320","351,967,449"
016400002025,164,01640000,Lynnfield,2025,"2,195","27,975,039","22,407,746",17.50,"6,173,290",0,"28,581,036"
016500002025,165,01650000,Malden,2025,"6,863","121,527,751","57,647,090",43.74,"63,910,729","683,684","121,557,819"
016600002025,166,01660000,Manchester,2025,0,0,0,17.50,0,0,0
016700002025,167,01670000,Mansfield,2025,"3,412","46,131,543","34,993,046",17.87,"19,845,997",0,"54,839,043"
016800002025,168,01680000,Marblehead,2025,"2,588","32,926,182","27,164,100",17.50,"6,623,479",0,"33,787,579"
016900002025,169,01690000,Marion,2025,388,"5,105,842","3,952,749",17.50,"1,195,102",0,"5,147,851"
017000002025,170,01700000,Marlborough,2025,"5,345","91,366,537","43,502,723",47.91,"47,863,814","2,002,585","91,366,537"
017100002025,171,01710000,Marshfield,2025,"3,669","49,730,335","40,410,183",17.50,"15,590,973",0,"56,001,156"
017200002025,172,01720000,Mashpee,2025,"1,416","21,264,619","17,203,029",17.50,"5,005,530",0,"22,208,559"
017300002025,173,01730000,Mattapoisett,2025,383,"4,865,916","4,014,381",17.50,"1,045,053",0,"5,059,434"
017400002025,174,01740000,Maynard,2025,"1,258","17,943,402","12,813,459",23.06,"5,794,050",0,"18,607,509"
017500002025,175,01750000,Medfield,2025,"2,371","29,971,700","24,726,652",17.50,"6,899,678",0,"31,626,330"
017600002025,176,01760000,Medford,2025,"4,524","73,681,606","57,259,487",17.50,"17,877,796",0,"75,137,283"
017700002025,177,01770000,Medway,2025,"2,157","28,282,406","20,376,839",22.37,"11,042,877",0,"31,419,716"
017800002025,178,01780000,Melrose,2025,"4,112","53,488,055","41,053,058",17.50,"12,688,006","174,639","53,741,064"
017900002025,179,01790000,Mendon,2025,10,"168,603","135,517",17.50,"38,052",0,"173,569"
018000002025,180,01800000,Merrimac,2025,8,"134,883","97,208",22.99,"56,805",0,"154,013"
018100002025,181,01810000,Methuen,2025,"6,860","115,622,808","47,005,987",54.57,"68,616,821","3,935,407","115,622,808"
018200002025,182,01820000,Middleborough,2025,"3,086","45,255,835","23,019,131",44.76,"22,651,805",0,"45,670,936"
018300002025,183,01830000,Middlefield,2025,2,"33,721","22,929",17.50,"13,290",0,"36,219"
018400002025,184,01840000,Middleton,2025,702,"8,701,796","7,178,981",17.50,"1,842,179",0,"9,021,160"
018500002025,185,01850000,Milford,2025,"4,680","79,260,184","30,457,781",58.10,"48,802,403","1,997,064","79,260,184"
018600002025,186,01860000,Millbury,2025,"1,646","23,341,580","14,332,855",33.17,"9,023,943","155,966","23,356,798"
018700002025,187,01870000,Millis,2025,"1,086","14,399,305","11,879,426",17.50,"5,104,966",0,"16,984,392"
018800002025,188,01880000,Millville,2025,5,"84,302","40,692",47.46,"73,662",0,"114,354"
018900002025,189,01890000,Milton,2025,"4,303","55,677,434","44,754,901",17.50,"12,123,394",0,"56,878,295"
019000002025,190,01900000,Monroe,2025,19,"215,323","98,797",46.19,"140,582",0,"239,379"
019100002025,191,01910000,Monson,2025,811,"11,739,604","6,544,648",42.21,"7,751,629",0,"14,296,277"
019200002025,192,01920000,Montague,2025,1,"16,860","7,814",51.20,"9,046",0,"16,860"
019300002025,193,01930000,Monterey,2025,0,0,0,17.50,0,0,0
019400002025,194,01940000,Montgomery,2025,5,"84,302","65,350",17.50,"21,162",0,"86,512"
019500002025,195,01950000,Mount Washington,2025,7,"71,642","59,104",17.50,"13,818",0,"72,922"
019600002025,196,01960000,Nahant,2025,238,"2,904,538","2,396,244",17.50,"586,155",0,"2,982,399"
019700002025,197,01970000,Nantucket,2025,"1,668","25,535,124","21,066,477",17.50,"4,583,727","58,392","25,650,204"
019800002025,198,01980000,Natick,2025,"5,293","67,714,131","54,650,974",17.50,"13,716,207",0,"68,367,181"
019900002025,199,01990000,Needham,2025,"5,582","72,809,518","60,067,852",17.50,"13,892,984",0,"73,960,836"
020000002025,200,02000000,New Ashford,2025,15,"183,450","151,346",17.50,"180,257",0,"331,603"
020100002025,201,02010000,New Bedford,2025,"14,110","274,431,862","38,100,672",80.00,"236,331,190","12,232,068","274,431,862"
020200002025,202,02020000,New Braintree,2025,1,"16,860","11,115",30.82,"16,860",0,"27,975"
020300002025,203,02030000,Newbury,2025,3,"52,023","42,919",17.50,"16,934",0,"59,853"
020400002025,204,02040000,Newburyport,2025,"2,185","27,513,366","22,663,896",17.50,"5,887,385",0,"28,551,281"
020500002025,205,02050000,New Marlborough,2025,0,0,0,17.50,0,0,0
020600002025,206,02060000,New Salem,2025,0,0,0,31.29,0,0,0
020700002025,207,02070000,Newton,2025,"11,757","159,609,730","131,678,028",17.50,"28,656,534","497,896","160,334,562"
020800002025,208,02080000,Norfolk,2025,"1,031","12,579,945","9,800,477",17.50,"3,719,629",0,"13,520,106"
020900002025,209,02090000,North Adams,2025,"1,280","22,174,984","5,756,158",72.39,"16,418,826","202,744","22,174,984"
021000002025,210,02100000,Northampton,2025,"2,600","35,941,837","29,043,502",17.50,"8,229,089",0,"37,272,591"
021100002025,211,02110000,North Andover,2025,"4,460","58,940,202","47,473,051",17.50,"12,406,539",0,"59,879,590"
021200002025,212,02120000,North Attleborough,2025,"3,974","52,550,991","34,400,627",25.52,"21,706,827",0,"56,107,454"
021300002025,213,02130000,Northborough,2025,"1,667","20,846,041","16,677,517",17.50,"4,406,358",0,"21,083,875"
021400002025,214,02140000,Northbridge,2025,"1,918","27,773,857","15,208,759",38.67,"16,105,353",0,"31,314,112"
021500002025,215,02150000,North Brookfield,2025,565,"8,161,429","3,523,318",51.36,"4,964,316",0,"8,487,634"
021600002025,216,02160000,Northfield,2025,0,0,0,17.50,0,0,0
021700002025,217,02170000,North Reading,2025,"2,260","29,675,954","24,047,692",17.50,"7,727,287",0,"31,774,979"
021800002025,218,02180000,Norton,2025,"2,173","29,386,897","22,278,223",20.39,"13,386,532",0,"35,664,755"
021900002025,219,02190000,Norwell,2025,"2,115","26,697,645","22,025,558",17.50,"5,232,088",0,"27,257,646"
022000002025,220,02200000,Norwood,2025,"3,596","56,535,316","39,118,730",17.50,"17,416,586","1,075,149","56,535,316"
022100002025,221,02210000,Oak Bluffs,2025,421,"6,233,850","5,142,926",17.50,"1,995,349",0,"7,138,275"
022200002025,222,02220000,Oakham,2025,0,0,0,39.65,0,0,0
022300002025,223,02230000,Orange,2025,573,"9,418,169","2,446,944",71.18,"6,971,225","91,323","9,418,169"
022400002025,224,02240000,Orleans,2025,145,"2,052,611","1,693,404",17.50,"469,634",0,"2,163,038"
022500002025,225,02250000,Otis,2025,0,0,0,17.50,0,0,0
022600002025,226,02260000,Oxford,2025,"1,569","23,877,644","11,652,431",48.69,"12,225,213","1,270,157","23,877,644"
022700002025,227,02270000,Palmer,2025,"1,196","19,106,951","7,584,489",58.18,"11,845,054",0,"19,429,543"
022800002025,228,02280000,Paxton,2025,0,0,0,30.76,0,0,0
022900002025,229,02290000,Peabody,2025,"5,981","95,329,653","58,256,933",32.71,"37,072,720","1,714,341","95,329,653"
023000002025,230,02300000,Pelham,2025,63,"910,076","661,794",17.50,"254,815",19,"916,609"
023100002025,231,02310000,Pembroke,2025,"2,483","33,089,291","25,260,111",18.31,"14,267,124",0,"39,527,235"
023200002025,232,02320000,Pepperell,2025,0,0,0,35.33,0,0,0
023300002025,233,02330000,Peru,2025,8,"134,883","60,567",49.48,"91,030",0,"151,597"
023400002025,234,02340000,Petersham,2025,83,"1,204,092","666,342",35.22,"537,750","41,543","1,204,092"
023500002025,235,02350000,Phillipston,2025,0,0,0,43.75,0,0,0
023600002025,236,02360000,Pittsfield,2025,"5,558","97,815,674","33,854,715",63.11,"63,960,959","3,113,429","97,815,674"
023700002025,237,02370000,Plainfield,2025,7,"118,022","81,309",24.83,"37,431","8,919","118,740"
023800002025,238,02380000,Plainville,2025,633,"8,367,252","6,374,798",18.76,"3,092,873",0,"9,467,671"
023900002025,239,02390000,Plymouth,2025,"7,591","112,170,810","88,503,759",17.50,"29,055,747",0,"117,559,506"
024000002025,240,02400000,Plympton,2025,263,"3,445,673","2,338,631",25.31,"1,107,042","156,505","3,445,673"
024100002025,241,02410000,Princeton,2025,0,0,0,17.50,0,0,0
024200002025,242,02420000,Provincetown,2025,87,"1,580,908","1,304,249",17.50,"314,499",0,"1,618,748"
024300002025,243,02430000,Quincy,2025,"9,799","167,877,096","127,478,124",17.50,"46,126,903",0,"173,605,027"
024400002025,244,02440000,Randolph,2025,"3,105","53,653,467","27,738,483",40.82,"25,914,984","1,712,338","53,653,467"
024500002025,245,02450000,Raynham,2025,0,0,0,35.78,0,0,0
024600002025,246,02460000,Reading,2025,"3,676","47,040,958","38,808,790",17.50,"11,776,583",0,"50,585,373"
024700002025,247,02470000,Rehoboth,2025,0,0,0,17.50,0,0,0
024800002025,248,02480000,Revere,2025,"8,010","150,716,409","48,522,644",60.60,"102,193,765","3,775,583","150,716,409"
024900002025,249,02490000,Richmond,2025,122,"1,660,447","1,369,869",17.50,"535,143",0,"1,905,012"
025000002025,250,02500000,Rochester,2025,500,"6,292,947","4,161,563",26.36,"2,466,282",0,"6,627,845"
025100002025,251,02510000,Rockland,2025,"2,186","35,665,891","17,102,717",49.36,"18,764,880","25,638","35,867,597"
025200002025,252,02520000,Rockport,2025,555,"7,652,804","6,313,563",17.50,"1,648,466",0,"7,962,029"
025300002025,253,02530000,Rowe,2025,45,"784,243","647,001",17.50,"150,845",0,"797,846"
025400002025,254,02540000,Rowley,2025,5,"86,838","67,825",17.50,"34,649",0,"102,474"
025500002025,255,02550000,Royalston,2025,0,0,0,42.35,0,0,0
025600002025,256,02560000,Russell,2025,14,"267,378","106,157",54.27,"207,425",0,"313,582"
025700002025,257,02570000,Rutland,2025,0,0,0,50.27,0,0,0
025800002025,258,02580000,Salem,2025,"4,290","75,190,968","45,548,652",29.11,"29,642,316","2,186,436","75,190,968"
025900002025,259,02590000,Salisbury,2025,3,"50,581","40,556",17.50,"14,443",0,"54,999"
026000002025,260,02600000,Sandisfield,2025,0,0,0,17.50,0,0,0
026100002025,261,02610000,Sandwich,2025,"2,227","29,473,434","24,315,583",17.50,"7,739,676",0,"32,055,259"
026200002025,262,02620000,Saugus,2025,"2,977","46,319,898","32,254,007",17.50,"14,065,891","2,076,441","46,319,898"
026300002025,263,02630000,Savoy,2025,35,"622,294","425,422",27.09,"525,939",0,"951,361"
026400002025,264,02640000,Scituate,2025,"2,752","35,051,639","28,917,602",17.50,"6,827,035",0,"35,744,637"
026500002025,265,02650000,Seekonk,2025,"2,076","26,822,442","19,300,371",22.20,"7,970,778",0,"27,271,149"
026600002025,266,02660000,Sharon,2025,"3,518","45,602,230","35,374,920",17.50,"10,864,366",0,"46,239,286"
026700002025,267,02670000,Sheffield,2025,4,"45,336","37,402",17.50,"14,170",0,"51,572"
026800002025,268,02680000,Shelburne,2025,0,0,0,19.60,0,0,0
026900002025,269,02690000,Sherborn,2025,402,"4,869,362","4,017,224",17.50,"888,765","5,181","4,905,989"
027000002025,270,02700000,Shirley,2025,0,0,0,36.70,0,0,0
027100002025,271,02710000,Shrewsbury,2025,"5,998","77,754,351","60,858,729",17.50,"21,595,260",0,"82,453,989"
027200002025,272,02720000,Shutesbury,2025,99,"1,330,308","822,355",32.28,"656,282",0,"1,478,637"
027300002025,273,02730000,Somerset,2025,"1,587","20,961,594","10,906,308",39.97,"10,798,977",0,"21,705,285"
027400002025,274,02740000,Somerville,2025,"5,146","92,273,702","76,125,804",17.50,"21,780,232",0,"97,906,036"
027500002025,275,02750000,Southampton,2025,463,"6,090,235","4,421,614",18.94,"2,671,398",0,"7,093,012"
027600002025,276,02760000,Southborough,2025,"1,223","14,839,839","12,011,425",17.50,"3,290,363",0,"15,301,788"
027700002025,277,02770000,Southbridge,2025,"2,248","41,980,390","9,707,895",74.54,"32,272,495","3,285,009","41,980,390"
027800002025,278,02780000,South Hadley,2025,"1,817","26,078,106","15,934,556",32.88,"10,867,199",0,"26,801,755"
027900002025,279,02790000,Southwick,2025,0,0,0,28.37,0,0,0
028000002025,280,02800000,Spencer,2025,4,"67,441","30,010",50.54,"37,431","1,571","67,441"
028100002025,281,02810000,Springfield,2025,"28,394","557,622,638","51,503,174",84.43,"506,119,464","28,381,696","557,622,638"
028200002025,282,02820000,Sterling,2025,1,"16,860","13,853",17.50,"6,178",0,"20,031"
028300002025,283,02830000,Stockbridge,2025,0,0,0,17.50,0,0,0
028400002025,284,02840000,Stoneham,2025,"2,456","33,190,354","26,075,035",17.50,"7,515,053",0,"33,590,088"
028500002025,285,02850000,Stoughton,2025,"3,781","60,534,150","31,939,620",40.68,"28,594,530","2,155,164","60,534,150"
028600002025,286,02860000,Stow,2025,0,0,0,17.50,0,0,0
028700002025,287,02870000,Sturbridge,2025,901,"11,550,189","6,370,085",41.22,"5,180,104","451,876","11,550,189"
028800002025,288,02880000,Sudbury,2025,"2,509","29,591,077","23,968,199",17.50,"5,818,444","65,370","29,786,643"
028900002025,289,02890000,Sunderland,2025,142,"2,077,120","1,678,357",17.50,"910,256",0,"2,588,613"
029000002025,290,02900000,Sutton,2025,"1,314","16,892,398","13,481,611",17.50,"5,805,981",0,"19,287,592"
029100002025,291,02910000,Swampscott,2025,"2,040","26,943,739","21,599,799",17.50,"5,343,940","229,486","26,943,739"
029200002025,292,02920000,Swansea,2025,"2,081","28,125,194","17,101,306",34.54,"11,023,888","581,612","28,125,194"
029300002025,293,02930000,Taunton,2025,"8,235","140,024,274","45,058,660",63.77,"94,965,614","6,036,966","140,024,274"
029400002025,294,02940000,Templeton,2025,1,"16,860","5,783",58.76,"11,077","11,077","16,860"
029500002025,295,02950000,Tewksbury,2025,"3,258","42,576,904","34,163,893",17.50,"14,151,347",0,"48,315,240"
029600002025,296,02960000,Tisbury,2025,355,"5,499,469","4,537,062",17.50,"1,677,249",0,"6,214,311"
029700002025,297,02970000,Tolland,2025,0,0,0,17.50,0,0,0
029800002025,298,02980000,Topsfield,2025,589,"7,135,071","5,582,684",17.50,"1,552,387","84,123","7,135,071"
029900002025,299,02990000,Townsend,2025,0,0,0,46.06,0,0,0
030000002025,300,03000000,Truro,2025,170,"2,291,577","1,890,551",17.50,"447,576",0,"2,338,127"
030100002025,301,03010000,Tyngsborough,2025,"1,594","21,384,095","14,900,523",22.03,"7,820,610",0,"22,721,133"
030200002025,302,03020000,Tyringham,2025,28,"322,865","266,363",17.50,"57,162",0,"323,525"
030300002025,303,03030000,Upton,2025,5,"84,302","65,499",17.50,"39,979",0,"105,478"
030400002025,304,03040000,Uxbridge,2025,"1,649","22,397,905","15,614,534",26.72,"9,861,420",0,"25,475,954"
030500002025,305,03050000,Wakefield,2025,"3,359","44,741,734","36,213,785",17.50,"8,893,073",0,"45,106,858"
030600002025,306,03060000,Wales,2025,105,"1,625,334","599,401",58.96,"1,188,268",0,"1,787,669"
030700002025,307,03070000,Walpole,2025,"3,643","47,733,570","39,164,094",17.50,"10,263,450",0,"49,427,544"
030800002025,308,03080000,Waltham,2025,"5,718","103,566,216","79,254,279",17.50,"24,311,937","690,759","103,566,216"
030900002025,309,03090000,Ware,2025,"1,266","20,308,799","6,201,461",66.72,"14,107,338","580,076","20,308,799"
031000002025,310,03100000,Wareham,2025,"2,244","37,911,821","22,749,870",33.57,"16,460,832",0,"39,210,702"
031100002025,311,03110000,Warren,2025,1,"16,860","5,405",65.61,"11,646",0,"17,051"
031200002025,312,03120000,Warwick,2025,51,"700,344","501,075",17.50,"385,484",0,"886,559"
031300002025,313,03130000,Washington,2025,6,"101,162","63,929",34.49,"37,233","16,847","101,162"
031400002025,314,03140000,Watertown,2025,"2,713","42,285,807","34,885,791",17.50,"8,090,116",0,"42,975,907"
031500002025,315,03150000,Wayland,2025,"2,672","33,905,314","27,971,884",17.50,"7,544,860",0,"35,516,744"
031600002025,316,03160000,Webster,2025,"1,921","33,656,708","13,578,012",53.89,"20,078,696","958,460","33,656,708"
031700002025,317,03170000,Wellesley,2025,"4,118","53,567,077","44,192,838",17.50,"10,345,036",0,"54,537,874"
031800002025,318,03180000,Wellfleet,2025,105,"1,446,547","1,193,401",17.50,"313,313",0,"1,506,714"
031900002025,319,03190000,Wendell,2025,0,0,0,57.59,0,0,0
032000002025,320,03200000,Wenham,2025,0,0,0,17.50,0,0,0
032100002025,321,03210000,Westborough,2025,"3,819","49,809,694","38,095,421",17.50,"12,309,756",0,"50,405,177"
032200002025,322,03220000,West Boylston,2025,830,"11,804,798","8,971,206",17.50,"3,244,345",0,"12,215,551"
032300002025,323,03230000,West Bridgewater,2025,"1,154","15,992,142","9,060,869",40.13,"6,931,273","412,889","15,992,142"
032400002025,324,03240000,West Brookfield,2025,26,"469,702","266,402",35.65,"328,719",0,"595,121"
032500002025,325,03250000,Westfield,2025,"4,815","77,785,676","33,756,613",54.40,"44,029,063","1,032,280","77,785,676"
032600002025,326,03260000,Westford,2025,"4,566","56,506,301","43,815,994",17.50,"18,305,619",0,"62,121,613"
032700002025,327,03270000,Westhampton,2025,92,"1,321,579","1,072,012",17.50,"501,198",0,"1,573,210"
032800002025,328,03280000,Westminster,2025,0,0,0,39.29,0,0,0
032900002025,329,03290000,West Newbury,2025,4,"67,441","54,290",17.50,"13,151","6,748","67,441"
033000002025,330,03300000,Weston,2025,"2,041","26,381,908","21,765,074",17.50,"4,655,909","173,189","26,420,983"
033100002025,331,03310000,Westport,2025,"1,595","22,168,977","16,573,075",17.50,"5,595,902","346,732","22,168,977"
033200002025,332,03320000,West Springfield,2025,"4,087","68,366,793","24,010,686",59.42,"44,356,107","3,694,771","68,366,793"
033300002025,333,03330000,West Stockbridge,2025,0,0,0,17.50,0,0,0
033400002025,334,03340000,West Tisbury,2025,0,0,0,17.50,0,0,0
033500002025,335,03350000,Westwood,2025,"2,890","36,920,748","30,155,173",17.50,"7,370,026",0,"37,525,199"
033600002025,336,03360000,Weymouth,2025,"5,877","92,545,802","69,831,655",17.50,"29,927,183",0,"99,758,838"
033700002025,337,03370000,Whately,2025,85,"1,124,389","859,258",17.50,"338,183",0,"1,197,441"
033800002025,338,03380000,Whitman,2025,13,"250,518","110,381",50.62,"140,137",674,"250,518"
033900002025,339,03390000,Wilbraham,2025,0,0,0,33.72,0,0,0
034000002025,340,03400000,Williamsburg,2025,136,"2,006,165","1,353,300",26.97,"857,581",0,"2,210,881"
034100002025,341,03410000,Williamstown,2025,0,0,0,17.50,0,0,0
034200002025,342,03420000,Wilmington,2025,"2,805","36,803,962","29,777,494",17.50,"12,185,870",0,"41,963,364"
034300002025,343,03430000,Winchendon,2025,"1,294","20,484,346","6,462,904",64.76,"14,135,502","20,516","20,598,406"
034400002025,344,03440000,Winchester,2025,"4,346","55,351,171","45,664,717",17.50,"10,729,103",0,"56,393,820"
034500002025,345,03450000,Windsor,2025,5,"84,302","68,029",17.50,"26,462",0,"94,491"
034600002025,346,03460000,Winthrop,2025,"1,995","30,384,003","20,235,207",23.38,"10,148,796","401,812","30,384,003"
034700002025,347,03470000,Woburn,2025,"4,533","70,723,977","55,994,588",17.50,"14,729,389","1,130,575","70,723,977"
034800002025,348,03480000,Worcester,2025,"26,667","505,110,666","127,670,996",70.71,"377,439,670","19,897,765","505,110,666"
034900002025,349,03490000,Worthington,2025,119,"1,599,602","1,175,020",17.50,"477,342",0,"1,652,362"
035000002025,350,03500000,Wrentham,2025,956,"12,020,259","9,445,383",17.50,"4,023,497",0,"13,468,880"
035100002025,351,03510000,Yarmouth,2025,0,0,0,17.50,0,0,0
040600002025,406,04060000,Northampton-Smith Vocational Agricultural,2025,119,"3,830,697","3,095,469",17.50,"942,921",0,"4,038,390"
060000002025,600,06000000,Acton-Boxborough,2025,"4,960","65,611,193","52,313,929",17.50,"16,458,771",0,"68,772,700"
060300002025,603,06030000,Adams-Cheshire,2025,"1,157","18,240,973","6,410,290",61.87,"11,830,683","597,452","18,240,973"
060500002025,605,06050000,Amherst-Pelham,2025,"1,241","17,938,493","14,305,435",18.74,"9,885,461",0,"24,190,896"
061000002025,610,06100000,Ashburnham-Westminster,2025,"2,241","29,665,603","14,854,145",44.65,"15,928,887",0,"30,783,032"
061500002025,615,06150000,Athol-Royalston,2025,"1,773","28,689,338","4,712,028",69.06,"24,764,149","592,644","29,476,177"
061600002025,616,06160000,Ayer Shirley,2025,"1,698","23,852,634","15,653,161",29.55,"8,729,483",0,"24,382,644"
061800002025,618,06180000,Berkshire Hills,2025,946,"15,185,337","11,787,069",17.50,"3,398,268","325,650","15,185,337"
062000002025,620,06200000,Berlin-Boylston,2025,"1,053","13,467,608","10,476,087",17.50,"2,991,521","194,906","13,467,608"
062200002025,622,06220000,Blackstone-Millville,2025,"1,597","22,150,137","11,211,778",45.62,"11,394,117",0,"22,605,895"
062500002025,625,06250000,Bridgewater-Raynham,2025,"5,694","76,500,993","44,978,242",35.88,"31,528,709","586,218","76,506,951"
063200002025,632,06320000,Chesterfield-Goshen,2025,113,"1,573,384","1,124,623",24.11,"781,022",0,"1,905,645"
063500002025,635,06350000,Central Berkshire,2025,"1,528","22,485,790","12,628,653",40.28,"9,857,137","355,794","22,485,790"
064000002025,640,06400000,Concord-Carlisle,2025,"1,266","17,738,547","14,634,301",17.50,"3,425,673",0,"18,059,974"
064500002025,645,06450000,Dennis-Yarmouth,2025,"3,261","53,177,397","40,603,887",17.50,"12,573,510","913,828","53,177,397"
065000002025,650,06500000,Dighton-Rehoboth,2025,"2,603","34,651,952","23,801,972",29.08,"13,618,578",0,"37,420,550"
065500002025,655,06550000,Dover-Sherborn,2025,"1,148","15,036,111","12,404,791",17.50,"2,774,402",0,"15,179,193"
065800002025,658,06580000,Dudley-Charlton,2025,"3,301","46,546,244","22,032,809",46.59,"25,328,187",0,"47,360,996"
066000002025,660,06600000,Nauset,2025,"1,170","17,234,197","14,218,211",17.50,"3,828,229",0,"18,046,440"
066200002025,662,06620000,Farmington River,2025,224,"3,242,283","2,507,239",17.50,"735,044","109,913","3,242,283"
066500002025,665,06650000,Freetown-Lakeville,2025,"2,720","35,494,251","24,992,714",22.37,"11,940,339",0,"36,933,053"
067000002025,670,06700000,Frontier,2025,478,"6,897,530","5,613,913",17.50,"2,982,227",0,"8,596,140"
067200002025,672,06720000,Gateway,2025,775,"12,121,904","5,892,974",44.95,"6,228,930","293,784","12,121,904"
067300002025,673,06730000,Groton-Dunstable,2025,"2,250","27,803,440","22,810,900",17.50,"11,495,903",0,"34,306,803"
067400002025,674,06740000,Gill-Montague,2025,938,"15,171,727","7,362,219",48.85,"7,932,423",0,"15,294,642"
067500002025,675,06750000,Hamilton-Wenham,2025,"1,631","20,510,939","16,533,729",17.50,"4,188,792",0,"20,722,521"
068000002025,680,06800000,Hampden-Wilbraham,2025,"2,764","36,624,240","24,791,314",30.55,"12,629,980",0,"37,421,294"
068300002025,683,06830000,Hampshire,2025,591,"7,980,532","5,799,556",20.89,"3,423,417",0,"9,222,973"
068500002025,685,06850000,Hawlemont,2025,81,"1,168,905","694,848",37.45,"657,220",0,"1,352,068"
069000002025,690,06900000,King Philip,2025,"1,962","26,298,807","20,432,925",17.84,"8,089,228",0,"28,522,153"
069500002025,695,06950000,Lincoln-Sudbury,2025,"1,523","20,426,551","16,585,404",17.50,"4,001,267",0,"20,586,671"
069800002025,698,06980000,Manchester Essex,2025,"1,132","14,742,043","12,025,689",17.50,"3,348,466",0,"15,374,155"
070000002025,700,07000000,Marthas Vineyard,2025,793,"14,025,834","11,571,313",17.50,"3,630,738",0,"15,202,051"
070500002025,705,07050000,Masconomet,2025,"1,576","21,025,302","16,808,710",17.50,"5,615,603",0,"22,424,313"
071000002025,710,07100000,Mendon-Upton,2025,"1,977","25,098,754","19,792,146",17.50,"12,963,694",0,"32,755,840"
071200002025,712,07120000,Monomoy,2025,"1,615","24,010,799","19,808,909",17.50,"4,383,065",0,"24,191,974"
071500002025,715,07150000,Mount Greylock,2025,"1,107","15,022,012","10,049,816",25.00,"4,972,446","114,878","15,022,262"
071700002025,717,07170000,Mohawk Trail,2025,780,"11,760,101","7,264,768",33.06,"6,259,634",0,"13,524,402"
072000002025,720,07200000,Narragansett,2025,"1,330","19,056,827","7,014,900",56.41,"12,479,169",0,"19,494,069"
072500002025,725,07250000,Nashoba,2025,"3,078","39,516,917","30,118,867",21.02,"10,097,148",0,"40,216,015"
072800002025,728,07280000,New Salem-Wendell,2025,112,"1,606,230","779,247",46.72,"924,140",0,"1,703,387"
073000002025,730,07300000,Northboro-Southboro,2025,"1,223","16,786,924","13,490,437",17.50,"3,489,416",0,"16,979,853"
073500002025,735,07350000,North Middlesex,2025,"3,099","41,616,154","22,365,493",40.71,"21,174,929",0,"43,540,422"
074000002025,740,07400000,Old Rochester,2025,949,"13,306,822","10,043,860",20.41,"3,567,021",0,"13,610,881"
074500002025,745,07450000,Pentucket,2025,"2,287","28,773,485","21,416,293",19.99,"13,760,290",0,"35,176,583"
075000002025,750,07500000,Pioneer Valley,2025,545,"7,649,538","5,011,238",26.33,"4,071,949",0,"9,083,187"
075300002025,753,07530000,Quabbin,2025,"1,931","27,702,274","12,767,470",48.84,"17,139,362",0,"29,906,832"
075500002025,755,07550000,Ralph C Mahar,2025,553,"9,180,437","2,903,267",64.63,"6,277,170","229,613","9,180,437"
076000002025,760,07600000,Silver Lake,2025,"1,733","26,861,457","16,324,599",33.94,"10,536,858","1,025,337","26,861,457"
076300002025,763,07630000,Somerset Berkley,2025,955,"14,145,682","7,510,406",40.06,"7,069,701",0,"14,580,107"
076500002025,765,07650000,Southern Berkshire,2025,626,"9,110,625","7,516,265",17.50,"2,149,695",0,"9,665,960"
076600002025,766,07660000,Southwick-Tolland-Granville,2025,"1,258","18,485,700","12,602,300",27.29,"10,171,940",0,"22,774,240"
076700002025,767,07670000,Spencer-E Brookfield,2025,"1,524","24,082,014","11,053,262",49.09,"14,079,530",0,"25,132,792"
077000002025,770,07700000,Tantasqua,2025,"1,524","23,965,742","12,504,793",43.73,"11,460,949","517,181","23,965,742"
077300002025,773,07730000,Triton,2025,"2,156","30,126,361","24,150,274",17.50,"9,331,285",0,"33,481,559"
077400002025,774,07740000,Up-Island,2025,385,"5,151,590","4,250,062",17.50,"1,007,712",0,"5,257,774"
077500002025,775,07750000,Wachusett,2025,"6,807","86,493,264","51,193,105",35.65,"36,558,963",0,"87,752,068"
077800002025,778,07780000,Quaboag,2025,"1,034","15,692,441","6,621,808",53.29,"10,445,665",0,"17,067,473"
078000002025,780,07800000,Whitman-Hanson,2025,"3,534","48,997,412","24,688,171",43.89,"25,670,796",0,"50,358,967"
080100002025,801,08010000,Assabet Valley Regional Vocational Technical,2025,"1,019","23,337,073","13,488,592",37.12,"9,848,481","753,548","23,337,073"
080500002025,805,08050000,Blackstone Valley Regional Vocational Technical,2025,"1,261","24,426,955","15,281,189",32.91,"9,407,272",0,"24,688,461"
080600002025,806,08060000,Blue Hills Regional Vocational Technical,2025,928,"20,640,945","13,165,278",28.96,"7,475,667","274,992","20,640,945"
081000002025,810,08100000,Bristol-Plymouth Regional Vocational Technical,2025,"1,362","27,594,091","13,255,197",47.69,"14,460,069","20,473","27,715,266"
081500002025,815,08150000,Cape Cod Regional Vocational Technical,2025,667,"14,535,867","11,273,432",17.50,"3,476,640",0,"14,750,072"
081700002025,817,08170000,Essex North Shore,2025,"1,413","28,509,098","20,417,318",23.36,"8,091,780","256,333","28,509,098"
081800002025,818,08180000,Franklin County Regional Vocational Technical,2025,571,"12,480,308","6,519,373",44.23,"6,017,077","3,242","12,536,450"
082100002025,821,08210000,Greater Fall River Regional Vocational Technical,2025,"1,479","32,450,539","9,405,908",65.14,"23,044,631","1,084,838","32,450,539"
082300002025,823,08230000,Greater Lawrence Regional Vocational Technical,2025,"1,778","46,223,891","7,953,337",74.18,"38,270,554","2,721,179","46,223,891"
082500002025,825,08250000,Greater New Bedford Regional Vocational Technical,2025,"2,160","49,088,629","13,645,535",66.41,"35,443,094","1,886,947","49,088,629"
082800002025,828,08280000,Greater Lowell Regional Vocational Technical,2025,"2,373","53,599,212","15,928,699",65.38,"37,683,807","445,230","53,612,506"
082900002025,829,08290000,South Middlesex Regional Vocational Technical,2025,869,"20,411,990","11,298,529",37.99,"9,063,820","140,017","20,362,349"
083000002025,830,08300000,Minuteman Regional Vocational Technical,2025,654,"13,658,261","10,712,608",18.44,"3,046,779",0,"13,759,387"
083200002025,832,08320000,Montachusett Regional Vocational Technical,2025,"1,476","29,905,697","11,646,249",55.55,"18,472,208",0,"30,118,457"
085100002025,851,08510000,Northern Berkshire Regional Vocational Technical,2025,499,"10,940,102","3,905,500",60.69,"7,034,602","193,570","10,940,102"
085200002025,852,08520000,Nashoba Valley Regional Vocational Technical,2025,757,"15,600,626","10,713,562",26.76,"4,887,064","185,130","15,600,626"
085300002025,853,08530000,Northeast Metropolitan Regional Vocational Technical,2025,"1,345","31,943,469","16,660,786",41.43,"15,282,683","1,209,709","31,943,469"
085500002025,855,08550000,Old Colony Regional Vocational Technical,2025,553,"10,906,850","6,864,321",30.66,"4,229,115",0,"11,093,436"
086000002025,860,08600000,Pathfinder Regional Vocational Technical,2025,623,"13,574,951","5,890,946",53.88,"7,684,005","228,857","13,574,951"
087100002025,871,08710000,Shawsheen Valley Regional Vocational Technical,2025,"1,308","25,845,028","20,804,980",17.50,"6,803,073",0,"27,608,053"
087200002025,872,08720000,Southeastern Regional Vocational Technical,2025,"1,677","36,650,377","13,488,405",58.48,"23,161,972","1,027,666","36,650,377"
087300002025,873,08730000,South Shore Regional Vocational Technical,2025,663,"13,836,189","7,981,179",38.04,"5,861,247","156,638","13,842,426"
087600002025,876,08760000,Southern Worcester County Regional Vocational Technical,2025,"1,243","25,679,391","11,220,404",51.67,"14,458,987","239,707","25,679,391"
087800002025,878,08780000,Tri County Regional Vocational Technical,2025,942,"19,698,359","14,493,433",20.81,"5,951,816",0,"20,445,249"
087900002025,879,08790000,Upper Cape Cod Regional Vocational Technical,2025,856,"18,130,703","13,570,576",22.44,"4,589,560","108,885","18,160,136"
088500002025,885,08850000,Whittier Regional Vocational Technical,2025,"1,277","27,194,608","13,749,864",44.46,"13,520,415","57,137","27,270,279"
091000002025,910,09100000,Bristol County Agricultural,2025,511,"10,653,111","5,504,395",43.02,"5,148,716","222,521","10,653,111"
091500002025,915,09150000,Norfolk County Agricultural,2025,248,"5,461,945","4,073,476",20.47,"1,492,005",0,"5,565,481"
000000002026,999,00000000,State,2026,"905,307","15,314,834,159","8,377,180,548",41.00,"7,361,555,994","383,329,581","15,738,736,542"
000100002026,1,00010000,Abington,2026,"2,200","33,501,031","18,800,612",36.79,"14,812,278","218,141","33,612,890"
000200002026,2,00020000,Acton,2026,0,0,0,17.50,0,0,0
000300002026,3,00030000,Acushnet,2026,"1,131","15,639,643","9,288,698",32.35,"7,461,972",0,"16,750,670"
000400002026,4,00040000,Adams,2026,0,0,0,65.04,0,0,0
000500002026,5,00050000,Agawam,2026,"3,463","55,345,476","28,135,196",44.24,"27,210,280","1,124,539","55,345,476"
000600002026,6,00060000,Alford,2026,0,0,0,17.50,0,0,0
000700002026,7,00070000,Amesbury,2026,"1,919","28,109,289","20,286,760",17.50,"9,957,529",0,"30,244,289"
000800002026,8,00080000,Amherst,2026,"1,037","14,981,907","11,896,370",17.50,"6,538,659",0,"18,435,029"
000900002026,9,00090000,Andover,2026,"5,464","75,901,320","62,087,646",17.50,"15,338,760",0,"77,426,406"
001000002026,10,00100000,Arlington,2026,"6,114","81,515,548","61,905,761",17.50,"20,246,693","280,194","82,152,454"
001100002026,11,00110000,Ashburnham,2026,0,0,0,47.48,0,0,0
001200002026,12,00120000,Ashby,2026,0,0,0,38.26,0,0,0
001300002026,13,00130000,Ashfield,2026,12,"240,366","182,183",17.50,"93,683",0,"275,866"
001400002026,14,00140000,Ashland,2026,"2,837","39,209,500","28,541,470",17.50,"11,996,178",0,"40,537,648"
001500002026,15,00150000,Athol,2026,0,0,0,69.69,0,0,0
001600002026,16,00160000,Attleboro,2026,"6,440","110,074,456","48,277,999",51.09,"61,796,457","5,820,714","110,074,456"
001700002026,17,00170000,Auburn,2026,"2,400","34,174,444","18,808,409",39.85,"15,740,489",0,"34,548,898"
001800002026,18,00180000,Avon,2026,588,"10,349,489","5,949,758",33.36,"4,399,731","194,176","10,349,489"
001900002026,19,00190000,Ayer,2026,0,0,0,23.87,0,0,0
002000002026,20,00200000,Barnstable,2026,"5,230","91,282,282","68,459,559",17.50,"26,088,377",0,"94,547,936"
002100002026,21,00210000,Barre,2026,0,0,0,53.32,0,0,0
002200002026,22,00220000,Becket,2026,19,"361,846","287,491",17.50,"76,923",0,"364,414"
002300002026,23,00230000,Bedford,2026,"2,528","35,245,066","29,077,179",17.50,"6,667,909",0,"35,745,088"
002400002026,24,00240000,Belchertown,2026,"2,043","27,957,663","15,052,180",40.66,"14,735,480",0,"29,787,660"
002500002026,25,00250000,Bellingham,2026,"2,206","31,820,375","22,163,244",25.29,"10,531,532",0,"32,694,776"
002600002026,26,00260000,Belmont,2026,"4,538","61,875,521","49,876,878",17.50,"12,935,419",0,"62,812,297"
002700002026,27,00270000,Berkley,2026,640,"8,738,337","5,232,212",34.99,"4,318,848",0,"9,551,060"
002800002026,28,00280000,Berlin,2026,0,0,0,17.50,0,0,0
002900002026,29,00290000,Bernardston,2026,0,0,0,38.48,0,0,0
003000002026,30,00300000,Beverly,2026,"4,437","64,124,970","51,585,549",17.50,"15,674,495",0,"67,260,044"
003100002026,31,00310000,Billerica,2026,"4,999","68,911,292","55,154,759",17.50,"21,331,984",0,"76,486,743"
003200002026,32,00320000,Blackstone,2026,12,"240,366","120,024",46.15,"234,189",0,"354,213"
003300002026,33,00330000,Blandford,2026,11,"223,012","162,784",17.50,"77,586",0,"240,370"
003400002026,34,00340000,Bolton,2026,1,"17,899","14,425",17.50,"3,474","3,474","17,899"
003500002026,35,00350000,Boston,2026,"57,616","1,220,875,807","1,007,222,540",17.50,"245,309,561",0,"1,252,532,101"
003600002026,36,00360000,Bourne,2026,"1,624","24,040,569","19,771,933",17.50,"5,892,775",0,"25,664,708"
003700002026,37,00370000,Boxborough,2026,4,"74,533","57,871",17.50,"32,909",0,"90,780"
003800002026,38,00380000,Boxford,2026,749,"9,386,167","7,523,174",17.50,"2,044,923",0,"9,568,097"
003900002026,39,00390000,Boylston,2026,9,"156,189","128,856",17.50,"113,472",0,"242,328"
004000002026,40,00400000,Braintree,2026,"5,121","75,740,828","57,604,796",18.21,"21,959,550",0,"79,564,346"
004100002026,41,00410000,Brewster,2026,419,"6,081,078","5,016,889",17.50,"1,484,085",0,"6,500,974"
004200002026,42,00420000,Bridgewater,2026,24,"448,617","258,421",33.72,"190,196","50,762","448,617"
004300002026,43,00430000,Brimfield,2026,251,"3,424,748","1,917,011",39.47,"1,791,067",0,"3,708,078"
004400002026,44,00440000,Brockton,2026,"17,203","344,720,845","62,646,528",76.95,"282,074,317","25,583,565","344,720,845"
004500002026,45,00450000,Brookfield,2026,221,"3,273,863","1,445,613",51.11,"1,968,286",0,"3,413,899"
004600002026,46,00460000,Brookline,2026,"6,881","95,312,163","78,632,534",17.50,"17,784,893",0,"96,417,427"
004700002026,47,00470000,Buckland,2026,0,0,0,43.35,0,0,0
004800002026,48,00480000,Burlington,2026,"3,523","50,997,674","41,124,446",17.50,"10,503,556",0,"51,628,002"
004900002026,49,00490000,Cambridge,2026,"7,446","129,510,667","106,846,300",17.50,"22,664,367","1,845,761","129,510,667"
005000002026,50,00500000,Canton,2026,"3,301","47,358,583","38,091,394",17.50,"9,502,600","259,739","47,593,994"
005100002026,51,00510000,Carlisle,2026,576,"7,237,676","5,971,083",17.50,"1,533,774",0,"7,504,857"
005200002026,52,00520000,Carver,2026,"1,467","21,388,081","11,861,024",37.87,"10,839,443",0,"22,700,467"
005300002026,53,00530000,Charlemont,2026,12,"240,366","133,498",33.57,"106,868","4,053","240,366"
005400002026,54,00540000,Charlton,2026,0,0,0,33.51,0,0,0
005500002026,55,00550000,Chatham,2026,0,0,0,17.50,0,0,0
005600002026,56,00560000,Chelmsford,2026,"5,132","68,619,087","55,152,965",17.50,"15,450,424",0,"70,603,389"
005700002026,57,00570000,Chelsea,2026,"7,029","155,824,471","25,069,966",77.44,"130,754,505","7,556,607","155,824,471"
005800002026,58,00580000,Cheshire,2026,1,"17,354","8,633",44.28,"16,351",0,"24,984"
005900002026,59,00590000,Chester,2026,9,"156,189","76,907",45.86,"79,282","7,268","156,189"
006000002026,60,00600000,Chesterfield,2026,15,"292,429","227,046",17.50,"133,594",0,"360,640"
006100002026,61,00610000,Chicopee,2026,"7,198","136,705,069","36,463,911",70.47,"100,241,158","6,215,300","136,705,069"
006200002026,62,00620000,Chilmark,2026,0,0,0,17.50,0,0,0
006300002026,63,00630000,Clarksburg,2026,201,"2,998,079","793,818",70.08,"2,204,261","121,354","2,998,079"
006400002026,64,00640000,Clinton,2026,"2,129","36,558,782","14,710,647",55.13,"21,848,135","1,434,947","36,558,782"
006500002026,65,00650000,Cohasset,2026,"1,408","18,191,220","15,007,757",17.50,"3,333,035","61,628","18,340,792"
006600002026,66,00660000,Colrain,2026,0,0,0,46.76,0,0,0
006700002026,67,00670000,Concord,2026,"1,892","24,461,959","20,181,116",17.50,"4,524,105","40,538","24,705,221"
006800002026,68,00680000,Conway,2026,83,"1,196,505","987,117",17.50,"656,966",0,"1,644,083"
006900002026,69,00690000,Cummington,2026,5,"86,771","71,586",17.50,"59,811",0,"131,397"
007000002026,70,00700000,Dalton,2026,26,"483,326","221,639",50.39,"261,687","49,518","483,326"
007100002026,71,00710000,Danvers,2026,"3,313","46,476,053","36,728,197",17.50,"10,137,350","107,456","46,865,547"
007200002026,72,00720000,Dartmouth,2026,"3,203","45,395,663","37,451,422",17.50,"11,271,317",0,"48,722,739"
007300002026,73,00730000,Dedham,2026,"2,707","40,094,756","30,840,581",17.50,"10,145,563",0,"40,986,144"
007400002026,74,00740000,Deerfield,2026,261,"3,493,017","2,881,739",17.50,"1,225,219",0,"4,106,958"
007500002026,75,00750000,Dennis,2026,0,0,0,17.50,0,0,0
007600002026,76,00760000,Dighton,2026,1,"17,354","9,474",35.00,"8,253",0,"17,727"
007700002026,77,00770000,Douglas,2026,"1,041","14,294,447","9,322,034",25.89,"9,195,163",0,"18,517,197"
007800002026,78,00780000,Dover,2026,474,"6,012,595","4,960,391",17.50,"1,154,911",0,"6,115,302"
007900002026,79,00790000,Dracut,2026,"3,775","55,951,049","28,785,919",40.16,"28,136,689",0,"56,922,608"
008000002026,80,00800000,Dudley,2026,1,"17,354","6,371",52.05,"10,983","10,983","17,354"
008100002026,81,00810000,Dunstable,2026,0,0,0,17.50,0,0,0
008200002026,82,00820000,Duxbury,2026,"2,693","35,054,190","28,849,041",17.50,"7,351,890",0,"36,200,931"
008300002026,83,00830000,East Bridgewater,2026,"1,956","27,680,261","15,476,590",37.18,"13,370,869",0,"28,847,459"
008400002026,84,00840000,East Brookfield,2026,24,"448,617","227,537",43.70,"221,080","34,404","448,617"
008500002026,85,00850000,Eastham,2026,195,"2,811,123","2,319,176",17.50,"556,679",0,"2,875,855"
008600002026,86,00860000,Easthampton,2026,"1,565","23,886,650","15,814,907",27.45,"9,063,542",0,"24,878,449"
008700002026,87,00870000,East Longmeadow,2026,"2,468","34,975,335","20,638,923",35.39,"15,669,936",0,"36,308,859"
008800002026,88,00880000,Easton,2026,"3,349","45,287,684","36,311,272",17.50,"11,511,787",0,"47,823,059"
008900002026,89,00890000,Edgartown,2026,393,"6,271,712","5,174,162",17.50,"1,269,737",0,"6,443,899"
009000002026,90,00900000,Egremont,2026,0,0,0,17.50,0,0,0
009100002026,91,00910000,Erving,2026,175,"2,485,224","2,050,310",17.50,"603,466",0,"2,653,776"
009200002026,92,00920000,Essex,2026,0,0,0,17.50,0,0,0
009300002026,93,00930000,Everett,2026,"8,009","172,711,735","45,846,412",71.86,"126,865,323","8,792,447","172,711,735"
009400002026,94,00940000,Fairhaven,2026,"1,590","24,525,651","15,860,855",26.97,"10,036,083",0,"25,896,938"
009500002026,95,00950000,Fall River,2026,"13,106","273,966,514","43,178,238",77.95,"230,788,276","28,456,674","273,966,514"
009600002026,96,00960000,Falmouth,2026,"2,810","43,846,642","36,173,479",17.50,"10,042,889",0,"46,216,368"
009700002026,97,00970000,Fitchburg,2026,"5,791","110,532,275","24,320,887",72.73,"86,211,388","8,258,295","110,532,275"
009800002026,98,00980000,Florida,2026,47,"767,291","449,313",35.57,"572,487",0,"1,021,800"
009900002026,99,00990000,Foxborough,2026,"2,580","37,172,002","29,764,062",17.50,"10,082,632",0,"39,846,694"
010000002026,100,01000000,Framingham,2026,"9,532","173,968,070","81,468,888",47.53,"92,499,182","6,512,464","173,968,070"
010100002026,101,01010000,Franklin,2026,"4,951","68,009,481","52,439,022",17.50,"30,460,643",0,"82,899,665"
010200002026,102,01020000,Freetown,2026,1,"17,354","13,171",17.50,"16,860",0,"30,031"
010300002026,103,01030000,Gardner,2026,"2,500","45,038,410","12,662,453",66.42,"32,375,957","2,698,747","45,038,410"
010400002026,104,01040000,Aquinnah,2026,0,0,0,17.50,0,0,0
010500002026,105,01050000,Georgetown,2026,"1,157","15,021,753","12,206,104",17.50,"6,011,432",0,"18,217,536"
010600002026,106,01060000,Gill,2026,0,0,0,36.88,0,0,0
010700002026,107,01070000,Gloucester,2026,"3,009","50,710,044","39,344,590",17.50,"12,161,741",0,"51,506,331"
010800002026,108,01080000,Goshen,2026,12,"240,366","155,850",31.17,"96,381",0,"252,231"
010900002026,109,01090000,Gosnold,2026,0,0,0,100.00,0,0,0
011000002026,110,01100000,Grafton,2026,"2,956","39,402,336","27,625,677",17.50,"13,539,728",0,"41,165,405"
011100002026,111,01110000,Granby,2026,641,"9,473,831","6,338,906",25.62,"4,929,700",0,"11,268,606"
011200002026,112,01120000,Granville,2026,25,"465,972","326,452",23.79,"139,520","69,492","465,972"
011300002026,113,01130000,Great Barrington,2026,0,0,0,17.50,0,0,0
011400002026,114,01140000,Greenfield,2026,"1,686","28,110,845","11,981,726",53.35,"16,748,064",0,"28,729,790"
011500002026,115,01150000,Groton,2026,0,0,0,17.50,0,0,0
011600002026,116,01160000,Groveland,2026,8,"138,834","101,705",18.87,"65,470",0,"167,175"
011700002026,117,01170000,Hadley,2026,435,"6,594,207","5,374,427",17.50,"1,462,046",0,"6,836,473"
011800002026,118,01180000,Halifax,2026,543,"7,476,146","4,173,331",37.73,"3,649,183",0,"7,822,514"
011900002026,119,01190000,Hamilton,2026,0,0,0,17.50,0,0,0
012000002026,120,01200000,Hampden,2026,0,0,0,17.50,0,0,0
012100002026,121,01210000,Hancock,2026,86,"1,251,017","855,049",17.50,"463,156",0,"1,318,205"
012200002026,122,01220000,Hanover,2026,"2,472","32,549,061","25,651,759",17.50,"8,088,931",0,"33,740,690"
012300002026,123,01230000,Hanson,2026,5,"86,771","54,413",29.90,"40,519",0,"94,932"
012400002026,124,01240000,Hardwick,2026,0,0,0,46.66,0,0,0
012500002026,125,01250000,Harvard,2026,868,"11,305,864","9,082,614",17.50,"2,418,691",0,"11,501,305"
012600002026,126,01260000,Harwich,2026,0,0,0,17.50,0,0,0
012700002026,127,01270000,Hatfield,2026,278,"3,981,920","3,285,084",17.50,"969,096",0,"4,254,180"
012800002026,128,01280000,Haverhill,2026,"8,435","149,713,125","55,493,490",55.85,"94,219,635","6,251,583","149,713,125"
012900002026,129,01290000,Hawley,2026,2,"34,709","28,635",17.50,"13,300",0,"41,935"
013000002026,130,01300000,Heath,2026,0,0,0,57.34,0,0,0
013100002026,131,01310000,Hingham,2026,"3,528","46,634,193","38,473,209",17.50,"9,439,417",0,"47,912,626"
013200002026,132,01320000,Hinsdale,2026,10,"173,543","123,025",17.50,"104,923",0,"227,948"
013300002026,133,01330000,Holbrook,2026,"1,394","23,413,602","10,616,613",47.67,"12,796,989","1,527,175","23,413,602"
013400002026,134,01340000,Holden,2026,1,"17,354","10,322",33.93,"14,521",0,"24,843"
013500002026,135,01350000,Holland,2026,153,"2,321,785","1,507,847",29.71,"1,052,634",0,"2,560,481"
013600002026,136,01360000,Holliston,2026,"2,577","33,988,556","26,548,599",17.50,"9,575,140",0,"36,123,739"
013700002026,137,01370000,Holyoke,2026,"5,804","120,721,754","13,957,634",81.30,"106,764,120","5,572,990","120,721,754"
013800002026,138,01380000,Hopedale,2026,883,"12,503,191","7,211,367",38.65,"6,443,660",0,"13,655,027"
013900002026,139,01390000,Hopkinton,2026,"4,208","55,425,077","45,725,689",17.50,"10,864,019",0,"56,589,708"
014000002026,140,01400000,Hubbardston,2026,0,0,0,37.54,0,0,0
014100002026,141,01410000,Hudson,2026,"2,414","37,349,316","23,481,576",30.44,"13,867,740","619,465","37,349,316"
014200002026,142,01420000,Hull,2026,700,"10,469,818","8,637,600",17.50,"4,180,024",0,"12,817,624"
014300002026,143,01430000,Huntington,2026,39,"741,046","304,598",54.57,"436,448","15,266","741,046"
014400002026,144,01440000,Ipswich,2026,"1,534","21,484,399","17,724,629",17.50,"4,538,746",0,"22,263,375"
014500002026,145,01450000,Kingston,2026,"1,202","16,585,038","10,539,421",28.15,"6,045,617","494,996","16,585,038"
014600002026,146,01460000,Lakeville,2026,20,"379,200","277,801",17.50,"101,399","14,981","379,200"
014700002026,147,01470000,Lancaster,2026,1,"17,354","11,992",23.39,"11,693",0,"23,685"
014800002026,148,01480000,Lanesborough,2026,0,0,0,31.49,0,0,0
014900002026,149,01490000,Lawrence,2026,"15,214","333,930,425","16,318,715",84.67,"317,611,710","31,360,899","333,930,425"
015000002026,150,01500000,Lee,2026,537,"8,801,759","7,261,451",17.50,"2,307,885",0,"9,569,336"
015100002026,151,01510000,Leicester,2026,"1,360","21,685,353","11,866,934",41.97,"11,448,367",0,"23,315,301"
015200002026,152,01520000,Lenox,2026,441,"6,520,538","5,379,444",17.50,"1,461,523",0,"6,840,967"
015300002026,153,01530000,Leominster,2026,"6,122","111,313,888","38,590,697",59.67,"72,723,191","5,952,698","111,313,888"
015400002026,154,01540000,Leverett,2026,96,"1,304,428","1,076,153",17.50,"422,288",0,"1,498,441"
015500002026,155,01550000,Lexington,2026,"6,816","94,617,837","78,059,716",17.50,"19,344,035",0,"97,403,751"
015600002026,156,01560000,Leyden,2026,0,0,0,17.50,0,0,0
015700002026,157,01570000,Lincoln,2026,610,"8,265,929","6,819,391",17.50,"1,446,538","98,520","8,265,929"
015800002026,158,01580000,Littleton,2026,"1,601","20,480,046","16,667,629",17.50,"5,259,250",0,"21,926,879"
015900002026,159,01590000,Longmeadow,2026,"2,729","35,588,989","28,680,259",17.50,"7,791,911",0,"36,472,170"
016000002026,160,01600000,Lowell,2026,"16,836","330,445,792","68,956,678",74.63,"261,489,114","18,438,068","330,445,792"
016100002026,161,01610000,Ludlow,2026,"2,201","34,386,678","19,968,467",37.06,"15,020,153",0,"34,988,620"
016200002026,162,01620000,Lunenburg,2026,"1,603","22,073,946","13,334,631",31.30,"9,229,410",0,"22,564,041"
016300002026,163,01630000,Lynn,2026,"18,512","384,629,299","67,502,992",76.60,"317,126,307","29,557,820","384,629,299"
016400002026,164,01640000,Lynnfield,2026,"2,196","28,903,113","23,204,609",17.50,"6,502,690",0,"29,707,299"
016500002026,165,01650000,Malden,2026,"6,927","130,437,793","60,667,748",46.78,"69,770,045","5,859,316","130,437,793"
016600002026,166,01660000,Manchester,2026,0,0,0,17.50,0,0,0
016700002026,167,01670000,Mansfield,2026,"3,272","45,824,587","36,857,964",17.50,"20,336,797",0,"57,194,761"
016800002026,168,01680000,Marblehead,2026,"2,552","33,445,073","27,592,185",17.50,"7,006,279",0,"34,598,464"
016900002026,169,01690000,Marion,2026,372,"5,064,173","4,004,960",17.50,"1,250,902",0,"5,255,862"
017000002026,170,01700000,Marlborough,2026,"5,378","97,477,475","45,576,532",48.32,"51,900,943","4,037,129","97,477,475"
017100002026,171,01710000,Marshfield,2026,"3,620","51,268,163","41,905,509",17.50,"16,133,973",0,"58,039,482"
017200002026,172,01720000,Mashpee,2026,"1,405","21,964,764","18,120,931",17.50,"5,216,280",0,"23,337,211"
017300002026,173,01730000,Mattapoisett,2026,364,"4,742,122","3,912,251",17.50,"1,099,653",0,"5,011,904"
017400002026,174,01740000,Maynard,2026,"1,265","18,638,399","13,605,109",19.62,"5,983,800",0,"19,588,909"
017500002026,175,01750000,Medfield,2026,"2,374","31,077,353","25,638,817",17.50,"7,255,778",0,"32,894,595"
017600002026,176,01760000,Medford,2026,"4,511","76,664,492","60,826,753",17.50,"18,554,446",0,"79,381,199"
017700002026,177,01770000,Medway,2026,"2,145","29,200,156","21,596,243",18.13,"11,364,627",0,"32,960,870"
017800002026,178,01780000,Melrose,2026,"3,985","54,259,488","43,224,298",17.50,"13,285,756",0,"56,510,054"
017900002026,179,01790000,Mendon,2026,8,"138,834","114,538",17.50,"38,052",0,"152,590"
018000002026,180,01800000,Merrimac,2026,8,"138,834","101,564",17.50,"56,805",0,"158,369"
018100002026,181,01810000,Methuen,2026,"6,767","120,570,223","49,535,858",53.20,"71,034,365","2,417,544","120,570,223"
018200002026,182,01820000,Middleborough,2026,"3,000","45,765,962","25,060,283",41.08,"23,101,805",0,"48,162,088"
018300002026,183,01830000,Middlefield,2026,3,"52,063","41,959",17.50,"13,290",0,"55,249"
018400002026,184,01840000,Middleton,2026,678,"8,953,831","7,386,911",17.50,"1,943,879",0,"9,330,790"
018500002026,185,01850000,Milford,2026,"4,791","86,368,279","31,831,621",58.52,"54,536,658","5,734,255","86,368,279"
018600002026,186,01860000,Millbury,2026,"1,583","23,480,533","15,188,966",26.23,"9,261,393",0,"24,450,359"
018700002026,187,01870000,Millis,2026,"1,081","14,821,764","12,227,955",17.50,"5,267,116",0,"17,495,071"
018800002026,188,01880000,Millville,2026,7,"121,480","58,377",45.10,"73,662",0,"132,039"
018900002026,189,01890000,Milton,2026,"4,355","58,361,211","46,814,490",17.50,"12,776,644",0,"59,591,134"
019000002026,190,01900000,Monroe,2026,20,"234,622","93,490",60.15,"141,132",550,"234,622"
019100002026,191,01910000,Monson,2026,775,"11,784,464","6,807,381",35.87,"7,867,879",0,"14,675,260"
019200002026,192,01920000,Montague,2026,1,"17,354","8,313",48.56,"9,046",0,"17,359"
019300002026,193,01930000,Monterey,2026,0,0,0,17.50,0,0,0
019400002026,194,01940000,Montgomery,2026,7,"121,480","90,244",17.50,"31,236","10,074","121,480"
019500002026,195,01950000,Mount Washington,2026,5,"50,510","41,671",17.50,"13,818",0,"55,489"
019600002026,196,01960000,Nahant,2026,245,"3,159,072","2,606,235",17.50,"622,905",0,"3,229,140"
019700002026,197,01970000,Nantucket,2026,"1,701","27,110,454","22,366,124",17.50,"4,838,877","160,603","27,205,001"
019800002026,198,01980000,Natick,2026,"5,287","70,521,737","56,626,783",17.50,"14,509,257","178,747","71,136,040"
019900002026,199,01990000,Needham,2026,"5,523","74,618,544","61,560,299",17.50,"14,721,434",0,"76,281,733"
020000002026,200,02000000,New Ashford,2026,12,"123,072","101,535",17.50,"123,072",0,"224,607"
020100002026,201,02010000,New Bedford,2026,"14,156","295,054,095","40,756,053",78.65,"254,298,042","17,966,852","295,054,095"
020200002026,202,02020000,New Braintree,2026,0,0,0,26.77,0,0,0
020300002026,203,02030000,Newbury,2026,1,"17,830","14,710",17.50,"16,934",0,"31,644"
020400002026,204,02040000,Newburyport,2026,"2,037","26,732,482","22,054,297",17.50,"6,192,935",0,"28,247,232"
020500002026,205,02050000,New Marlborough,2026,0,0,0,17.50,0,0,0
020600002026,206,02060000,New Salem,2026,0,0,0,24.66,0,0,0
020700002026,207,02070000,Newton,2026,"11,630","163,854,443","135,179,915",17.50,"30,401,034","17,994","165,580,949"
020800002026,208,02080000,Norfolk,2026,"1,029","13,116,178","10,294,403",17.50,"3,873,979",0,"14,168,382"
020900002026,209,02090000,North Adams,2026,"1,254","22,791,831","6,084,549",71.37,"16,707,282","288,456","22,791,831"
021000002026,210,02100000,Northampton,2026,"2,602","37,433,635","30,204,769",17.50,"8,619,389",0,"38,824,158"
021100002026,211,02110000,North Andover,2026,"4,433","61,037,819","49,916,865",17.50,"13,071,489",0,"62,988,354"
021200002026,212,02120000,North Attleborough,2026,"3,838","52,893,827","36,308,302",23.86,"22,282,527",0,"58,590,829"
021300002026,213,02130000,Northborough,2026,"1,587","20,570,416","16,970,593",17.50,"4,644,408",0,"21,615,001"
021400002026,214,02140000,Northbridge,2026,"1,900","28,797,160","16,088,295",34.43,"16,390,353",0,"32,478,648"
021500002026,215,02150000,North Brookfield,2026,551,"8,296,193","3,734,618",47.37,"5,046,966",0,"8,781,584"
021600002026,216,02160000,Northfield,2026,0,0,0,17.50,0,0,0
021700002026,217,02170000,North Reading,2026,"2,262","30,731,201","24,625,659",17.50,"8,066,587",0,"32,692,246"
021800002026,218,02180000,Norton,2026,"2,143","30,090,006","23,659,419",17.50,"13,707,982",0,"37,367,401"
021900002026,219,02190000,Norwell,2026,"2,115","27,721,330","22,870,097",17.50,"5,549,338",0,"28,419,435"
022000002026,220,02200000,Norwood,2026,"3,637","59,825,304","41,305,173",17.50,"18,520,131","1,103,545","59,825,304"
022100002026,221,02210000,Oak Bluffs,2026,390,"6,005,152","4,954,251",17.50,"2,053,849",0,"7,008,100"
022200002026,222,02220000,Oakham,2026,0,0,0,35.63,0,0,0
022300002026,223,02230000,Orange,2026,511,"9,107,782","2,457,008",69.51,"7,047,875",0,"9,504,883"
022400002026,224,02240000,Orleans,2026,150,"2,277,163","1,878,659",17.50,"492,134",0,"2,370,793"
022500002026,225,02250000,Otis,2026,0,0,0,17.50,0,0,0
022600002026,226,02260000,Oxford,2026,"1,523","24,166,880","12,243,821",43.55,"12,453,663",0,"24,697,484"
022700002026,227,02270000,Palmer,2026,"1,219","20,132,069","7,960,370",57.09,"12,171,699","326,645","20,132,069"
022800002026,228,02280000,Paxton,2026,0,0,0,26.86,0,0,0
022900002026,229,02290000,Peabody,2026,"5,850","98,600,552","60,475,751",32.18,"38,124,801","1,052,081","98,600,552"
023000002026,230,02300000,Pelham,2026,65,"994,542","701,943",17.95,"292,599","37,784","994,542"
023100002026,231,02310000,Pembroke,2026,"2,437","33,498,160","26,492,804",17.50,"14,632,674",0,"41,125,478"
023200002026,232,02320000,Pepperell,2026,0,0,0,32.20,0,0,0
023300002026,233,02330000,Peru,2026,6,"104,126","46,233",51.44,"91,030",0,"137,263"
023400002026,234,02340000,Petersham,2026,100,"1,523,839","809,811",32.87,"714,028","176,278","1,523,839"
023500002026,235,02350000,Phillipston,2026,0,0,0,39.81,0,0,0
023600002026,236,02360000,Pittsfield,2026,"5,576","104,024,895","35,574,534",62.71,"68,450,361","4,489,402","104,024,895"
023700002026,237,02370000,Plainfield,2026,9,"156,189","103,133",33.97,"53,056","15,625","156,189"
023800002026,238,02380000,Plainville,2026,650,"9,318,022","7,105,163",17.50,"3,190,373",0,"10,295,536"
023900002026,239,02390000,Plymouth,2026,"7,381","115,252,250","92,866,994",17.50,"30,162,897",0,"123,029,891"
024000002026,240,02400000,Plympton,2026,258,"3,562,009","2,543,035",23.18,"1,145,742",0,"3,688,777"
024100002026,241,02410000,Princeton,2026,0,0,0,17.50,0,0,0
024200002026,242,02420000,Provincetown,2026,94,"1,658,444","1,368,216",17.50,"328,599",0,"1,696,815"
024300002026,243,02430000,Quincy,2026,"9,851","177,359,600","135,165,569",17.50,"47,604,553",0,"182,770,122"
024400002026,244,02440000,Randolph,2026,"3,265","60,202,190","29,584,825",42.10,"30,617,365","4,702,381","60,202,190"
024500002026,245,02450000,Raynham,2026,0,0,0,34.82,0,0,0
024600002026,246,02460000,Reading,2026,"3,663","48,771,409","40,236,412",17.50,"12,326,033",0,"52,562,445"
024700002026,247,02470000,Rehoboth,2026,0,0,0,17.50,0,0,0
024800002026,248,02480000,Revere,2026,"7,962","159,415,532","52,200,934",59.13,"107,214,598","5,020,833","159,415,532"
024900002026,249,02490000,Richmond,2026,123,"1,789,485","1,476,325",17.50,"553,593",0,"2,029,918"
025000002026,250,02500000,Rochester,2026,473,"6,154,033","4,242,497",20.74,"2,537,232",0,"6,779,729"
025100002026,251,02510000,Rockland,2026,"2,203","37,854,417","17,961,039",46.94,"19,893,378","1,128,498","37,854,417"
025200002026,252,02520000,Rockport,2026,520,"7,625,722","6,291,221",17.50,"1,726,466",0,"8,017,687"
025300002026,253,02530000,Rowe,2026,41,"704,405","581,134",17.50,"156,995",0,"738,129"
025400002026,254,02540000,Rowley,2026,5,"89,152","73,551",17.50,"34,649",0,"108,200"
025500002026,255,02550000,Royalston,2026,0,0,0,35.35,0,0,0
025600002026,256,02560000,Russell,2026,24,"448,617","193,038",47.65,"255,579","48,154","448,617"
025700002026,257,02570000,Rutland,2026,0,0,0,48.21,0,0,0
025800002026,258,02580000,Salem,2026,"4,278","79,288,062","48,249,759",28.54,"31,038,303","1,395,987","79,288,062"
025900002026,259,02590000,Salisbury,2026,3,"52,063","42,952",17.50,"14,443",0,"57,395"
026000002026,260,02600000,Sandisfield,2026,0,0,0,17.50,0,0,0
026100002026,261,02610000,Sandwich,2026,"2,162","29,672,861","24,480,111",17.50,"8,063,976",0,"32,544,087"
026200002026,262,02620000,Saugus,2026,"3,018","50,782,366","34,611,764",17.50,"16,170,602","2,104,711","50,782,366"
026300002026,263,02630000,Savoy,2026,36,"599,225","419,808",22.22,"531,339",0,"951,147"
026400002026,264,02640000,Scituate,2026,"2,716","35,753,575","29,496,699",17.50,"7,234,435",0,"36,731,134"
026500002026,265,02650000,Seekonk,2026,"2,040","27,170,412","20,374,751",20.91,"8,276,778",0,"28,651,529"
026600002026,266,02660000,Sharon,2026,"3,420","46,223,465","36,996,923",17.50,"11,377,366",0,"48,374,289"
026700002026,267,02670000,Sheffield,2026,5,"86,771","71,586",17.50,"15,185","1,015","86,771"
026800002026,268,02680000,Shelburne,2026,0,0,0,21.07,0,0,0
026900002026,269,02690000,Sherborn,2026,398,"5,048,450","4,164,971",17.50,"948,465",0,"5,113,436"
027000002026,270,02700000,Shirley,2026,0,0,0,33.60,0,0,0
027100002026,271,02710000,Shrewsbury,2026,"5,945","80,350,323","64,461,566",17.50,"22,487,010",0,"86,948,576"
027200002026,272,02720000,Shutesbury,2026,106,"1,485,215","941,768",32.72,"672,182",0,"1,613,950"
027300002026,273,02730000,Somerset,2026,"1,606","22,010,520","11,879,285",37.74,"11,039,877",0,"22,919,162"
027400002026,274,02740000,Somerville,2026,"5,155","95,463,550","78,757,428",17.50,"22,553,482",0,"101,310,910"
027500002026,275,02750000,Southampton,2026,476,"6,438,164","4,736,509",23.68,"2,742,798",0,"7,479,307"
027600002026,276,02760000,Southborough,2026,"1,218","15,401,749","12,482,147",17.50,"3,473,063",0,"15,955,210"
027700002026,277,02770000,Southbridge,2026,"2,242","44,392,356","10,094,448",73.93,"34,297,908","2,025,413","44,392,356"
027800002026,278,02780000,South Hadley,2026,"1,798","26,607,493","16,689,854",30.74,"11,136,899",0,"27,826,753"
027900002026,279,02790000,Southwick,2026,35,"671,629","451,570",26.16,"220,059","110,044","671,629"
028000002026,280,02800000,Spencer,2026,2,"34,709","15,612",48.26,"34,709",0,"50,321"
028100002026,281,02810000,Springfield,2026,"28,380","600,170,350","54,330,699",85.07,"545,839,651","39,720,187","600,170,350"
028200002026,282,02820000,Sterling,2026,0,0,0,17.50,0,0,0
028300002026,283,02830000,Stockbridge,2026,0,0,0,17.50,0,0,0
028400002026,284,02840000,Stoneham,2026,"2,511","35,320,287","27,572,799",17.50,"7,891,703","232,435","35,464,502"
028500002026,285,02850000,Stoughton,2026,"3,860","65,412,011","33,998,047",42.40,"31,413,964","2,819,434","65,412,011"
028600002026,286,02860000,Stow,2026,0,0,0,17.50,0,0,0
028700002026,287,02870000,Sturbridge,2026,827,"10,928,183","6,377,304",37.57,"5,304,154",0,"11,681,458"
028800002026,288,02880000,Sudbury,2026,"2,492","30,743,352","24,941,706",17.50,"6,192,244",0,"31,133,950"
028900002026,289,02890000,Sunderland,2026,142,"2,093,428","1,712,476",17.50,"931,556",0,"2,644,032"
029000002026,290,02900000,Sutton,2026,"1,280","17,087,860","14,097,484",17.50,"5,997,981",0,"20,095,465"
029100002026,291,02910000,Swampscott,2026,"2,055","28,287,967","22,504,337",17.50,"5,783,630","439,690","28,287,967"
029200002026,292,02920000,Swansea,2026,"1,999","27,821,964","18,113,997",27.98,"11,323,738",0,"29,437,735"
029300002026,293,02930000,Taunton,2026,"8,457","153,498,975","48,056,845",63.14,"105,442,130","10,476,516","153,498,975"
029400002026,294,02940000,Templeton,2026,1,"17,354","5,861",57.82,"11,493",416,"17,354"
029500002026,295,02950000,Tewksbury,2026,"3,274","44,323,387","35,797,036",17.50,"14,642,447",0,"50,439,483"
029600002026,296,02960000,Tisbury,2026,393,"6,110,458","5,041,128",17.50,"1,736,199",0,"6,777,327"
029700002026,297,02970000,Tolland,2026,0,0,0,17.50,0,0,0
029800002026,298,02980000,Topsfield,2026,552,"6,879,714","5,572,112",17.50,"1,635,187",0,"7,207,299"
029900002026,299,02990000,Townsend,2026,0,0,0,41.29,0,0,0
030000002026,300,03000000,Truro,2026,155,"2,145,079","1,769,689",17.50,"470,826",0,"2,240,515"
030100002026,301,03010000,Tyngsborough,2026,"1,567","21,820,277","15,537,955",19.44,"8,055,660",0,"23,593,615"
030200002026,302,03020000,Tyringham,2026,35,"415,290","342,614",17.50,"72,676","15,514","415,290"
030300002026,303,03030000,Upton,2026,9,"156,189","125,121",17.50,"39,979",0,"165,100"
030400002026,304,03040000,Uxbridge,2026,"1,604","22,882,210","17,241,412",17.50,"10,102,020",0,"27,343,432"
030500002026,305,03050000,Wakefield,2026,"3,397","46,900,988","37,837,354",17.50,"9,402,623","170,561","47,239,977"
030600002026,306,03060000,Wales,2026,104,"1,672,912","662,192",53.17,"1,203,868",0,"1,866,060"
030700002026,307,03070000,Walpole,2026,"3,589","48,588,432","40,085,457",17.50,"10,801,800",0,"50,887,257"
030800002026,308,03080000,Waltham,2026,"5,815","111,848,741","85,467,815",17.50,"26,380,926","2,068,989","111,848,741"
030900002026,309,03090000,Ware,2026,"1,213","21,252,179","6,508,279",65.54,"14,743,900","636,562","21,252,179"
031000002026,310,03100000,Wareham,2026,"2,220","38,595,665","24,257,628",29.68,"16,793,832",0,"41,051,460"
031100002026,311,03110000,Warren,2026,1,"17,354","5,565",64.50,"11,789",143,"17,354"
031200002026,312,03120000,Warwick,2026,46,"594,997","490,873",17.50,"392,384",0,"883,257"
031300002026,313,03130000,Washington,2026,5,"86,771","64,812",23.02,"37,233",0,"102,045"
031400002026,314,03140000,Watertown,2026,"2,825","45,294,899","37,368,292",17.50,"8,513,866",0,"45,882,158"
031500002026,315,03150000,Wayland,2026,"2,700","35,459,918","28,984,466",17.50,"7,949,860",0,"36,934,326"
031600002026,316,03160000,Webster,2026,"1,916","35,685,384","14,323,563",53.06,"21,361,821","1,283,125","35,685,384"
031700002026,317,03170000,Wellesley,2026,"3,982","53,406,328","44,060,220",17.50,"10,942,336",0,"55,002,556"
031800002026,318,03180000,Wellfleet,2026,95,"1,341,102","1,106,410",17.50,"327,563",0,"1,433,973"
031900002026,319,03190000,Wendell,2026,0,0,0,55.23,0,0,0
032000002026,320,03200000,Wenham,2026,0,0,0,17.50,0,0,0
032100002026,321,03210000,Westborough,2026,"3,770","51,329,833","40,916,886",17.50,"12,875,256",0,"53,792,142"
032200002026,322,03220000,West Boylston,2026,839,"12,268,268","9,365,042",17.50,"3,370,195",0,"12,735,237"
032300002026,323,03230000,West Bridgewater,2026,"1,141","16,002,952","9,541,306",33.33,"7,102,423",0,"16,643,729"
032400002026,324,03240000,West Brookfield,2026,27,"500,680","291,447",34.90,"328,719",0,"620,166"
032500002026,325,03250000,Westfield,2026,"4,730","80,715,329","35,572,719",53.39,"45,142,610","1,113,547","80,715,329"
032600002026,326,03260000,Westford,2026,"4,511","58,121,126","45,508,445",17.50,"18,982,269",0,"64,490,714"
032700002026,327,03270000,Westhampton,2026,91,"1,313,472","1,083,615",17.50,"514,848",0,"1,598,463"
032800002026,328,03280000,Westminster,2026,0,0,0,32.85,0,0,0
032900002026,329,03290000,West Newbury,2026,3,"52,063","42,952",17.50,"13,151",0,"56,103"
033000002026,330,03300000,Weston,2026,"2,045","27,475,067","22,666,930",17.50,"4,962,659","152,228","27,629,589"
033100002026,331,03310000,Westport,2026,"1,557","22,861,328","17,959,571",17.50,"5,829,452",0,"23,789,023"
033200002026,332,03320000,West Springfield,2026,"4,111","72,601,734","25,460,932",59.75,"47,140,802","2,784,695","72,601,734"
033300002026,333,03330000,West Stockbridge,2026,0,0,0,17.50,0,0,0
033400002026,334,03340000,West Tisbury,2026,0,0,0,17.50,0,0,0
033500002026,335,03350000,Westwood,2026,"2,844","37,402,634","30,857,173",17.50,"7,796,626",0,"38,653,799"
033600002026,336,03360000,Weymouth,2026,"5,832","95,705,608","73,567,640",17.50,"30,801,983",0,"104,369,623"
033700002026,337,03370000,Whately,2026,92,"1,207,817","966,499",19.85,"351,983",0,"1,318,482"
033800002026,338,03380000,Whitman,2026,17,"327,137","152,786",46.34,"174,351","34,214","327,137"
033900002026,339,03390000,Wilbraham,2026,0,0,0,31.28,0,0,0
034000002026,340,03400000,Williamsburg,2026,119,"1,785,678","1,318,975",22.34,"875,431",0,"2,194,406"
034100002026,341,03410000,Williamstown,2026,0,0,0,17.50,0,0,0
034200002026,342,03420000,Wilmington,2026,"2,778","37,975,002","31,329,376",17.50,"12,602,570",0,"43,931,946"
034300002026,343,03430000,Winchendon,2026,"1,286","21,245,551","6,850,740",62.08,"14,394,811","259,309","21,245,551"
034400002026,344,03440000,Winchester,2026,"4,398","58,362,713","47,287,902",17.50,"11,388,803","345,708","58,676,705"
034500002026,345,03450000,Windsor,2026,7,"121,480","92,496",17.50,"28,984","2,522","121,480"
034600002026,346,03460000,Winthrop,2026,"1,996","31,680,910","21,322,094",20.74,"10,448,196","210,020","31,770,290"
034700002026,347,03470000,Woburn,2026,"4,600","75,539,782","60,461,178",17.50,"15,419,389","349,215","75,880,567"
034800002026,348,03480000,Worcester,2026,"27,173","547,442,459","135,663,200",70.62,"411,779,259","34,339,589","547,442,459"
034900002026,349,03490000,Worthington,2026,122,"1,728,157","1,251,748",17.50,"495,642",0,"1,747,390"
035000002026,350,03500000,Wrentham,2026,934,"12,166,663","9,726,662",17.50,"4,163,597",0,"13,890,259"
035100002026,351,03510000,Yarmouth,2026,0,0,0,17.50,0,0,0
040600002026,406,04060000,Northampton-Smith Vocational Agricultural,2026,139,"4,432,463","3,576,504",17.50,"963,771",0,"4,540,275"
060000002026,600,06000000,Acton-Boxborough,2026,"4,948","67,984,250","54,629,970",17.50,"17,200,971",0,"71,830,941"
060300002026,603,06030000,Adams-Cheshire,2026,"1,145","19,020,586","6,761,402",59.64,"12,259,184","428,501","19,020,586"
060500002026,605,06050000,Amherst-Pelham,2026,"1,249","18,849,216","14,679,318",18.68,"10,072,811",0,"24,752,129"
061000002026,610,06100000,Ashburnham-Westminster,2026,"2,225","30,580,475","15,663,508",39.36,"16,262,637",0,"31,926,145"
061500002026,615,06150000,Athol-Royalston,2026,"1,789","30,499,121","4,978,559",67.49,"25,520,562","756,413","30,499,121"
061600002026,616,06160000,Ayer Shirley,2026,"1,759","25,842,986","16,955,476",27.84,"8,993,333","158,027","25,948,809"
061800002026,618,06180000,Berkshire Hills,2026,906,"15,467,725","12,390,650",17.50,"3,534,168",0,"15,924,818"
062000002026,620,06200000,Berlin-Boylston,2026,"1,056","14,031,142","10,881,875",17.50,"3,149,921","157,746","14,031,796"
062200002026,622,06220000,Blackstone-Millville,2026,"1,612","23,905,844","11,825,836",45.89,"12,080,008","685,891","23,905,844"
062500002026,625,06250000,Bridgewater-Raynham,2026,"5,748","81,321,445","47,111,455",34.14,"34,209,990","2,681,281","81,321,445"
063200002026,632,06320000,Chesterfield-Goshen,2026,104,"1,502,410","1,079,394",23.69,"796,622",0,"1,876,016"
063500002026,635,06350000,Central Berkshire,2026,"1,492","23,071,177","13,012,711",38.89,"10,080,937","201,329","23,093,648"
064000002026,640,06400000,Concord-Carlisle,2026,"1,232","17,837,825","14,716,205",17.50,"3,610,473",0,"18,326,678"
064500002026,645,06450000,Dennis-Yarmouth,2026,"3,324","57,336,714","43,380,429",17.50,"13,956,285","1,382,775","57,336,714"
065000002026,650,06500000,Dighton-Rehoboth,2026,"2,579","35,471,876","25,042,984",24.96,"14,005,428",0,"39,048,412"
065500002026,655,06550000,Dover-Sherborn,2026,"1,123","15,210,778","12,548,892",17.50,"2,942,852",0,"15,491,744"
065800002026,658,06580000,Dudley-Charlton,2026,"3,299","48,781,145","23,854,252",42.16,"25,823,037",0,"49,677,289"
066000002026,660,06600000,Nauset,2026,"1,150","17,601,486","14,521,226",17.50,"4,000,729",0,"18,521,955"
066200002026,662,06620000,Farmington River,2026,221,"3,326,329","2,656,624",17.50,"768,194",0,"3,424,818"
066500002026,665,06650000,Freetown-Lakeville,2026,"2,620","35,189,823","26,172,762",17.50,"12,333,339",0,"38,506,101"
067000002026,670,06700000,Frontier,2026,472,"6,828,930","5,601,508",17.77,"3,053,027",0,"8,654,535"
067200002026,672,06720000,Gateway,2026,746,"11,870,405","6,060,069",42.34,"6,340,830",0,"12,400,899"
067300002026,673,06730000,Groton-Dunstable,2026,"2,236","28,651,581","23,386,350",17.50,"11,831,303",0,"35,217,653"
067400002026,674,06740000,Gill-Montague,2026,916,"15,531,171","7,651,849",47.15,"8,069,823",0,"15,721,672"
067500002026,675,06750000,Hamilton-Wenham,2026,"1,654","21,512,127","17,323,711",17.50,"4,436,892",0,"21,760,603"
068000002026,680,06800000,Hampden-Wilbraham,2026,"2,757","38,161,302","25,909,172",28.53,"13,043,530",0,"38,952,702"
068300002026,683,06830000,Hampshire,2026,580,"8,287,101","6,172,310",22.77,"3,510,417",0,"9,682,727"
068500002026,685,06850000,Hawlemont,2026,85,"1,294,415","763,034",31.54,"669,970",0,"1,433,004"
069000002026,690,06900000,King Philip,2026,"1,933","27,019,358","21,201,197",17.50,"8,379,178",0,"29,580,375"
069500002026,695,06950000,Lincoln-Sudbury,2026,"1,497","20,881,710","16,977,621",17.50,"4,225,817",0,"21,203,438"
069800002026,698,06980000,Manchester Essex,2026,"1,108","14,962,591","12,344,138",17.50,"3,514,666",0,"15,858,804"
070000002026,700,07000000,Marthas Vineyard,2026,791,"15,074,659","12,436,593",17.50,"3,749,388",0,"16,185,981"
070500002026,705,07050000,Masconomet,2026,"1,513","20,779,055","16,861,796",17.50,"5,842,553",0,"22,704,349"
071000002026,710,07100000,Mendon-Upton,2026,"1,926","25,324,619","20,544,075",17.50,"13,252,594",0,"33,796,669"
071200002026,712,07120000,Monomoy,2026,"1,611","25,246,168","20,828,088",17.50,"4,624,715","35,015","25,452,803"
071500002026,715,07150000,Mount Greylock,2026,"1,074","14,836,488","10,778,769",22.30,"5,133,546",0,"15,912,315"
071700002026,717,07170000,Mohawk Trail,2026,750,"11,931,881","7,388,641",34.96,"6,372,134",0,"13,760,775"
072000002026,720,07200000,Narragansett,2026,"1,347","20,521,967","7,481,050",55.17,"13,040,917","561,748","20,521,967"
072500002026,725,07250000,Nashoba,2026,"3,005","40,212,645","31,151,239",19.43,"10,547,898",0,"41,699,137"
072800002026,728,07280000,New Salem-Wendell,2026,98,"1,547,562","787,485",42.26,"938,840",0,"1,726,325"
073000002026,730,07300000,Northboro-Southboro,2026,"1,228","17,307,313","14,180,068",17.50,"3,673,616",0,"17,853,684"
073500002026,735,07350000,North Middlesex,2026,"2,993","42,024,594","23,346,390",36.47,"21,623,879",0,"44,970,269"
074000002026,740,07400000,Old Rochester,2026,958,"14,030,213","10,781,799",18.59,"3,710,721",0,"14,492,520"
074500002026,745,07450000,Pentucket,2026,"2,278","29,838,476","22,525,700",18.04,"14,101,990",0,"36,627,690"
075000002026,750,07500000,Pioneer Valley,2026,533,"7,711,983","5,108,508",26.24,"4,151,899",0,"9,260,407"
075300002026,753,07530000,Quabbin,2026,"1,882","27,830,416","13,366,628",44.13,"17,421,662",0,"30,788,290"
075500002026,755,07550000,Ralph C Mahar,2026,548,"9,593,236","3,082,090",63.05,"6,511,146","233,976","9,593,236"
076000002026,760,07600000,Silver Lake,2026,"1,732","27,216,763","16,840,436",30.72,"10,796,658",0,"27,637,094"
076300002026,763,07630000,Somerset Berkley,2026,896,"13,826,083","7,668,488",37.04,"7,204,101",0,"14,872,589"
076500002026,765,07650000,Southern Berkshire,2026,626,"9,453,534","7,799,165",17.50,"2,243,595",0,"10,042,760"
076600002026,766,07660000,Southwick-Tolland-Granville,2026,"1,204","18,134,822","12,301,434",25.73,"10,169,546",0,"22,470,980"
076700002026,767,07670000,Spencer-E Brookfield,2026,"1,511","25,189,505","11,570,866",47.50,"14,306,180",0,"25,877,046"
077000002026,770,07700000,Tantasqua,2026,"1,516","24,773,777","13,624,328",40.38,"11,688,349",0,"25,312,677"
077300002026,773,07730000,Triton,2026,"2,092","30,165,611","24,886,629",17.50,"9,645,085",0,"34,531,714"
077400002026,774,07740000,Up-Island,2026,378,"5,263,776","4,342,615",17.50,"1,064,412",0,"5,407,027"
077500002026,775,07750000,Wachusett,2026,"6,685","87,973,601","53,489,620",33.46,"37,561,713",0,"91,051,333"
077800002026,778,07780000,Quaboag,2026,"1,029","16,872,432","7,171,361",52.68,"10,600,015",0,"17,771,376"
078000002026,780,07800000,Whitman-Hanson,2026,"3,449","49,842,836","26,380,549",39.95,"26,188,146",0,"52,568,695"
080100002026,801,08010000,Assabet Valley Regional Vocational Technical,2026,"1,083","25,966,110","14,882,442",37.54,"11,083,668","1,235,187","25,966,110"
080500002026,805,08050000,Blackstone Valley Regional Vocational Technical,2026,"1,257","25,246,170","15,870,390",31.06,"9,595,822",0,"25,466,212"
080600002026,806,08060000,Blue Hills Regional Vocational Technical,2026,910,"20,652,851","13,010,907",29.75,"7,641,944","166,277","20,652,851"
081000002026,810,08100000,Bristol-Plymouth Regional Vocational Technical,2026,"1,374","28,536,807","14,173,615",44.22,"14,666,169",0,"28,839,784"
081500002026,815,08150000,Cape Cod Regional Vocational Technical,2026,685,"15,008,925","11,758,669",17.50,"3,579,390",0,"15,338,059"
081700002026,817,08170000,Essex North Shore,2026,"1,487","31,042,516","22,376,292",23.27,"8,666,224","574,444","31,042,516"
081800002026,818,08180000,Franklin County Regional Vocational Technical,2026,591,"13,399,888","7,200,970",42.69,"6,198,918","181,841","13,399,888"
082100002026,821,08210000,Greater Fall River Regional Vocational Technical,2026,"1,480","33,636,942","9,803,875",64.46,"23,833,067","788,436","33,636,942"
082300002026,823,08230000,Greater Lawrence Regional Vocational Technical,2026,"1,840","50,261,021","8,813,599",73.66,"41,447,422","3,176,868","50,261,021"
082500002026,825,08250000,Greater New Bedford Regional Vocational Technical,2026,"2,163","51,145,207","14,241,953",65.67,"36,903,254","1,460,160","51,145,207"
082800002026,828,08280000,Greater Lowell Regional Vocational Technical,2026,"2,363","55,200,722","16,870,122",63.81,"38,330,600","646,793","55,200,722"
082900002026,829,08290000,South Middlesex Regional Vocational Technical,2026,894,"21,738,500","11,824,771",40.21,"9,913,729","849,909","21,738,500"
083000002026,830,08300000,Minuteman Regional Vocational Technical,2026,635,"13,776,715","10,866,591",18.05,"3,142,029",0,"14,008,620"
083200002026,832,08320000,Montachusett Regional Vocational Technical,2026,"1,488","30,990,414","12,227,609",53.42,"18,762,805","290,597","30,990,414"
085100002026,851,08510000,Northern Berkshire Regional Vocational Technical,2026,477,"10,864,146","4,022,650",59.04,"7,106,152",0,"11,128,802"
085200002026,852,08520000,Nashoba Valley Regional Vocational Technical,2026,764,"16,066,338","11,216,924",25.37,"5,001,664",0,"16,218,588"
085300002026,853,08530000,Northeast Metropolitan Regional Vocational Technical,2026,"1,381","34,145,598","17,952,021",41.11,"16,193,577","910,894","34,145,598"
085500002026,855,08550000,Old Colony Regional Vocational Technical,2026,557,"11,281,890","7,358,019",26.62,"4,312,665",0,"11,670,684"
086000002026,860,08600000,Pathfinder Regional Vocational Technical,2026,637,"14,168,219","6,336,903",50.42,"7,831,316","147,311","14,168,219"
087100002026,871,08710000,Shawsheen Valley Regional Vocational Technical,2026,"1,282","26,234,729","21,239,717",17.50,"6,995,373",0,"28,235,090"
087200002026,872,08720000,Southeastern Regional Vocational Technical,2026,"1,702","38,734,575","14,188,183",58.66,"24,546,392","1,384,420","38,734,575"
087300002026,873,08730000,South Shore Regional Vocational Technical,2026,679,"14,594,489","8,885,161",34.09,"5,963,097",0,"14,848,258"
087600002026,876,08760000,Southern Worcester County Regional Vocational Technical,2026,"1,236","26,179,601","11,613,795",49.20,"14,644,387","106,819","26,258,182"
087800002026,878,08780000,Tri County Regional Vocational Technical,2026,993,"21,387,429","16,145,057",19.46,"6,100,766",0,"22,245,823"
087900002026,879,08790000,Upper Cape Cod Regional Vocational Technical,2026,870,"19,100,970","14,663,624",20.93,"4,720,060",0,"19,383,684"
088500002026,885,08850000,Whittier Regional Vocational Technical,2026,"1,283","28,238,744","14,285,371",43.16,"13,953,373","432,958","28,238,744"
091000002026,910,09100000,Bristol County Agricultural,2026,527,"11,148,674","5,907,819",41.15,"5,240,855","92,139","11,148,674"
091500002026,915,09150000,Norfolk County Agricultural,2026,263,"5,991,944","4,480,349",20.60,"1,531,455","19,590","6,011,804"
